"id","user_id","recorded_at","latitude","longitude","accuracy","speed","heading","altitude","activity_type","activity_confidence","is_moving","battery_level","is_charging","distance_from_previous","created_at"
"119075",8558,"2026-03-06 19:29:03.184+00","40.18487980","71.73632560",NULL,"0.07",NULL,NULL,NULL,NULL,False,NULL,NULL,"8.51","2026-03-06 19:29:05.25932+00"
"119074",8558,"2026-03-06 19:20:44.202+00","40.18487270","71.73642540",NULL,"0.08",NULL,NULL,NULL,NULL,False,NULL,NULL,"20.41","2026-03-06 19:20:45.28146+00"
"119073",8558,"2026-03-06 19:20:25.269+00","40.18469030","71.73639890",NULL,"0.18",NULL,NULL,NULL,NULL,False,NULL,NULL,"21.07","2026-03-06 19:20:26.401199+00"
"119072",8558,"2026-03-06 19:20:22.993+00","40.18450340","71.73644000",NULL,"0.00",NULL,NULL,NULL,NULL,False,NULL,NULL,"57.97","2026-03-06 19:20:24.196323+00"
"119071",8558,"2026-03-06 16:38:33.171+00","40.18499330","71.73620670",NULL,"0.28",NULL,NULL,NULL,NULL,False,NULL,NULL,"10.07","2026-03-06 18:01:59.085862+00"
"119070",8558,"2026-03-06 16:38:17.167+00","40.18505500","71.73612000",NULL,"0.22",NULL,NULL,NULL,NULL,False,NULL,NULL,"10.17","2026-03-06 18:01:59.085862+00"
"119069",8558,"2026-03-06 16:38:09.167+00","40.18499330","71.73603170",NULL,"0.15",NULL,NULL,NULL,NULL,False,NULL,NULL,"32.83","2026-03-06 18:01:59.085862+00"
"119068",8558,"2026-03-06 16:38:08.521+00","40.18471670","71.73589670",NULL,"0.18",NULL,NULL,NULL,NULL,False,NULL,NULL,"41.79","2026-03-06 18:01:59.08586+00"
"119066",8558,"2026-03-06 16:38:07.172+00","40.18500000","71.73622000",NULL,"0.43",NULL,NULL,NULL,NULL,False,NULL,NULL,"20.08","2026-03-06 18:01:59.085859+00"
"119067",8558,"2026-03-06 16:38:07.172+00","40.18500000","71.73622000",NULL,"0.43",NULL,NULL,NULL,NULL,False,NULL,NULL,"0.00","2026-03-06 18:01:59.085859+00"
"119065",8558,"2026-03-06 16:35:00.166+00","40.18484830","71.73609170",NULL,"2.58",NULL,NULL,NULL,NULL,False,NULL,NULL,"23.96","2026-03-06 18:01:59.085859+00"
"119064",8558,"2026-03-06 16:34:54.167+00","40.18502830","71.73593670",NULL,"3.01",NULL,NULL,NULL,NULL,False,NULL,NULL,"22.43","2026-03-06 18:01:59.085858+00"
"119063",8558,"2026-03-06 16:34:50.169+00","40.18523000","71.73593830",NULL,"7.27",NULL,NULL,NULL,NULL,False,NULL,NULL,"24.46","2026-03-06 18:01:59.085858+00"
"119062",8558,"2026-03-06 16:34:46.17+00","40.18545000","71.73593670",NULL,"5.21",NULL,NULL,NULL,NULL,False,NULL,NULL,"24.15","2026-03-06 18:01:59.085858+00"
"119060",8558,"2026-03-06 16:34:42.169+00","40.18566330","71.73588330",NULL,"6.17",NULL,NULL,NULL,NULL,False,NULL,NULL,"15.23","2026-03-06 18:01:59.085857+00"
"119061",8558,"2026-03-06 16:34:42.169+00","40.18566330","71.73588330",NULL,"6.17",NULL,NULL,NULL,NULL,False,NULL,NULL,"0.00","2026-03-06 18:01:59.085857+00"
"119059",8558,"2026-03-06 16:34:36.938+00","40.18580000","71.73587170",NULL,"0.00",NULL,NULL,NULL,NULL,False,NULL,NULL,"14.25","2026-03-06 18:01:59.085857+00"
"119057",8558,"2026-03-06 16:34:36.165+00","40.18568670","71.73595000",NULL,"2.36",NULL,NULL,NULL,NULL,False,NULL,NULL,"40.44","2026-03-06 18:01:59.085856+00"
"119058",8558,"2026-03-06 16:34:36.165+00","40.18568670","71.73595000",NULL,"2.36",NULL,NULL,NULL,NULL,False,NULL,NULL,"0.00","2026-03-06 18:01:59.085857+00"
"119055",8558,"2026-03-06 16:34:34.169+00","40.18603830","71.73582830",NULL,"2.55",NULL,NULL,NULL,NULL,False,NULL,NULL,"31.32","2026-03-06 18:01:59.085855+00"
"119056",8558,"2026-03-06 16:34:34.169+00","40.18603830","71.73582830",NULL,"2.55",NULL,NULL,NULL,NULL,False,NULL,NULL,"0.00","2026-03-06 18:01:59.085856+00"
"119053",8558,"2026-03-06 16:34:29.171+00","40.18577670","71.73569170",NULL,"11.58",NULL,NULL,NULL,NULL,False,NULL,NULL,"46.78","2026-03-06 18:01:59.085852+00"
"119054",8558,"2026-03-06 16:34:29.171+00","40.18577670","71.73569170",NULL,"11.58",NULL,NULL,NULL,NULL,False,NULL,NULL,"0.00","2026-03-06 18:01:59.085855+00"
"119052",8558,"2026-03-06 16:34:26.169+00","40.18536670","71.73556830",NULL,"17.10",NULL,NULL,NULL,NULL,False,NULL,NULL,"57.51","2026-03-06 18:01:59.085851+00"
"119050",8558,"2026-03-06 16:34:23.167+00","40.18488170","71.73533330",NULL,"14.51",NULL,NULL,NULL,NULL,False,NULL,NULL,"31.92","2026-03-06 18:01:58.810036+00"
"119051",8558,"2026-03-06 16:34:23.167+00","40.18488170","71.73533330",NULL,"14.51",NULL,NULL,NULL,NULL,False,NULL,NULL,"0.00","2026-03-06 18:01:59.08585+00"
"119049",8558,"2026-03-06 16:34:21.168+00","40.18460330","71.73524170",NULL,"11.60",NULL,NULL,NULL,NULL,False,NULL,NULL,"32.14","2026-03-06 18:01:58.810036+00"
"119047",8558,"2026-03-06 16:34:19.17+00","40.18431830","71.73517830",NULL,"8.50",NULL,NULL,NULL,NULL,False,NULL,NULL,"23.04","2026-03-06 18:01:58.810036+00"
"119048",8558,"2026-03-06 16:34:19.17+00","40.18431830","71.73517830",NULL,"8.50",NULL,NULL,NULL,NULL,False,NULL,NULL,"0.00","2026-03-06 18:01:58.810036+00"
"119045",8558,"2026-03-06 16:34:16.162+00","40.18412330","71.73508670",NULL,"6.65",NULL,NULL,NULL,NULL,False,NULL,NULL,"13.70","2026-03-06 18:01:58.810035+00"
"119046",8558,"2026-03-06 16:34:16.162+00","40.18412330","71.73508670",NULL,"6.65",NULL,NULL,NULL,NULL,False,NULL,NULL,"0.00","2026-03-06 18:01:58.810036+00"
"119043",8558,"2026-03-06 16:33:10.163+00","40.18403830","71.73497000",NULL,"0.02",NULL,NULL,NULL,NULL,False,NULL,NULL,"30.09","2026-03-06 18:01:58.810035+00"
"119044",8558,"2026-03-06 16:33:10.163+00","40.18403830","71.73497000",NULL,"0.02",NULL,NULL,NULL,NULL,False,NULL,NULL,"0.00","2026-03-06 18:01:58.810035+00"
"119041",8558,"2026-03-06 16:32:58.159+00","40.18430000","71.73506000",NULL,"8.13",NULL,NULL,NULL,NULL,False,NULL,NULL,"44.36","2026-03-06 18:01:58.810034+00"
"119042",8558,"2026-03-06 16:32:58.159+00","40.18430000","71.73506000",NULL,"8.13",NULL,NULL,NULL,NULL,False,NULL,NULL,"0.00","2026-03-06 18:01:58.810035+00"
"119040",8558,"2026-03-06 16:32:54.159+00","40.18468670","71.73518830",NULL,"14.00",NULL,NULL,NULL,NULL,False,NULL,NULL,"42.65","2026-03-06 18:01:58.810034+00"
"119038",8558,"2026-03-06 16:32:51.159+00","40.18502000","71.73543670",NULL,"14.39",NULL,NULL,NULL,NULL,False,NULL,NULL,"40.88","2026-03-06 18:01:58.810034+00"
"119039",8558,"2026-03-06 16:32:51.159+00","40.18502000","71.73543670",NULL,"14.39",NULL,NULL,NULL,NULL,False,NULL,NULL,"0.00","2026-03-06 18:01:58.810034+00"
"119037",8558,"2026-03-06 16:32:48.168+00","40.18537330","71.73557000",NULL,"11.64",NULL,NULL,NULL,NULL,False,NULL,NULL,"43.23","2026-03-06 18:01:58.810033+00"
"119035",8558,"2026-03-06 16:32:44.467+00","40.18575170","71.73568670",NULL,"8.08",NULL,NULL,NULL,NULL,False,NULL,NULL,"10.22","2026-03-06 18:01:58.810033+00"
"119036",8558,"2026-03-06 16:32:44.467+00","40.18575170","71.73568670",NULL,"8.08",NULL,NULL,NULL,NULL,False,NULL,NULL,"0.00","2026-03-06 18:01:58.810033+00"
"119033",8558,"2026-03-06 16:32:43.171+00","40.18584330","71.73569670",NULL,"2.03",NULL,NULL,NULL,NULL,False,NULL,NULL,"20.48","2026-03-06 18:01:58.810031+00"
"119034",8558,"2026-03-06 16:32:43.171+00","40.18584330","71.73569670",NULL,"2.03",NULL,NULL,NULL,NULL,False,NULL,NULL,"0.00","2026-03-06 18:01:58.810032+00"
"119032",8558,"2026-03-06 16:32:03.172+00","40.18595830","71.73588500",NULL,"3.75",NULL,NULL,NULL,NULL,False,NULL,NULL,"24.13","2026-03-06 18:01:58.810031+00"
"119031",8558,"2026-03-06 16:31:58.168+00","40.18574170","71.73590170",NULL,"6.17",NULL,NULL,NULL,NULL,False,NULL,NULL,"23.18","2026-03-06 18:01:58.810031+00"
"119030",8558,"2026-03-06 16:31:55.17+00","40.18553330","71.73590830",NULL,"6.46",NULL,NULL,NULL,NULL,False,NULL,NULL,"24.99","2026-03-06 18:01:58.810031+00"
"119029",8558,"2026-03-06 16:31:50.173+00","40.18531000","71.73594170",NULL,"6.69",NULL,NULL,NULL,NULL,False,NULL,NULL,"23.56","2026-03-06 18:01:58.81003+00"
"119028",8558,"2026-03-06 16:31:47.171+00","40.18509830","71.73595170",NULL,"5.96",NULL,NULL,NULL,NULL,False,NULL,NULL,"20.71","2026-03-06 18:01:58.81003+00"
"119027",8558,"2026-03-06 16:31:43.167+00","40.18491500","71.73599500",NULL,"6.34",NULL,NULL,NULL,NULL,False,NULL,NULL,"22.54","2026-03-06 18:01:58.81003+00"
"119025",8558,"2026-03-06 16:31:40.172+00","40.18480170","71.73621500",NULL,"7.38",NULL,NULL,NULL,NULL,False,NULL,NULL,"32.40","2026-03-06 18:01:58.810029+00"
"119026",8558,"2026-03-06 16:31:40.172+00","40.18480170","71.73621500",NULL,"7.38",NULL,NULL,NULL,NULL,False,NULL,NULL,"0.00","2026-03-06 18:01:58.81003+00"
"119024",8558,"2026-03-06 16:31:32.168+00","40.18454830","71.73640330",NULL,"8.13",NULL,NULL,NULL,NULL,False,NULL,NULL,"35.01","2026-03-06 18:01:58.810029+00"
"119023",8558,"2026-03-06 16:31:28.172+00","40.18424830","71.73627830",NULL,"8.78",NULL,NULL,NULL,NULL,False,NULL,NULL,"36.77","2026-03-06 18:01:58.810029+00"
"119022",8558,"2026-03-06 16:31:24.171+00","40.18393500","71.73614000",NULL,"9.46",NULL,NULL,NULL,NULL,False,NULL,NULL,"38.39","2026-03-06 18:01:58.810029+00"
"119021",8558,"2026-03-06 16:31:20.172+00","40.18361670","71.73596500",NULL,"10.53",NULL,NULL,NULL,NULL,False,NULL,NULL,"31.49","2026-03-06 18:01:58.810028+00"
"119020",8558,"2026-03-06 16:31:17.166+00","40.18334330","71.73586830",NULL,"10.34",NULL,NULL,NULL,NULL,False,NULL,NULL,"31.46","2026-03-06 18:01:58.810028+00"
"119019",8558,"2026-03-06 16:31:14.171+00","40.18306330","71.73592170",NULL,"9.36",NULL,NULL,NULL,NULL,False,NULL,NULL,"31.25","2026-03-06 18:01:58.810028+00"
"119018",8558,"2026-03-06 16:31:11.171+00","40.18278670","71.73585670",NULL,"10.98",NULL,NULL,NULL,NULL,False,NULL,NULL,"38.06","2026-03-06 18:01:58.810028+00"
"119017",8558,"2026-03-06 16:31:08.168+00","40.18247500","71.73567170",NULL,"12.09",NULL,NULL,NULL,NULL,False,NULL,NULL,"33.30","2026-03-06 18:01:58.810026+00"
"119015",8558,"2026-03-06 16:31:05.171+00","40.18219830","71.73552170",NULL,"12.21",NULL,NULL,NULL,NULL,False,NULL,NULL,"51.19","2026-03-06 18:01:58.810026+00"
"119016",8558,"2026-03-06 16:31:05.171+00","40.18219830","71.73552170",NULL,"12.21",NULL,NULL,NULL,NULL,False,NULL,NULL,"0.00","2026-03-06 18:01:58.810026+00"
"119014",8558,"2026-03-06 16:31:01.169+00","40.18174500","71.73541670",NULL,"12.96",NULL,NULL,NULL,NULL,False,NULL,NULL,"43.20","2026-03-06 18:01:58.810026+00"
"119013",8558,"2026-03-06 16:30:58.168+00","40.18135670","71.73540170",NULL,"14.25",NULL,NULL,NULL,NULL,False,NULL,NULL,"43.93","2026-03-06 18:01:58.810025+00"
"119012",8558,"2026-03-06 16:30:55.174+00","40.18096170","71.73539170",NULL,"13.71",NULL,NULL,NULL,NULL,False,NULL,NULL,"54.60","2026-03-06 18:01:58.810025+00"
"119010",8558,"2026-03-06 16:30:51.17+00","40.18047330","71.73545830",NULL,"12.52",NULL,NULL,NULL,NULL,False,NULL,NULL,"38.77","2026-03-06 18:01:58.810025+00"
"119011",8558,"2026-03-06 16:30:51.17+00","40.18047330","71.73545830",NULL,"12.52",NULL,NULL,NULL,NULL,False,NULL,NULL,"0.00","2026-03-06 18:01:58.810025+00"
"119009",8558,"2026-03-06 16:30:48.171+00","40.18012500","71.73543670",NULL,"12.36",NULL,NULL,NULL,NULL,False,NULL,NULL,"39.68","2026-03-06 18:01:58.810024+00"
"119008",8558,"2026-03-06 16:30:45.171+00","40.17977670","71.73533500",NULL,"11.69",NULL,NULL,NULL,NULL,False,NULL,NULL,"34.63","2026-03-06 18:01:58.810024+00"
"119006",8558,"2026-03-06 16:30:42.168+00","40.17950830","71.73512830",NULL,"11.79",NULL,NULL,NULL,NULL,False,NULL,NULL,"45.46","2026-03-06 18:01:58.810024+00"
"119007",8558,"2026-03-06 16:30:42.168+00","40.17950830","71.73512830",NULL,"11.79",NULL,NULL,NULL,NULL,False,NULL,NULL,"0.00","2026-03-06 18:01:58.810024+00"
"119005",8558,"2026-03-06 16:30:38.17+00","40.17910000","71.73510170",NULL,"13.76",NULL,NULL,NULL,NULL,False,NULL,NULL,"43.68","2026-03-06 18:01:58.810023+00"
"119003",8558,"2026-03-06 16:30:35.17+00","40.17872500","71.73525500",NULL,"13.32",NULL,NULL,NULL,NULL,False,NULL,NULL,"37.75","2026-03-06 18:01:58.810022+00"
"119004",8558,"2026-03-06 16:30:35.17+00","40.17872500","71.73525500",NULL,"13.32",NULL,NULL,NULL,NULL,False,NULL,NULL,"0.00","2026-03-06 18:01:58.810023+00"
"119002",8558,"2026-03-06 16:30:32.172+00","40.17838830","71.73531170",NULL,"11.38",NULL,NULL,NULL,NULL,False,NULL,NULL,"31.44","2026-03-06 18:01:58.810022+00"
"119001",8558,"2026-03-06 16:30:29.17+00","40.17811170","71.73523500",NULL,"9.79",NULL,NULL,NULL,NULL,False,NULL,NULL,"35.89","2026-03-06 18:01:58.810021+00"
"119000",8558,"2026-03-06 16:30:25.17+00","40.17780670","71.73509670",NULL,"8.78",NULL,NULL,NULL,NULL,False,NULL,NULL,"38.75","2026-03-06 18:01:58.51862+00"
"118999",8558,"2026-03-06 16:30:21.17+00","40.17746000","71.73514330",NULL,"11.37",NULL,NULL,NULL,NULL,False,NULL,NULL,"36.56","2026-03-06 18:01:58.51862+00"
"118998",8558,"2026-03-06 16:30:18.169+00","40.17713170","71.73512000",NULL,"12.21",NULL,NULL,NULL,NULL,False,NULL,NULL,"40.40","2026-03-06 18:01:58.518619+00"
"118996",8558,"2026-03-06 16:30:15.172+00","40.17677330","71.73504170",NULL,"9.48",NULL,NULL,NULL,NULL,False,NULL,NULL,"26.89","2026-03-06 18:01:58.518619+00"
"118997",8558,"2026-03-06 16:30:15.172+00","40.17677330","71.73504170",NULL,"9.48",NULL,NULL,NULL,NULL,False,NULL,NULL,"0.00","2026-03-06 18:01:58.518619+00"
"118995",8558,"2026-03-06 16:30:12.171+00","40.17653330","71.73500330",NULL,"7.47",NULL,NULL,NULL,NULL,False,NULL,NULL,"21.19","2026-03-06 18:01:58.518619+00"
"118994",8558,"2026-03-06 16:30:09.173+00","40.17634830","71.73506330",NULL,"6.87",NULL,NULL,NULL,NULL,False,NULL,NULL,"22.05","2026-03-06 18:01:58.518618+00"
"118992",8558,"2026-03-06 16:30:05.168+00","40.17615000","71.73506830",NULL,"6.31",NULL,NULL,NULL,NULL,False,NULL,NULL,"35.91","2026-03-06 18:01:58.518618+00"
"118993",8558,"2026-03-06 16:30:05.168+00","40.17615000","71.73506830",NULL,"6.31",NULL,NULL,NULL,NULL,False,NULL,NULL,"0.00","2026-03-06 18:01:58.518618+00"
"118990",8558,"2026-03-06 16:30:00.172+00","40.17603170","71.73467500",NULL,"10.49",NULL,NULL,NULL,NULL,False,NULL,NULL,"49.17","2026-03-06 18:01:58.518617+00"
"118991",8558,"2026-03-06 16:30:00.172+00","40.17603170","71.73467500",NULL,"10.49",NULL,NULL,NULL,NULL,False,NULL,NULL,"0.00","2026-03-06 18:01:58.518618+00"
"118989",8558,"2026-03-06 16:29:56.175+00","40.17565670","71.73436830",NULL,"14.64",NULL,NULL,NULL,NULL,False,NULL,NULL,"46.66","2026-03-06 18:01:58.518617+00"
"118988",8558,"2026-03-06 16:29:53.172+00","40.17527170","71.73415000",NULL,"16.52",NULL,NULL,NULL,NULL,False,NULL,NULL,"48.71","2026-03-06 18:01:58.518617+00"
"118987",8558,"2026-03-06 16:29:50.171+00","40.17488000","71.73389330",NULL,"16.01",NULL,NULL,NULL,NULL,False,NULL,NULL,"49.02","2026-03-06 18:01:58.518617+00"
"118986",8558,"2026-03-06 16:29:47.171+00","40.17449670","71.73360830",NULL,"16.23",NULL,NULL,NULL,NULL,False,NULL,NULL,"48.03","2026-03-06 18:01:58.518616+00"
"118985",8558,"2026-03-06 16:29:44.17+00","40.17410500","71.73337000",NULL,"15.56",NULL,NULL,NULL,NULL,False,NULL,NULL,"47.65","2026-03-06 18:01:58.518616+00"
"118983",8558,"2026-03-06 16:29:41.17+00","40.17369170","71.73322170",NULL,"15.62",NULL,NULL,NULL,NULL,False,NULL,NULL,"50.16","2026-03-06 18:01:58.518614+00"
"118984",8558,"2026-03-06 16:29:41.17+00","40.17369170","71.73322170",NULL,"15.62",NULL,NULL,NULL,NULL,False,NULL,NULL,"0.00","2026-03-06 18:01:58.518615+00"
"118982",8558,"2026-03-06 16:29:38.17+00","40.17324170","71.73318000",NULL,"17.55",NULL,NULL,NULL,NULL,False,NULL,NULL,"53.83","2026-03-06 18:01:58.518614+00"
"118981",8558,"2026-03-06 16:29:35.169+00","40.17276330","71.73308330",NULL,"17.91",NULL,NULL,NULL,NULL,False,NULL,NULL,"58.39","2026-03-06 18:01:58.518614+00"
"118979",8558,"2026-03-06 16:29:32.17+00","40.17226670","71.73286000",NULL,"19.42",NULL,NULL,NULL,NULL,False,NULL,NULL,"56.42","2026-03-06 18:01:58.518613+00"
"118980",8558,"2026-03-06 16:29:32.17+00","40.17226670","71.73286000",NULL,"19.42",NULL,NULL,NULL,NULL,False,NULL,NULL,"0.00","2026-03-06 18:01:58.518614+00"
"118978",8558,"2026-03-06 16:29:29.17+00","40.17188330","71.73242500",NULL,"16.87",NULL,NULL,NULL,NULL,False,NULL,NULL,"53.41","2026-03-06 18:01:58.518613+00"
"118976",8558,"2026-03-06 16:29:26.173+00","40.17149500","71.73205500",NULL,"15.79",NULL,NULL,NULL,NULL,False,NULL,NULL,"44.36","2026-03-06 18:01:58.518613+00"
"118977",8558,"2026-03-06 16:29:26.173+00","40.17149500","71.73205500",NULL,"15.79",NULL,NULL,NULL,NULL,False,NULL,NULL,"0.00","2026-03-06 18:01:58.518613+00"
"118975",8558,"2026-03-06 16:29:23.17+00","40.17116330","71.73176500",NULL,"12.08",NULL,NULL,NULL,NULL,False,NULL,NULL,"41.38","2026-03-06 18:01:58.518612+00"
"118974",8558,"2026-03-06 16:29:19.17+00","40.17083330","71.73154000",NULL,"8.48",NULL,NULL,NULL,NULL,False,NULL,NULL,"30.98","2026-03-06 18:01:58.518612+00"
"118973",8558,"2026-03-06 16:29:15.166+00","40.17056330","71.73163000",NULL,"9.55",NULL,NULL,NULL,NULL,False,NULL,NULL,"36.06","2026-03-06 18:01:58.518612+00"
"118971",8558,"2026-03-06 16:29:12.172+00","40.17026670","71.73180170",NULL,"10.21",NULL,NULL,NULL,NULL,False,NULL,NULL,"30.66","2026-03-06 18:01:58.518611+00"
"118972",8558,"2026-03-06 16:29:12.172+00","40.17026670","71.73180170",NULL,"10.21",NULL,NULL,NULL,NULL,False,NULL,NULL,"0.00","2026-03-06 18:01:58.518611+00"
"118970",8558,"2026-03-06 16:29:09.171+00","40.17000000","71.73189330",NULL,"5.17",NULL,NULL,NULL,NULL,False,NULL,NULL,"20.90","2026-03-06 18:01:58.518611+00"
"118968",8558,"2026-03-06 16:07:14.169+00","40.16982830","71.73199330",NULL,"3.42",NULL,NULL,NULL,NULL,False,NULL,NULL,"32.90","2026-03-06 18:01:58.51861+00"
"118969",8558,"2026-03-06 16:07:14.169+00","40.16982830","71.73199330",NULL,"3.42",NULL,NULL,NULL,NULL,False,NULL,NULL,"0.00","2026-03-06 18:01:58.518611+00"
"118967",8558,"2026-03-06 16:07:09.17+00","40.17010830","71.73186830",NULL,"9.73",NULL,NULL,NULL,NULL,False,NULL,NULL,"30.56","2026-03-06 18:01:58.518609+00"
"118966",8558,"2026-03-06 16:07:06.171+00","40.17036830","71.73175170",NULL,"9.78",NULL,NULL,NULL,NULL,False,NULL,NULL,"38.94","2026-03-06 18:01:58.518609+00"
"118965",8558,"2026-03-06 16:07:02.169+00","40.17060170","71.73141000",NULL,"10.94",NULL,NULL,NULL,NULL,False,NULL,NULL,"36.28","2026-03-06 18:01:58.518608+00"
"118964",8558,"2026-03-06 16:06:59.166+00","40.17076000","71.73103670",NULL,"11.98",NULL,NULL,NULL,NULL,False,NULL,NULL,"39.42","2026-03-06 18:01:58.518608+00"
"118963",8558,"2026-03-06 16:06:56.166+00","40.17095000","71.73064500",NULL,"11.55",NULL,NULL,NULL,NULL,False,NULL,NULL,"49.07","2026-03-06 18:01:58.518608+00"
"118961",8558,"2026-03-06 16:06:53.166+00","40.17102830","71.73007670",NULL,"9.17",NULL,NULL,NULL,NULL,False,NULL,NULL,"28.33","2026-03-06 18:01:58.518607+00"
"118962",8558,"2026-03-06 16:06:53.166+00","40.17102830","71.73007670",NULL,"9.17",NULL,NULL,NULL,NULL,False,NULL,NULL,"0.00","2026-03-06 18:01:58.518608+00"
"118960",8558,"2026-03-06 16:06:50.167+00","40.17102500","71.72974330",NULL,"7.39",NULL,NULL,NULL,NULL,False,NULL,NULL,"21.21","2026-03-06 18:01:58.518607+00"
"118959",8558,"2026-03-06 16:06:47.17+00","40.17089830","71.72955670",NULL,"3.96",NULL,NULL,NULL,NULL,False,NULL,NULL,"22.80","2026-03-06 18:01:58.518607+00"
"118957",8558,"2026-03-06 16:06:43.16+00","40.17071830","71.72942830",NULL,"3.90",NULL,NULL,NULL,NULL,False,NULL,NULL,"12.13","2026-03-06 18:01:58.518606+00"
"118958",8558,"2026-03-06 16:06:43.16+00","40.17071830","71.72942830",NULL,"3.90",NULL,NULL,NULL,NULL,False,NULL,NULL,"0.00","2026-03-06 18:01:58.518606+00"
"118956",8558,"2026-03-06 16:06:41.169+00","40.17075000","71.72929170",NULL,"1.38",NULL,NULL,NULL,NULL,False,NULL,NULL,"16.86","2026-03-06 18:01:58.518606+00"
"118955",8558,"2026-03-06 16:06:39.169+00","40.17086670","71.72916500",NULL,"0.48",NULL,NULL,NULL,NULL,False,NULL,NULL,"11.63","2026-03-06 18:01:58.518605+00"
"118954",8558,"2026-03-06 16:06:37.167+00","40.17096670","71.72912500",NULL,"0.21",NULL,NULL,NULL,NULL,False,NULL,NULL,"21.97","2026-03-06 18:01:58.518604+00"
"118953",8558,"2026-03-06 16:06:36.167+00","40.17115830","71.72906170",NULL,"0.18",NULL,NULL,NULL,NULL,False,NULL,NULL,"62.30","2026-03-06 18:01:58.518604+00"
"118951",8558,"2026-03-06 16:06:34.17+00","40.17065670","71.72938830",NULL,"2.44",NULL,NULL,NULL,NULL,False,NULL,NULL,"31.34","2026-03-06 18:01:58.518603+00"
"118952",8558,"2026-03-06 16:06:34.17+00","40.17065670","71.72938830",NULL,"2.44",NULL,NULL,NULL,NULL,False,NULL,NULL,"0.00","2026-03-06 18:01:58.518604+00"
"118950",8558,"2026-03-06 16:06:27.17+00","40.17093830","71.72937170",NULL,"9.66",NULL,NULL,NULL,NULL,False,NULL,NULL,"197.19","2026-03-06 18:01:58.178516+00"
"118948",8558,"2026-03-06 16:06:20.946+00","40.17271170","71.72936170",NULL,"11.46",NULL,NULL,NULL,NULL,False,NULL,NULL,"88.46","2026-03-06 18:01:58.178516+00"
"118949",8558,"2026-03-06 16:06:20.946+00","40.17271170","71.72936170",NULL,"11.46",NULL,NULL,NULL,NULL,False,NULL,NULL,"0.00","2026-03-06 18:01:58.178516+00"
"118946",8558,"2026-03-06 16:06:17.171+00","40.17192000","71.72946330",NULL,"12.51",NULL,NULL,NULL,NULL,False,NULL,NULL,"42.50","2026-03-06 18:01:58.178515+00"
"118947",8558,"2026-03-06 16:06:17.171+00","40.17192000","71.72946330",NULL,"12.51",NULL,NULL,NULL,NULL,False,NULL,NULL,"0.00","2026-03-06 18:01:58.178515+00"
"118945",8558,"2026-03-06 16:06:14.17+00","40.17230000","71.72941000",NULL,"12.21",NULL,NULL,NULL,NULL,False,NULL,NULL,"38.10","2026-03-06 18:01:58.178515+00"
"118944",8558,"2026-03-06 16:06:11.171+00","40.17264170","71.72937670",NULL,"10.10",NULL,NULL,NULL,NULL,False,NULL,NULL,"33.50","2026-03-06 18:01:58.178515+00"
"118943",8558,"2026-03-06 16:06:08.171+00","40.17294170","71.72934000",NULL,"7.60",NULL,NULL,NULL,NULL,False,NULL,NULL,"34.81","2026-03-06 18:01:58.178514+00"
"118942",8558,"2026-03-06 16:06:05.169+00","40.17325170","71.72928330",NULL,"7.69",NULL,NULL,NULL,NULL,False,NULL,NULL,"45.22","2026-03-06 18:01:58.178514+00"
"118941",8558,"2026-03-06 16:06:03.169+00","40.17365830","71.72927170",NULL,"8.88",NULL,NULL,NULL,NULL,False,NULL,NULL,"46.60","2026-03-06 18:01:58.178514+00"
"118939",8558,"2026-03-06 16:06:01.172+00","40.17324330","71.72934830",NULL,"12.01",NULL,NULL,NULL,NULL,False,NULL,NULL,"40.81","2026-03-06 18:01:58.178514+00"
"118940",8558,"2026-03-06 16:06:01.172+00","40.17324330","71.72934830",NULL,"12.01",NULL,NULL,NULL,NULL,False,NULL,NULL,"0.00","2026-03-06 18:01:58.178514+00"
"118938",8558,"2026-03-06 16:05:58.167+00","40.17361000","71.72936830",NULL,"14.48",NULL,NULL,NULL,NULL,False,NULL,NULL,"44.57","2026-03-06 18:01:58.178513+00"
"118937",8558,"2026-03-06 16:05:55.17+00","40.17401000","71.72940170",NULL,"14.74",NULL,NULL,NULL,NULL,False,NULL,NULL,"44.63","2026-03-06 18:01:58.178513+00"
"118936",8558,"2026-03-06 16:05:52.167+00","40.17441000","71.72944500",NULL,"13.99",NULL,NULL,NULL,NULL,False,NULL,NULL,"42.71","2026-03-06 18:01:58.178513+00"
"118935",8558,"2026-03-06 16:05:49.169+00","40.17479330","71.72947830",NULL,"13.29",NULL,NULL,NULL,NULL,False,NULL,NULL,"40.21","2026-03-06 18:01:58.178513+00"
"118934",8558,"2026-03-06 16:05:46.168+00","40.17515330","71.72952330",NULL,"13.29",NULL,NULL,NULL,NULL,False,NULL,NULL,"52.84","2026-03-06 18:01:58.178512+00"
"118933",8558,"2026-03-06 16:05:42.17+00","40.17562330","71.72961500",NULL,"13.88",NULL,NULL,NULL,NULL,False,NULL,NULL,"46.89","2026-03-06 18:01:58.178511+00"
"118932",8558,"2026-03-06 16:05:38.943+00","40.17604000","71.72970000",NULL,"13.70",NULL,NULL,NULL,NULL,False,NULL,NULL,"47.19","2026-03-06 18:01:58.17851+00"
"118931",8558,"2026-03-06 16:05:35.171+00","40.17646330","71.72974000",NULL,"12.77",NULL,NULL,NULL,NULL,False,NULL,NULL,"0.00","2026-03-06 18:01:58.17851+00"
"118930",8558,"2026-03-06 16:05:35.171+00","40.17646330","71.72974000",NULL,"12.77",NULL,NULL,NULL,NULL,False,NULL,NULL,"37.59","2026-03-06 18:01:58.17851+00"
"118929",8558,"2026-03-06 16:05:32.17+00","40.17680000","71.72978000",NULL,"12.08",NULL,NULL,NULL,NULL,False,NULL,NULL,"38.17","2026-03-06 18:01:58.17851+00"
"118928",8558,"2026-03-06 16:05:29.168+00","40.17714330","71.72978170",NULL,"11.75",NULL,NULL,NULL,NULL,False,NULL,NULL,"30.98","2026-03-06 18:01:58.17851+00"
"118926",8558,"2026-03-06 16:05:26.171+00","40.17741830","71.72972330",NULL,"11.72",NULL,NULL,NULL,NULL,False,NULL,NULL,"50.41","2026-03-06 18:01:58.178509+00"
"118927",8558,"2026-03-06 16:05:26.171+00","40.17741830","71.72972330",NULL,"11.72",NULL,NULL,NULL,NULL,False,NULL,NULL,"0.00","2026-03-06 18:01:58.178509+00"
"118925",8558,"2026-03-06 16:05:22.169+00","40.17786830","71.72965170",NULL,"13.88",NULL,NULL,NULL,NULL,False,NULL,NULL,"41.17","2026-03-06 18:01:58.178509+00"
"118924",8558,"2026-03-06 16:05:19.167+00","40.17823670","71.72960330",NULL,"13.66",NULL,NULL,NULL,NULL,False,NULL,NULL,"41.21","2026-03-06 18:01:58.178509+00"
"118923",8558,"2026-03-06 16:05:16.167+00","40.17860670","71.72957500",NULL,"14.04",NULL,NULL,NULL,NULL,False,NULL,NULL,"42.46","2026-03-06 18:01:58.178508+00"
"118922",8558,"2026-03-06 16:05:13.166+00","40.17898830","71.72955670",NULL,"14.09",NULL,NULL,NULL,NULL,False,NULL,NULL,"43.20","2026-03-06 18:01:58.178508+00"
"118921",8558,"2026-03-06 16:05:10.168+00","40.17937670","71.72954670",NULL,"14.56",NULL,NULL,NULL,NULL,False,NULL,NULL,"45.22","2026-03-06 18:01:58.178508+00"
"118920",8558,"2026-03-06 16:05:07.167+00","40.17978330","71.72955330",NULL,"15.27",NULL,NULL,NULL,NULL,False,NULL,NULL,"45.06","2026-03-06 18:01:58.178508+00"
"118919",8558,"2026-03-06 16:05:04.169+00","40.18018830","71.72957000",NULL,"15.18",NULL,NULL,NULL,NULL,False,NULL,NULL,"45.78","2026-03-06 18:01:58.178507+00"
"118918",8558,"2026-03-06 16:05:01.172+00","40.18060000","71.72957000",NULL,"15.39",NULL,NULL,NULL,NULL,False,NULL,NULL,"46.34","2026-03-06 18:01:58.178507+00"
"118917",8558,"2026-03-06 16:04:58.168+00","40.18101670","71.72956330",NULL,"15.16",NULL,NULL,NULL,NULL,False,NULL,NULL,"45.60","2026-03-06 18:01:58.178507+00"
"118916",8558,"2026-03-06 16:04:55.167+00","40.18142670","71.72955000",NULL,"15.18",NULL,NULL,NULL,NULL,False,NULL,NULL,"47.12","2026-03-06 18:01:58.178506+00"
"118915",8558,"2026-03-06 16:04:52.167+00","40.18185000","71.72957500",NULL,"15.31",NULL,NULL,NULL,NULL,False,NULL,NULL,"45.96","2026-03-06 18:01:58.178506+00"
"118914",8558,"2026-03-06 16:04:49.168+00","40.18226330","71.72957670",NULL,"15.41",NULL,NULL,NULL,NULL,False,NULL,NULL,"47.31","2026-03-06 18:01:58.178504+00"
"118913",8558,"2026-03-06 16:04:46.166+00","40.18268830","71.72955000",NULL,"15.57",NULL,NULL,NULL,NULL,False,NULL,NULL,"46.52","2026-03-06 18:01:58.178504+00"
"118912",8558,"2026-03-06 16:04:43.168+00","40.18310670","71.72954830",NULL,"15.28",NULL,NULL,NULL,NULL,False,NULL,NULL,"46.16","2026-03-06 18:01:58.178504+00"
"118911",8558,"2026-03-06 16:04:40.168+00","40.18352170","71.72953670",NULL,"15.53",NULL,NULL,NULL,NULL,False,NULL,NULL,"47.12","2026-03-06 18:01:58.178504+00"
"118910",8558,"2026-03-06 16:04:37.17+00","40.18394500","71.72951000",NULL,"15.85",NULL,NULL,NULL,NULL,False,NULL,NULL,"47.30","2026-03-06 18:01:58.178503+00"
"118909",8558,"2026-03-06 16:04:34.167+00","40.18437000","71.72948670",NULL,"15.71",NULL,NULL,NULL,NULL,False,NULL,NULL,"46.93","2026-03-06 18:01:58.178503+00"
"118908",8558,"2026-03-06 16:04:31.167+00","40.18479170","71.72946330",NULL,"15.73",NULL,NULL,NULL,NULL,False,NULL,NULL,"47.11","2026-03-06 18:01:58.178503+00"
"118907",8558,"2026-03-06 16:04:28.168+00","40.18521500","71.72944000",NULL,"16.06",NULL,NULL,NULL,NULL,False,NULL,NULL,"46.73","2026-03-06 18:01:58.178502+00"
"118906",8558,"2026-03-06 16:04:25.168+00","40.18563500","71.72942000",NULL,"15.57",NULL,NULL,NULL,NULL,False,NULL,NULL,"44.30","2026-03-06 18:01:58.178502+00"
"118905",8558,"2026-03-06 16:04:22.168+00","40.18603330","71.72940670",NULL,"14.89",NULL,NULL,NULL,NULL,False,NULL,NULL,"52.64","2026-03-06 18:01:58.178501+00"
"118904",8558,"2026-03-06 16:04:18.165+00","40.18650670","71.72941170",NULL,"15.83",NULL,NULL,NULL,NULL,False,NULL,NULL,"44.15","2026-03-06 18:01:58.178501+00"
"118902",8558,"2026-03-06 16:04:16.17+00","40.18690330","71.72938670",NULL,"16.57",NULL,NULL,NULL,NULL,False,NULL,NULL,"51.97","2026-03-06 18:01:58.1785+00"
"118903",8558,"2026-03-06 16:04:16.17+00","40.18690330","71.72938670",NULL,"16.57",NULL,NULL,NULL,NULL,False,NULL,NULL,"0.00","2026-03-06 18:01:58.178501+00"
"118901",8558,"2026-03-06 16:04:13.169+00","40.18737000","71.72942000",NULL,"17.56",NULL,NULL,NULL,NULL,False,NULL,NULL,"53.73","2026-03-06 18:01:58.178479+00"
"118900",8558,"2026-03-06 16:04:10.168+00","40.18785170","71.72947000",NULL,"17.83",NULL,NULL,NULL,NULL,False,NULL,NULL,"54.02","2026-03-06 18:01:57.868572+00"
"118899",8558,"2026-03-06 16:04:07.171+00","40.18833330","71.72955330",NULL,"18.03",NULL,NULL,NULL,NULL,False,NULL,NULL,"54.15","2026-03-06 18:01:57.868572+00"
"118898",8558,"2026-03-06 16:04:04.17+00","40.18881670","71.72963000",NULL,"17.93",NULL,NULL,NULL,NULL,False,NULL,NULL,"54.79","2026-03-06 18:01:57.868572+00"
"118897",8558,"2026-03-06 16:04:01.169+00","40.18930500","71.72971670",NULL,"17.94",NULL,NULL,NULL,NULL,False,NULL,NULL,"55.35","2026-03-06 18:01:57.868572+00"
"118896",8558,"2026-03-06 16:03:58.169+00","40.18979500","71.72983170",NULL,"17.91",NULL,NULL,NULL,NULL,False,NULL,NULL,"54.71","2026-03-06 18:01:57.868571+00"
"118894",8558,"2026-03-06 16:03:55.169+00","40.19028000","71.72994000",NULL,"17.78",NULL,NULL,NULL,NULL,False,NULL,NULL,"52.43","2026-03-06 18:01:57.86857+00"
"118895",8558,"2026-03-06 16:03:55.169+00","40.19028000","71.72994000",NULL,"17.78",NULL,NULL,NULL,NULL,False,NULL,NULL,"0.00","2026-03-06 18:01:57.86857+00"
"118893",8558,"2026-03-06 16:03:52.168+00","40.19073830","71.73008500",NULL,"17.21",NULL,NULL,NULL,NULL,False,NULL,NULL,"50.42","2026-03-06 18:01:57.86857+00"
"118892",8558,"2026-03-06 16:03:49.168+00","40.19117500","71.73024500",NULL,"16.44",NULL,NULL,NULL,NULL,False,NULL,NULL,"48.27","2026-03-06 18:01:57.868569+00"
"118891",8558,"2026-03-06 16:03:46.168+00","40.19159670","71.73038000",NULL,"15.92",NULL,NULL,NULL,NULL,False,NULL,NULL,"46.77","2026-03-06 18:01:57.868569+00"
"118890",8558,"2026-03-06 16:03:43.168+00","40.19201170","71.73047000",NULL,"15.48",NULL,NULL,NULL,NULL,False,NULL,NULL,"46.35","2026-03-06 18:01:57.868569+00"
"118889",8558,"2026-03-06 16:03:40.17+00","40.19242670","71.73052170",NULL,"15.09",NULL,NULL,NULL,NULL,False,NULL,NULL,"45.95","2026-03-06 18:01:57.868568+00"
"118888",8558,"2026-03-06 16:03:37.168+00","40.19283830","71.73057000",NULL,"14.37",NULL,NULL,NULL,NULL,False,NULL,NULL,"43.73","2026-03-06 18:01:57.868568+00"
"118886",8558,"2026-03-06 16:03:34.17+00","40.19322830","71.73063670",NULL,"12.58",NULL,NULL,NULL,NULL,False,NULL,NULL,"36.46","2026-03-06 18:01:57.868568+00"
"118887",8558,"2026-03-06 16:03:34.17+00","40.19322830","71.73063670",NULL,"12.58",NULL,NULL,NULL,NULL,False,NULL,NULL,"0.00","2026-03-06 18:01:57.868568+00"
"118885",8558,"2026-03-06 16:03:31.172+00","40.19355330","71.73069330",NULL,"10.68",NULL,NULL,NULL,NULL,False,NULL,NULL,"30.36","2026-03-06 18:01:57.868567+00"
"118884",8558,"2026-03-06 16:03:28.168+00","40.19382330","71.73074670",NULL,"9.12",NULL,NULL,NULL,NULL,False,NULL,NULL,"32.18","2026-03-06 18:01:57.868567+00"
"118882",8558,"2026-03-06 16:03:24.165+00","40.19411000","71.73079830",NULL,"11.50",NULL,NULL,NULL,NULL,False,NULL,NULL,"44.03","2026-03-06 18:01:57.868566+00"
"118883",8558,"2026-03-06 16:03:24.165+00","40.19411000","71.73079830",NULL,"11.50",NULL,NULL,NULL,NULL,False,NULL,NULL,"0.00","2026-03-06 18:01:57.868567+00"
"118881",8558,"2026-03-06 16:03:21.167+00","40.19450500","71.73083500",NULL,"14.89",NULL,NULL,NULL,NULL,False,NULL,NULL,"46.03","2026-03-06 18:01:57.868566+00"
"118879",8558,"2026-03-06 16:03:18.167+00","40.19491670","71.73089170",NULL,"17.44",NULL,NULL,NULL,NULL,False,NULL,NULL,"55.65","2026-03-06 18:01:57.868566+00"
"118880",8558,"2026-03-06 16:03:18.167+00","40.19491670","71.73089170",NULL,"17.44",NULL,NULL,NULL,NULL,False,NULL,NULL,"0.00","2026-03-06 18:01:57.868566+00"
"118878",8558,"2026-03-06 16:03:15.167+00","40.19541670","71.73092000",NULL,"17.74",NULL,NULL,NULL,NULL,False,NULL,NULL,"64.31","2026-03-06 18:01:57.868565+00"
"118876",8558,"2026-03-06 16:03:11.169+00","40.19599500","71.73091170",NULL,"17.50",NULL,NULL,NULL,NULL,False,NULL,NULL,"51.97","2026-03-06 18:01:57.868564+00"
"118877",8558,"2026-03-06 16:03:11.169+00","40.19599500","71.73091170",NULL,"17.50",NULL,NULL,NULL,NULL,False,NULL,NULL,"0.00","2026-03-06 18:01:57.868564+00"
"118875",8558,"2026-03-06 16:03:08.17+00","40.19646170","71.73087830",NULL,"16.92",NULL,NULL,NULL,NULL,False,NULL,NULL,"48.79","2026-03-06 18:01:57.868563+00"
"118874",8558,"2026-03-06 16:03:05.169+00","40.19690000","71.73085170",NULL,"15.77",NULL,NULL,NULL,NULL,False,NULL,NULL,"45.46","2026-03-06 18:01:57.868563+00"
"118873",8558,"2026-03-06 16:03:02.172+00","40.19730830","71.73088000",NULL,"14.56",NULL,NULL,NULL,NULL,False,NULL,NULL,"53.44","2026-03-06 18:01:57.868563+00"
"118871",8558,"2026-03-06 16:02:59.171+00","40.19778500","71.73096000",NULL,"13.78",NULL,NULL,NULL,NULL,False,NULL,NULL,"40.58","2026-03-06 18:01:57.868562+00"
"118872",8558,"2026-03-06 16:02:59.171+00","40.19778500","71.73096000",NULL,"13.78",NULL,NULL,NULL,NULL,False,NULL,NULL,"0.00","2026-03-06 18:01:57.868562+00"
"118870",8558,"2026-03-06 16:02:56.16+00","40.19814500","71.73103830",NULL,"11.84",NULL,NULL,NULL,NULL,False,NULL,NULL,"31.16","2026-03-06 18:01:57.868562+00"
"118868",8558,"2026-03-06 16:02:53.16+00","40.19842500","71.73105330",NULL,"8.73",NULL,NULL,NULL,NULL,False,NULL,NULL,"21.56","2026-03-06 18:01:57.868561+00"
"118869",8558,"2026-03-06 16:02:53.16+00","40.19842500","71.73105330",NULL,"8.73",NULL,NULL,NULL,NULL,False,NULL,NULL,"0.00","2026-03-06 18:01:57.868562+00"
"118867",8558,"2026-03-06 16:02:49.928+00","40.19861170","71.73098500",NULL,"5.80",NULL,NULL,NULL,NULL,False,NULL,NULL,"27.34","2026-03-06 18:01:57.868561+00"
"118865",8558,"2026-03-06 16:02:49.16+00","40.19876500","71.73123670",NULL,"6.08",NULL,NULL,NULL,NULL,False,NULL,NULL,"45.36","2026-03-06 18:01:57.86856+00"
"118866",8558,"2026-03-06 16:02:49.16+00","40.19876500","71.73123670",NULL,"6.08",NULL,NULL,NULL,NULL,False,NULL,NULL,"0.00","2026-03-06 18:01:57.868561+00"
"118864",8558,"2026-03-06 16:02:33.166+00","40.19916000","71.73137000",NULL,"13.55",NULL,NULL,NULL,NULL,False,NULL,NULL,"45.75","2026-03-06 18:01:57.86856+00"
"118863",8558,"2026-03-06 16:02:30.157+00","40.19956500","71.73146500",NULL,"16.04",NULL,NULL,NULL,NULL,False,NULL,NULL,"48.38","2026-03-06 18:01:57.86856+00"
"118862",8558,"2026-03-06 16:02:27.172+00","40.19999330","71.73156500",NULL,"16.47",NULL,NULL,NULL,NULL,False,NULL,NULL,"49.80","2026-03-06 18:01:57.868559+00"
"118861",8558,"2026-03-06 16:02:24.169+00","40.20043500","71.73166170",NULL,"16.48",NULL,NULL,NULL,NULL,False,NULL,NULL,"49.16","2026-03-06 18:01:57.868559+00"
"118860",8558,"2026-03-06 16:02:21.169+00","40.20087000","71.73176500",NULL,"16.62",NULL,NULL,NULL,NULL,False,NULL,NULL,"49.84","2026-03-06 18:01:57.868559+00"
"118859",8558,"2026-03-06 16:02:18.169+00","40.20131170","71.73186500",NULL,"16.41",NULL,NULL,NULL,NULL,False,NULL,NULL,"49.31","2026-03-06 18:01:57.868557+00"
"118858",8558,"2026-03-06 16:02:15.169+00","40.20174830","71.73196670",NULL,"16.12",NULL,NULL,NULL,NULL,False,NULL,NULL,"48.20","2026-03-06 18:01:57.868556+00"
"118857",8558,"2026-03-06 16:02:12.17+00","40.20217500","71.73206670",NULL,"15.92",NULL,NULL,NULL,NULL,False,NULL,NULL,"47.76","2026-03-06 18:01:57.868556+00"
"118856",8558,"2026-03-06 16:02:09.171+00","40.20259670","71.73217330",NULL,"15.37",NULL,NULL,NULL,NULL,False,NULL,NULL,"47.20","2026-03-06 18:01:57.868556+00"
"118855",8558,"2026-03-06 16:02:06.166+00","40.20301170","71.73229000",NULL,"15.21",NULL,NULL,NULL,NULL,False,NULL,NULL,"48.83","2026-03-06 18:01:57.868555+00"
"118854",8558,"2026-03-06 16:02:03.167+00","40.20344000","71.73241670",NULL,"15.96",NULL,NULL,NULL,NULL,False,NULL,NULL,"44.20","2026-03-06 18:01:57.868555+00"
"118852",8558,"2026-03-06 16:02:00.171+00","40.20383670","71.73245000",NULL,"17.11",NULL,NULL,NULL,NULL,False,NULL,NULL,"53.06","2026-03-06 18:01:57.868554+00"
"118853",8558,"2026-03-06 16:02:00.171+00","40.20383670","71.73245000",NULL,"17.11",NULL,NULL,NULL,NULL,False,NULL,NULL,"0.00","2026-03-06 18:01:57.868554+00"
"118851",8558,"2026-03-06 16:01:57.171+00","40.20430670","71.73255830",NULL,"18.09",NULL,NULL,NULL,NULL,False,NULL,NULL,"56.76","2026-03-06 18:01:57.868553+00"
"118850",8558,"2026-03-06 16:01:54.168+00","40.20481000","71.73267000",NULL,"19.41",NULL,NULL,NULL,NULL,False,NULL,NULL,"57.98","2026-03-06 18:01:57.507864+00"
"118849",8558,"2026-03-06 16:01:51.172+00","40.20532670","71.73276170",NULL,"19.67",NULL,NULL,NULL,NULL,False,NULL,NULL,"58.87","2026-03-06 18:01:57.507863+00"
"118848",8558,"2026-03-06 16:01:48.172+00","40.20585330","71.73283330",NULL,"19.82",NULL,NULL,NULL,NULL,False,NULL,NULL,"59.53","2026-03-06 18:01:57.507863+00"
"118847",8558,"2026-03-06 16:01:45.171+00","40.20638500","71.73291500",NULL,"19.97",NULL,NULL,NULL,NULL,False,NULL,NULL,"59.99","2026-03-06 18:01:57.507863+00"
"118846",8558,"2026-03-06 16:01:42.168+00","40.20692170","71.73298670",NULL,"19.97",NULL,NULL,NULL,NULL,False,NULL,NULL,"60.78","2026-03-06 18:01:57.507863+00"
"118845",8558,"2026-03-06 16:01:39.168+00","40.20746670","71.73304170",NULL,"20.06",NULL,NULL,NULL,NULL,False,NULL,NULL,"60.83","2026-03-06 18:01:57.507862+00"
"118844",8558,"2026-03-06 16:01:36.172+00","40.20801170","71.73310330",NULL,"20.22",NULL,NULL,NULL,NULL,False,NULL,NULL,"60.52","2026-03-06 18:01:57.507862+00"
"118843",8558,"2026-03-06 16:01:33.17+00","40.20855330","71.73317330",NULL,"20.27",NULL,NULL,NULL,NULL,False,NULL,NULL,"60.84","2026-03-06 18:01:57.507862+00"
"118842",8558,"2026-03-06 16:01:30.168+00","40.20909830","71.73323670",NULL,"20.33",NULL,NULL,NULL,NULL,False,NULL,NULL,"61.43","2026-03-06 18:01:57.507861+00"
"118841",8558,"2026-03-06 16:01:27.167+00","40.20964830","71.73330500",NULL,"20.06",NULL,NULL,NULL,NULL,False,NULL,NULL,"60.87","2026-03-06 18:01:57.50786+00"
"118840",8558,"2026-03-06 16:01:24.172+00","40.21019330","71.73337170",NULL,"20.01",NULL,NULL,NULL,NULL,False,NULL,NULL,"60.16","2026-03-06 18:01:57.50786+00"
"118839",8558,"2026-03-06 16:01:21.168+00","40.21073170","71.73344170",NULL,"20.18",NULL,NULL,NULL,NULL,False,NULL,NULL,"60.78","2026-03-06 18:01:57.50786+00"
"118838",8558,"2026-03-06 16:01:18.169+00","40.21127670","71.73349670",NULL,"20.07",NULL,NULL,NULL,NULL,False,NULL,NULL,"60.56","2026-03-06 18:01:57.50786+00"
"118837",8558,"2026-03-06 16:01:15.171+00","40.21182000","71.73354670",NULL,"19.94",NULL,NULL,NULL,NULL,False,NULL,NULL,"60.96","2026-03-06 18:01:57.507859+00"
"118836",8558,"2026-03-06 16:01:12.168+00","40.21236670","71.73360000",NULL,"20.48",NULL,NULL,NULL,NULL,False,NULL,NULL,"61.12","2026-03-06 18:01:57.507859+00"
"118835",8558,"2026-03-06 16:01:09.167+00","40.21291500","71.73365000",NULL,"20.23",NULL,NULL,NULL,NULL,False,NULL,NULL,"61.37","2026-03-06 18:01:57.507859+00"
"118834",8558,"2026-03-06 16:01:06.173+00","40.21346670","71.73367170",NULL,"19.88",NULL,NULL,NULL,NULL,False,NULL,NULL,"60.27","2026-03-06 18:01:57.507859+00"
"118833",8558,"2026-03-06 16:01:03.17+00","40.21400500","71.73375500",NULL,"19.44",NULL,NULL,NULL,NULL,False,NULL,NULL,"59.40","2026-03-06 18:01:57.507858+00"
"118832",8558,"2026-03-06 16:01:00.171+00","40.21452500","71.73391500",NULL,"19.65",NULL,NULL,NULL,NULL,False,NULL,NULL,"60.21","2026-03-06 18:01:57.507858+00"
"118831",8558,"2026-03-06 16:00:57.169+00","40.21502670","71.73418170",NULL,"20.02",NULL,NULL,NULL,NULL,False,NULL,NULL,"60.29","2026-03-06 18:01:57.507858+00"
"118830",8558,"2026-03-06 16:00:54.172+00","40.21552330","71.73446670",NULL,"19.85",NULL,NULL,NULL,NULL,False,NULL,NULL,"61.29","2026-03-06 18:01:57.507858+00"
"118829",8558,"2026-03-06 16:00:51.168+00","40.21602170","71.73477500",NULL,"19.50",NULL,NULL,NULL,NULL,False,NULL,NULL,"56.80","2026-03-06 18:01:57.507857+00"
"118828",8558,"2026-03-06 16:00:48.167+00","40.21648500","71.73505670",NULL,"18.52",NULL,NULL,NULL,NULL,False,NULL,NULL,"67.60","2026-03-06 18:01:57.507857+00"
"118826",8558,"2026-03-06 16:00:44.172+00","40.21703830","71.73538670",NULL,"18.31",NULL,NULL,NULL,NULL,False,NULL,NULL,"53.28","2026-03-06 18:01:57.507857+00"
"118827",8558,"2026-03-06 16:00:44.172+00","40.21703830","71.73538670",NULL,"18.31",NULL,NULL,NULL,NULL,False,NULL,NULL,"0.00","2026-03-06 18:01:57.507857+00"
"118825",8558,"2026-03-06 16:00:41.17+00","40.21747500","71.73564500",NULL,"17.31",NULL,NULL,NULL,NULL,False,NULL,NULL,"50.91","2026-03-06 18:01:57.507856+00"
"118824",8558,"2026-03-06 16:00:38.171+00","40.21789000","71.73589830",NULL,"16.55",NULL,NULL,NULL,NULL,False,NULL,NULL,"50.84","2026-03-06 18:01:57.507855+00"
"118823",8558,"2026-03-06 16:00:35.173+00","40.21830000","71.73616330",NULL,"16.87",NULL,NULL,NULL,NULL,False,NULL,NULL,"41.44","2026-03-06 18:01:57.507855+00"
"118821",8558,"2026-03-06 16:00:33.172+00","40.21865500","71.73631170",NULL,"15.82",NULL,NULL,NULL,NULL,False,NULL,NULL,"87.26","2026-03-06 18:01:57.507854+00"
"118822",8558,"2026-03-06 16:00:33.172+00","40.21865500","71.73631170",NULL,"15.82",NULL,NULL,NULL,NULL,False,NULL,NULL,"0.00","2026-03-06 18:01:57.507854+00"
"118819",8558,"2026-03-06 16:00:28.17+00","40.21934830","71.73679330",NULL,"11.41",NULL,NULL,NULL,NULL,False,NULL,NULL,"28.93","2026-03-06 18:01:57.507854+00"
"118820",8558,"2026-03-06 16:00:28.17+00","40.21934830","71.73679330",NULL,"11.41",NULL,NULL,NULL,NULL,False,NULL,NULL,"0.00","2026-03-06 18:01:57.507854+00"
"118818",8558,"2026-03-06 16:00:26.169+00","40.21958830","71.73692500",NULL,"5.87",NULL,NULL,NULL,NULL,False,NULL,NULL,"20.61","2026-03-06 18:01:57.507853+00"
"118816",8558,"2026-03-06 16:00:23.168+00","40.21976500","71.73699830",NULL,"6.19",NULL,NULL,NULL,NULL,False,NULL,NULL,"13.93","2026-03-06 18:01:57.507853+00"
"118817",8558,"2026-03-06 16:00:23.168+00","40.21976500","71.73699830",NULL,"6.19",NULL,NULL,NULL,NULL,False,NULL,NULL,"0.00","2026-03-06 18:01:57.507853+00"
"118815",8558,"2026-03-06 16:00:21.16+00","40.21987830","71.73706830",NULL,"1.31",NULL,NULL,NULL,NULL,False,NULL,NULL,"11.64","2026-03-06 18:01:57.507853+00"
"118813",8558,"2026-03-06 16:00:00.172+00","40.21996670","71.73714170",NULL,"0.22",NULL,NULL,NULL,NULL,False,NULL,NULL,"30.25","2026-03-06 18:01:57.507852+00"
"118814",8558,"2026-03-06 16:00:00.172+00","40.21996670","71.73714170",NULL,"0.22",NULL,NULL,NULL,NULL,False,NULL,NULL,"0.00","2026-03-06 18:01:57.507852+00"
"118811",8558,"2026-03-06 15:59:52.167+00","40.22021170","71.73729670",NULL,"10.52",NULL,NULL,NULL,NULL,False,NULL,NULL,"42.74","2026-03-06 18:01:57.507852+00"
"118812",8558,"2026-03-06 15:59:52.167+00","40.22021170","71.73729670",NULL,"10.52",NULL,NULL,NULL,NULL,False,NULL,NULL,"0.00","2026-03-06 18:01:57.507852+00"
"118810",8558,"2026-03-06 15:59:49.168+00","40.22056330","71.73750000",NULL,"17.40",NULL,NULL,NULL,NULL,False,NULL,NULL,"53.34","2026-03-06 18:01:57.507852+00"
"118809",8558,"2026-03-06 15:59:46.167+00","40.22100170","71.73775500",NULL,"17.27",NULL,NULL,NULL,NULL,False,NULL,NULL,"51.52","2026-03-06 18:01:57.507851+00"
"118808",8558,"2026-03-06 15:59:43.171+00","40.22142330","71.73800670",NULL,"17.02",NULL,NULL,NULL,NULL,False,NULL,NULL,"50.97","2026-03-06 18:01:57.507851+00"
"118807",8558,"2026-03-06 15:59:40.169+00","40.22183830","71.73826170",NULL,"16.65",NULL,NULL,NULL,NULL,False,NULL,NULL,"49.44","2026-03-06 18:01:57.50785+00"
"118806",8558,"2026-03-06 15:59:37.17+00","40.22224170","71.73850670",NULL,"16.02",NULL,NULL,NULL,NULL,False,NULL,NULL,"47.68","2026-03-06 18:01:57.507847+00"
"118805",8558,"2026-03-06 15:59:34.171+00","40.22263170","71.73874000",NULL,"15.40",NULL,NULL,NULL,NULL,False,NULL,NULL,"46.31","2026-03-06 18:01:57.507846+00"
"118804",8558,"2026-03-06 15:59:31.17+00","40.22301170","71.73896330",NULL,"14.83",NULL,NULL,NULL,NULL,False,NULL,NULL,"46.00","2026-03-06 18:01:57.507846+00"
"118803",8558,"2026-03-06 15:59:28.17+00","40.22339670","71.73916170",NULL,"14.55",NULL,NULL,NULL,NULL,False,NULL,NULL,"54.15","2026-03-06 18:01:57.507846+00"
"118801",8558,"2026-03-06 15:59:24.172+00","40.22383670","71.73943500",NULL,"16.62",NULL,NULL,NULL,NULL,False,NULL,NULL,"53.79","2026-03-06 18:01:57.507845+00"
"118802",8558,"2026-03-06 15:59:24.172+00","40.22383670","71.73943500",NULL,"16.62",NULL,NULL,NULL,NULL,False,NULL,NULL,"0.00","2026-03-06 18:01:57.507846+00"
"118800",8558,"2026-03-06 15:59:21.168+00","40.22427670","71.73969830",NULL,"18.69",NULL,NULL,NULL,NULL,False,NULL,NULL,"57.04","2026-03-06 18:01:57.086102+00"
"118799",8558,"2026-03-06 15:59:18.171+00","40.22474000","71.73998670",NULL,"18.77",NULL,NULL,NULL,NULL,False,NULL,NULL,"56.79","2026-03-06 18:01:57.086102+00"
"118798",8558,"2026-03-06 15:59:15.17+00","40.22520330","71.74026830",NULL,"18.74",NULL,NULL,NULL,NULL,False,NULL,NULL,"57.02","2026-03-06 18:01:57.086101+00"
"118797",8558,"2026-03-06 15:59:12.173+00","40.22567170","71.74054170",NULL,"18.68",NULL,NULL,NULL,NULL,False,NULL,NULL,"56.56","2026-03-06 18:01:57.086101+00"
"118796",8558,"2026-03-06 15:59:09.169+00","40.22614000","71.74080170",NULL,"18.87",NULL,NULL,NULL,NULL,False,NULL,NULL,"57.51","2026-03-06 18:01:57.086101+00"
"118795",8558,"2026-03-06 15:59:06.172+00","40.22660500","71.74109830",NULL,"18.21",NULL,NULL,NULL,NULL,False,NULL,NULL,"55.49","2026-03-06 18:01:57.086101+00"
"118794",8558,"2026-03-06 15:59:03.171+00","40.22706000","71.74136670",NULL,"18.25",NULL,NULL,NULL,NULL,False,NULL,NULL,"54.81","2026-03-06 18:01:57.0861+00"
"118793",8558,"2026-03-06 15:59:00.172+00","40.22750830","71.74163500",NULL,"18.41",NULL,NULL,NULL,NULL,False,NULL,NULL,"54.14","2026-03-06 18:01:57.0861+00"
"118792",8558,"2026-03-06 15:58:57.168+00","40.22795000","71.74190330",NULL,"17.66",NULL,NULL,NULL,NULL,False,NULL,NULL,"54.24","2026-03-06 18:01:57.0861+00"
"118791",8558,"2026-03-06 15:58:54.167+00","40.22839330","71.74217000",NULL,"17.91",NULL,NULL,NULL,NULL,False,NULL,NULL,"53.27","2026-03-06 18:01:57.0861+00"
"118790",8558,"2026-03-06 15:58:51.171+00","40.22883330","71.74241830",NULL,"17.55",NULL,NULL,NULL,NULL,False,NULL,NULL,"53.91","2026-03-06 18:01:57.086099+00"
"118788",8558,"2026-03-06 15:58:48.169+00","40.22928000","71.74266500",NULL,"17.52",NULL,NULL,NULL,NULL,False,NULL,NULL,"52.08","2026-03-06 18:01:57.086098+00"
"118789",8558,"2026-03-06 15:58:48.169+00","40.22928000","71.74266500",NULL,"17.52",NULL,NULL,NULL,NULL,False,NULL,NULL,"0.00","2026-03-06 18:01:57.086098+00"
"118787",8558,"2026-03-06 15:58:45.167+00","40.22971000","71.74290830",NULL,"17.08",NULL,NULL,NULL,NULL,False,NULL,NULL,"51.30","2026-03-06 18:01:57.086098+00"
"118786",8558,"2026-03-06 15:58:42.171+00","40.23013000","71.74315830",NULL,"16.74",NULL,NULL,NULL,NULL,False,NULL,NULL,"48.36","2026-03-06 18:01:57.086098+00"
"118785",8558,"2026-03-06 15:58:39.171+00","40.23052500","71.74339670",NULL,"14.74",NULL,NULL,NULL,NULL,False,NULL,NULL,"46.00","2026-03-06 18:01:57.086097+00"
"118783",8558,"2026-03-06 15:58:36.171+00","40.23089000","71.74365170",NULL,"13.25",NULL,NULL,NULL,NULL,False,NULL,NULL,"38.05","2026-03-06 18:01:57.086097+00"
"118784",8558,"2026-03-06 15:58:36.171+00","40.23089000","71.74365170",NULL,"13.25",NULL,NULL,NULL,NULL,False,NULL,NULL,"0.00","2026-03-06 18:01:57.086097+00"
"118782",8558,"2026-03-06 15:58:33.171+00","40.23120170","71.74383670",NULL,"12.09",NULL,NULL,NULL,NULL,False,NULL,NULL,"38.33","2026-03-06 18:01:57.086097+00"
"118780",8558,"2026-03-06 15:58:30.172+00","40.23151670","71.74402000",NULL,"8.81",NULL,NULL,NULL,NULL,False,NULL,NULL,"29.45","2026-03-06 18:01:57.086096+00"
"118781",8558,"2026-03-06 15:58:30.172+00","40.23151670","71.74402000",NULL,"8.81",NULL,NULL,NULL,NULL,False,NULL,NULL,"0.00","2026-03-06 18:01:57.086096+00"
"118778",8558,"2026-03-06 15:58:26.171+00","40.23175170","71.74418000",NULL,"5.63",NULL,NULL,NULL,NULL,False,NULL,NULL,"10.19","2026-03-06 18:01:57.086096+00"
"118779",8558,"2026-03-06 15:58:26.171+00","40.23175170","71.74418000",NULL,"5.63",NULL,NULL,NULL,NULL,False,NULL,NULL,"0.00","2026-03-06 18:01:57.086096+00"
"118776",8558,"2026-03-06 15:58:14.168+00","40.23183500","71.74423000",NULL,"1.18",NULL,NULL,NULL,NULL,False,NULL,NULL,"40.67","2026-03-06 18:01:57.086095+00"
"118777",8558,"2026-03-06 15:58:14.168+00","40.23183500","71.74423000",NULL,"1.18",NULL,NULL,NULL,NULL,False,NULL,NULL,"0.00","2026-03-06 18:01:57.086096+00"
"118775",8558,"2026-03-06 15:58:06.17+00","40.23216500","71.74443670",NULL,"13.35",NULL,NULL,NULL,NULL,False,NULL,NULL,"41.38","2026-03-06 18:01:57.086095+00"
"118773",8558,"2026-03-06 15:58:03.17+00","40.23251330","71.74460830",NULL,"15.94",NULL,NULL,NULL,NULL,False,NULL,NULL,"55.65","2026-03-06 18:01:57.086095+00"
"118774",8558,"2026-03-06 15:58:03.17+00","40.23251330","71.74460830",NULL,"15.94",NULL,NULL,NULL,NULL,False,NULL,NULL,"0.00","2026-03-06 18:01:57.086095+00"
"118772",8558,"2026-03-06 15:58:00.172+00","40.23297330","71.74486670",NULL,"20.55",NULL,NULL,NULL,NULL,False,NULL,NULL,"56.65","2026-03-06 18:01:57.086094+00"
"118770",8558,"2026-03-06 15:57:57.17+00","40.23341170","71.74520670",NULL,"22.09",NULL,NULL,NULL,NULL,False,NULL,NULL,"66.83","2026-03-06 18:01:57.086093+00"
"118771",8558,"2026-03-06 15:57:57.17+00","40.23341170","71.74520670",NULL,"22.09",NULL,NULL,NULL,NULL,False,NULL,NULL,"0.00","2026-03-06 18:01:57.086093+00"
"118769",8558,"2026-03-06 15:57:54.17+00","40.23397000","71.74549830",NULL,"22.91",NULL,NULL,NULL,NULL,False,NULL,NULL,"70.11","2026-03-06 18:01:57.086093+00"
"118768",8558,"2026-03-06 15:57:51.165+00","40.23457170","71.74574500",NULL,"24.81",NULL,NULL,NULL,NULL,False,NULL,NULL,"75.36","2026-03-06 18:01:57.086093+00"
"118767",8558,"2026-03-06 15:57:48.168+00","40.23522830","71.74596500",NULL,"25.86",NULL,NULL,NULL,NULL,False,NULL,NULL,"80.81","2026-03-06 18:01:57.086092+00"
"118765",8558,"2026-03-06 15:57:45.168+00","40.23594170","71.74614670",NULL,"27.14",NULL,NULL,NULL,NULL,False,NULL,NULL,"83.56","2026-03-06 18:01:57.086091+00"
"118766",8558,"2026-03-06 15:57:45.168+00","40.23594170","71.74614670",NULL,"27.14",NULL,NULL,NULL,NULL,False,NULL,NULL,"0.00","2026-03-06 18:01:57.086092+00"
"118764",8558,"2026-03-06 15:57:42.173+00","40.23667330","71.74637170",NULL,"28.90",NULL,NULL,NULL,NULL,False,NULL,NULL,"89.22","2026-03-06 18:01:57.086091+00"
"118763",8558,"2026-03-06 15:57:39.167+00","40.23745330","71.74661830",NULL,"31.17",NULL,NULL,NULL,NULL,False,NULL,NULL,"93.27","2026-03-06 18:01:57.086091+00"
"118762",8558,"2026-03-06 15:57:36.173+00","40.23826830","71.74687830",NULL,"31.14",NULL,NULL,NULL,NULL,False,NULL,NULL,"93.42","2026-03-06 18:01:57.086091+00"
"118761",8558,"2026-03-06 15:57:33.168+00","40.23908500","71.74713670",NULL,"30.78",NULL,NULL,NULL,NULL,False,NULL,NULL,"93.16","2026-03-06 18:01:57.086091+00"
"118760",8558,"2026-03-06 15:57:30.171+00","40.23989830","71.74740000",NULL,"31.15",NULL,NULL,NULL,NULL,False,NULL,NULL,"93.95","2026-03-06 18:01:57.08609+00"
"118759",8558,"2026-03-06 15:57:27.168+00","40.24071830","71.74766670",NULL,"31.05",NULL,NULL,NULL,NULL,False,NULL,NULL,"93.46","2026-03-06 18:01:57.08609+00"
"118758",8558,"2026-03-06 15:57:24.171+00","40.24153500","71.74792670",NULL,"30.97",NULL,NULL,NULL,NULL,False,NULL,NULL,"92.70","2026-03-06 18:01:57.08609+00"
"118757",8558,"2026-03-06 15:57:21.167+00","40.24234500","71.74818500",NULL,"30.95",NULL,NULL,NULL,NULL,False,NULL,NULL,"92.65","2026-03-06 18:01:57.086089+00"
"118756",8558,"2026-03-06 15:57:18.171+00","40.24315330","71.74845000",NULL,"30.41",NULL,NULL,NULL,NULL,False,NULL,NULL,"91.65","2026-03-06 18:01:57.086089+00"
"118755",8558,"2026-03-06 15:57:15.169+00","40.24395330","71.74871000",NULL,"30.40",NULL,NULL,NULL,NULL,False,NULL,NULL,"92.02","2026-03-06 18:01:57.086089+00"
"118754",8558,"2026-03-06 15:57:12.168+00","40.24475670","71.74897000",NULL,"30.45",NULL,NULL,NULL,NULL,False,NULL,NULL,"91.11","2026-03-06 18:01:57.086088+00"
"118753",8558,"2026-03-06 15:57:09.169+00","40.24555170","71.74923000",NULL,"30.25",NULL,NULL,NULL,NULL,False,NULL,NULL,"91.47","2026-03-06 18:01:57.086082+00"
"118752",8558,"2026-03-06 15:57:06.169+00","40.24635000","71.74949000",NULL,"29.94",NULL,NULL,NULL,NULL,False,NULL,NULL,"89.44","2026-03-06 18:01:57.086082+00"
"118751",8558,"2026-03-06 15:57:03.166+00","40.24713500","71.74972000",NULL,"29.71",NULL,NULL,NULL,NULL,False,NULL,NULL,"90.47","2026-03-06 18:01:57.086081+00"
"118750",8558,"2026-03-06 15:57:00.167+00","40.24792830","71.74995670",NULL,"29.90",NULL,NULL,NULL,NULL,False,NULL,NULL,"89.52","2026-03-06 18:01:56.747216+00"
"118749",8558,"2026-03-06 15:56:57.164+00","40.24871170","71.75020000",NULL,"30.04",NULL,NULL,NULL,NULL,False,NULL,NULL,"89.40","2026-03-06 18:01:56.747216+00"
"118748",8558,"2026-03-06 15:56:54.168+00","40.24949330","71.75044670",NULL,"29.39",NULL,NULL,NULL,NULL,False,NULL,NULL,"88.04","2026-03-06 18:01:56.747215+00"
"118747",8558,"2026-03-06 15:56:51.168+00","40.25026170","71.75069670",NULL,"29.24",NULL,NULL,NULL,NULL,False,NULL,NULL,"87.67","2026-03-06 18:01:56.747215+00"
"118746",8558,"2026-03-06 15:56:48.169+00","40.25102830","71.75093830",NULL,"28.91",NULL,NULL,NULL,NULL,False,NULL,NULL,"86.26","2026-03-06 18:01:56.747215+00"
"118745",8558,"2026-03-06 15:56:45.17+00","40.25178330","71.75117170",NULL,"28.55",NULL,NULL,NULL,NULL,False,NULL,NULL,"83.96","2026-03-06 18:01:56.747215+00"
"118744",8558,"2026-03-06 15:56:42.17+00","40.25252330","71.75136830",NULL,"27.95",NULL,NULL,NULL,NULL,False,NULL,NULL,"84.10","2026-03-06 18:01:56.747214+00"
"118743",8558,"2026-03-06 15:56:39.165+00","40.25327500","71.75147830",NULL,"27.68",NULL,NULL,NULL,NULL,False,NULL,NULL,"84.02","2026-03-06 18:01:56.747214+00"
"118742",8558,"2026-03-06 15:56:36.168+00","40.25402830","71.75155500",NULL,"27.74",NULL,NULL,NULL,NULL,False,NULL,NULL,"84.07","2026-03-06 18:01:56.747214+00"
"118741",8558,"2026-03-06 15:56:33.166+00","40.25478000","71.75166170",NULL,"27.73",NULL,NULL,NULL,NULL,False,NULL,NULL,"84.10","2026-03-06 18:01:56.747214+00"
"118740",8558,"2026-03-06 15:56:30.163+00","40.25552330","71.75184500",NULL,"28.01",NULL,NULL,NULL,NULL,False,NULL,NULL,"84.67","2026-03-06 18:01:56.747213+00"
"118738",8558,"2026-03-06 15:56:27.17+00","40.25626330","71.75208000",NULL,"27.65",NULL,NULL,NULL,NULL,False,NULL,NULL,"83.23","2026-03-06 18:01:56.747212+00"
"118739",8558,"2026-03-06 15:56:27.17+00","40.25626330","71.75208000",NULL,"27.65",NULL,NULL,NULL,NULL,False,NULL,NULL,"0.00","2026-03-06 18:01:56.747213+00"
"118737",8558,"2026-03-06 15:56:24.171+00","40.25699330","71.75229670",NULL,"27.32",NULL,NULL,NULL,NULL,False,NULL,NULL,"81.45","2026-03-06 18:01:56.747212+00"
"118736",8558,"2026-03-06 15:56:21.168+00","40.25770830","71.75250500",NULL,"26.76",NULL,NULL,NULL,NULL,False,NULL,NULL,"79.88","2026-03-06 18:01:56.747211+00"
"118735",8558,"2026-03-06 15:56:18.157+00","40.25841000","71.75270670",NULL,"26.30",NULL,NULL,NULL,NULL,False,NULL,NULL,"78.16","2026-03-06 18:01:56.747211+00"
"118734",8558,"2026-03-06 15:56:15.17+00","40.25909500","71.75291330",NULL,"25.67",NULL,NULL,NULL,NULL,False,NULL,NULL,"75.50","2026-03-06 18:01:56.747211+00"
"118733",8558,"2026-03-06 15:56:12.17+00","40.25975830","71.75310330",NULL,"24.91",NULL,NULL,NULL,NULL,False,NULL,NULL,"73.31","2026-03-06 18:01:56.74721+00"
"118732",8558,"2026-03-06 15:56:09.17+00","40.26040000","71.75330170",NULL,"24.11",NULL,NULL,NULL,NULL,False,NULL,NULL,"72.00","2026-03-06 18:01:56.74721+00"
"118731",8558,"2026-03-06 15:56:06.169+00","40.26103170","71.75348830",NULL,"23.32",NULL,NULL,NULL,NULL,False,NULL,NULL,"69.92","2026-03-06 18:01:56.74721+00"
"118729",8558,"2026-03-06 15:56:03.169+00","40.26164670","71.75366000",NULL,"22.71",NULL,NULL,NULL,NULL,False,NULL,NULL,"67.65","2026-03-06 18:01:56.747209+00"
"118730",8558,"2026-03-06 15:56:03.169+00","40.26164670","71.75366000",NULL,"22.71",NULL,NULL,NULL,NULL,False,NULL,NULL,"0.00","2026-03-06 18:01:56.747209+00"
"118728",8558,"2026-03-06 15:56:00.166+00","40.26224000","71.75383670",NULL,"22.14",NULL,NULL,NULL,NULL,False,NULL,NULL,"64.30","2026-03-06 18:01:56.747209+00"
"118727",8558,"2026-03-06 15:55:57.166+00","40.26280500","71.75399830",NULL,"20.46",NULL,NULL,NULL,NULL,False,NULL,NULL,"60.93","2026-03-06 18:01:56.747209+00"
"118725",8558,"2026-03-06 15:55:54.17+00","40.26334170","71.75414330",NULL,"18.81",NULL,NULL,NULL,NULL,False,NULL,NULL,"54.73","2026-03-06 18:01:56.747208+00"
"118726",8558,"2026-03-06 15:55:54.17+00","40.26334170","71.75414330",NULL,"18.81",NULL,NULL,NULL,NULL,False,NULL,NULL,"0.00","2026-03-06 18:01:56.747208+00"
"118724",8558,"2026-03-06 15:55:51.166+00","40.26382330","71.75427670",NULL,"17.03",NULL,NULL,NULL,NULL,False,NULL,NULL,"49.71","2026-03-06 18:01:56.747208+00"
"118723",8558,"2026-03-06 15:55:48.164+00","40.26426170","71.75439170",NULL,"15.07",NULL,NULL,NULL,NULL,False,NULL,NULL,"43.10","2026-03-06 18:01:56.747208+00"
"118721",8558,"2026-03-06 15:55:44.932+00","40.26463000","71.75455000",NULL,"12.63",NULL,NULL,NULL,NULL,False,NULL,NULL,"91.61","2026-03-06 18:01:56.747207+00"
"118722",8558,"2026-03-06 15:55:44.932+00","40.26463000","71.75455000",NULL,"12.63",NULL,NULL,NULL,NULL,False,NULL,NULL,"0.00","2026-03-06 18:01:56.747207+00"
"118719",8558,"2026-03-06 15:55:35.167+00","40.26542670","71.75482500",NULL,"8.93",NULL,NULL,NULL,NULL,False,NULL,NULL,"47.80","2026-03-06 18:01:56.747206+00"
"118720",8558,"2026-03-06 15:55:35.167+00","40.26542670","71.75482500",NULL,"8.93",NULL,NULL,NULL,NULL,False,NULL,NULL,"0.00","2026-03-06 18:01:56.747206+00"
"118718",8558,"2026-03-06 15:55:31.167+00","40.26584670","71.75494500",NULL,"14.02",NULL,NULL,NULL,NULL,False,NULL,NULL,"46.92","2026-03-06 18:01:56.747205+00"
"118717",8558,"2026-03-06 15:55:28.166+00","40.26626170","71.75504500",NULL,"16.03",NULL,NULL,NULL,NULL,False,NULL,NULL,"48.16","2026-03-06 18:01:56.747205+00"
"118715",8558,"2026-03-06 15:55:25.168+00","40.26668830","71.75514330",NULL,"17.11",NULL,NULL,NULL,NULL,False,NULL,NULL,"52.48","2026-03-06 18:01:56.747205+00"
"118716",8558,"2026-03-06 15:55:25.168+00","40.26668830","71.75514330",NULL,"17.11",NULL,NULL,NULL,NULL,False,NULL,NULL,"0.00","2026-03-06 18:01:56.747205+00"
"118714",8558,"2026-03-06 15:55:22.169+00","40.26715000","71.75527170",NULL,"17.61",NULL,NULL,NULL,NULL,False,NULL,NULL,"53.24","2026-03-06 18:01:56.747204+00"
"118713",8558,"2026-03-06 15:55:19.169+00","40.26761670","71.75541170",NULL,"17.93",NULL,NULL,NULL,NULL,False,NULL,NULL,"54.59","2026-03-06 18:01:56.747204+00"
"118712",8558,"2026-03-06 15:55:16.169+00","40.26809670","71.75554670",NULL,"18.02",NULL,NULL,NULL,NULL,False,NULL,NULL,"55.37","2026-03-06 18:01:56.747204+00"
"118711",8558,"2026-03-06 15:55:13.167+00","40.26858330","71.75568500",NULL,"17.84",NULL,NULL,NULL,NULL,False,NULL,NULL,"52.93","2026-03-06 18:01:56.747203+00"
"118709",8558,"2026-03-06 15:55:10.166+00","40.26904170","71.75585330",NULL,"17.77",NULL,NULL,NULL,NULL,False,NULL,NULL,"53.29","2026-03-06 18:01:56.747203+00"
"118710",8558,"2026-03-06 15:55:10.166+00","40.26904170","71.75585330",NULL,"17.77",NULL,NULL,NULL,NULL,False,NULL,NULL,"0.00","2026-03-06 18:01:56.747203+00"
"118708",8558,"2026-03-06 15:55:07.168+00","40.26950830","71.75599670",NULL,"17.49",NULL,NULL,NULL,NULL,False,NULL,NULL,"52.69","2026-03-06 18:01:56.747202+00"
"118707",8558,"2026-03-06 15:55:04.166+00","40.26997000","71.75613670",NULL,"17.16",NULL,NULL,NULL,NULL,False,NULL,NULL,"51.87","2026-03-06 18:01:56.747202+00"
"118706",8558,"2026-03-06 15:55:01.166+00","40.27042500","71.75627170",NULL,"16.96",NULL,NULL,NULL,NULL,False,NULL,NULL,"51.61","2026-03-06 18:01:56.747202+00"
"118705",8558,"2026-03-06 15:54:58.166+00","40.27088000","71.75639170",NULL,"16.87",NULL,NULL,NULL,NULL,False,NULL,NULL,"47.83","2026-03-06 18:01:56.747201+00"
"118703",8558,"2026-03-06 15:54:55.166+00","40.27129670","71.75653170",NULL,"16.95",NULL,NULL,NULL,NULL,False,NULL,NULL,"58.73","2026-03-06 18:01:56.747198+00"
"118704",8558,"2026-03-06 15:54:55.166+00","40.27129670","71.75653170",NULL,"16.95",NULL,NULL,NULL,NULL,False,NULL,NULL,"0.00","2026-03-06 18:01:56.747201+00"
"118701",8558,"2026-03-06 15:54:51.171+00","40.27180000","71.75674170",NULL,"17.71",NULL,NULL,NULL,NULL,False,NULL,NULL,"44.25","2026-03-06 18:01:56.747197+00"
"118702",8558,"2026-03-06 15:54:51.171+00","40.27180000","71.75674170",NULL,"17.71",NULL,NULL,NULL,NULL,False,NULL,NULL,"0.00","2026-03-06 18:01:56.747198+00"
"118699",8558,"2026-03-06 15:54:49.169+00","40.27219500","71.75680500",NULL,"17.49",NULL,NULL,NULL,NULL,False,NULL,NULL,"53.12","2026-03-06 18:01:56.479835+00"
"118700",8558,"2026-03-06 15:54:49.169+00","40.27219500","71.75680500",NULL,"17.49",NULL,NULL,NULL,NULL,False,NULL,NULL,"0.00","2026-03-06 18:01:56.479835+00"
"118698",8558,"2026-03-06 15:54:46.168+00","40.27266000","71.75694830",NULL,"17.63",NULL,NULL,NULL,NULL,False,NULL,NULL,"53.38","2026-03-06 18:01:56.479835+00"
"118697",8558,"2026-03-06 15:54:43.171+00","40.27312830","71.75708670",NULL,"17.94",NULL,NULL,NULL,NULL,False,NULL,NULL,"54.74","2026-03-06 18:01:56.479835+00"
"118696",8558,"2026-03-06 15:54:40.166+00","40.27360830","71.75723000",NULL,"18.24",NULL,NULL,NULL,NULL,False,NULL,NULL,"55.89","2026-03-06 18:01:56.479834+00"
"118695",8558,"2026-03-06 15:54:37.165+00","40.27410000","71.75736670",NULL,"18.85",NULL,NULL,NULL,NULL,False,NULL,NULL,"57.73","2026-03-06 18:01:56.479834+00"
"118694",8558,"2026-03-06 15:54:34.169+00","40.27460670","71.75751500",NULL,"19.31",NULL,NULL,NULL,NULL,False,NULL,NULL,"60.05","2026-03-06 18:01:56.479834+00"
"118693",8558,"2026-03-06 15:54:31.17+00","40.27513330","71.75767170",NULL,"20.11",NULL,NULL,NULL,NULL,False,NULL,NULL,"61.84","2026-03-06 18:01:56.479834+00"
"118692",8558,"2026-03-06 15:54:28.166+00","40.27567500","71.75783670",NULL,"20.96",NULL,NULL,NULL,NULL,False,NULL,NULL,"64.04","2026-03-06 18:01:56.479833+00"
"118690",8558,"2026-03-06 15:54:25.17+00","40.27622670","71.75805330",NULL,"21.90",NULL,NULL,NULL,NULL,False,NULL,NULL,"66.93","2026-03-06 18:01:56.479833+00"
"118691",8558,"2026-03-06 15:54:25.17+00","40.27622670","71.75805330",NULL,"21.90",NULL,NULL,NULL,NULL,False,NULL,NULL,"0.00","2026-03-06 18:01:56.479833+00"
"118689",8558,"2026-03-06 15:54:22.169+00","40.27680830","71.75825670",NULL,"22.78",NULL,NULL,NULL,NULL,False,NULL,NULL,"69.62","2026-03-06 18:01:56.479833+00"
"118688",8558,"2026-03-06 15:54:19.167+00","40.27739500","71.75854330",NULL,"23.98",NULL,NULL,NULL,NULL,False,NULL,NULL,"75.13","2026-03-06 18:01:56.479833+00"
"118687",8558,"2026-03-06 15:54:16.171+00","40.27800830","71.75891500",NULL,"25.12",NULL,NULL,NULL,NULL,False,NULL,NULL,"78.20","2026-03-06 18:01:56.479832+00"
"118685",8558,"2026-03-06 15:54:13.168+00","40.27864670","71.75930170",NULL,"27.06",NULL,NULL,NULL,NULL,False,NULL,NULL,"83.95","2026-03-06 18:01:56.479832+00"
"118686",8558,"2026-03-06 15:54:13.168+00","40.27864670","71.75930170",NULL,"27.06",NULL,NULL,NULL,NULL,False,NULL,NULL,"0.00","2026-03-06 18:01:56.479832+00"
"118684",8558,"2026-03-06 15:54:10.166+00","40.27932670","71.75973170",NULL,"28.78",NULL,NULL,NULL,NULL,False,NULL,NULL,"87.77","2026-03-06 18:01:56.479832+00"
"118683",8558,"2026-03-06 15:54:07.166+00","40.28003500","71.76018830",NULL,"29.35",NULL,NULL,NULL,NULL,False,NULL,NULL,"87.76","2026-03-06 18:01:56.47983+00"
"118682",8558,"2026-03-06 15:54:04.167+00","40.28074500","71.76064000",NULL,"29.10",NULL,NULL,NULL,NULL,False,NULL,NULL,"87.51","2026-03-06 18:01:56.47983+00"
"118681",8558,"2026-03-06 15:54:01.169+00","40.28145500","71.76108500",NULL,"28.98",NULL,NULL,NULL,NULL,False,NULL,NULL,"86.59","2026-03-06 18:01:56.47983+00"
"118680",8558,"2026-03-06 15:53:58.165+00","40.28215830","71.76152330",NULL,"28.78",NULL,NULL,NULL,NULL,False,NULL,NULL,"85.98","2026-03-06 18:01:56.47983+00"
"118679",8558,"2026-03-06 15:53:55.171+00","40.28285670","71.76195830",NULL,"28.68",NULL,NULL,NULL,NULL,False,NULL,NULL,"85.91","2026-03-06 18:01:56.479829+00"
"118678",8558,"2026-03-06 15:53:52.167+00","40.28355500","71.76239170",NULL,"28.36",NULL,NULL,NULL,NULL,False,NULL,NULL,"85.55","2026-03-06 18:01:56.479829+00"
"118677",8558,"2026-03-06 15:53:49.171+00","40.28425330","71.76281500",NULL,"28.30",NULL,NULL,NULL,NULL,False,NULL,NULL,"85.56","2026-03-06 18:01:56.479829+00"
"118676",8558,"2026-03-06 15:53:46.168+00","40.28495170","71.76323830",NULL,"27.93",NULL,NULL,NULL,NULL,False,NULL,NULL,"81.11","2026-03-06 18:01:56.479829+00"
"118674",8558,"2026-03-06 15:53:43.168+00","40.28559670","71.76368500",NULL,"27.85",NULL,NULL,NULL,NULL,False,NULL,NULL,"82.56","2026-03-06 18:01:56.479828+00"
"118675",8558,"2026-03-06 15:53:43.168+00","40.28559670","71.76368500",NULL,"27.85",NULL,NULL,NULL,NULL,False,NULL,NULL,"0.00","2026-03-06 18:01:56.479828+00"
"118673",8558,"2026-03-06 15:53:40.166+00","40.28625830","71.76412670",NULL,"27.28",NULL,NULL,NULL,NULL,False,NULL,NULL,"81.04","2026-03-06 18:01:56.479828+00"
"118672",8558,"2026-03-06 15:53:37.167+00","40.28689500","71.76459170",NULL,"26.76",NULL,NULL,NULL,NULL,False,NULL,NULL,"78.65","2026-03-06 18:01:56.479828+00"
"118671",8558,"2026-03-06 15:53:34.166+00","40.28750170","71.76506830",NULL,"25.94",NULL,NULL,NULL,NULL,False,NULL,NULL,"75.95","2026-03-06 18:01:56.479827+00"
"118670",8558,"2026-03-06 15:53:31.169+00","40.28809000","71.76552330",NULL,"25.27",NULL,NULL,NULL,NULL,False,NULL,NULL,"73.24","2026-03-06 18:01:56.479827+00"
"118669",8558,"2026-03-06 15:53:28.166+00","40.28865670","71.76596330",NULL,"24.43",NULL,NULL,NULL,NULL,False,NULL,NULL,"71.08","2026-03-06 18:01:56.479827+00"
"118668",8558,"2026-03-06 15:53:25.166+00","40.28920830","71.76638670",NULL,"23.69",NULL,NULL,NULL,NULL,False,NULL,NULL,"74.21","2026-03-06 18:01:56.479827+00"
"118666",8558,"2026-03-06 15:53:22.17+00","40.28979170","71.76681170",NULL,"22.81",NULL,NULL,NULL,NULL,False,NULL,NULL,"67.25","2026-03-06 18:01:56.479825+00"
"118667",8558,"2026-03-06 15:53:22.17+00","40.28979170","71.76681170",NULL,"22.81",NULL,NULL,NULL,NULL,False,NULL,NULL,"0.00","2026-03-06 18:01:56.479826+00"
"118665",8558,"2026-03-06 15:53:19.171+00","40.29031830","71.76720170",NULL,"21.92",NULL,NULL,NULL,NULL,False,NULL,NULL,"63.85","2026-03-06 18:01:56.479825+00"
"118664",8558,"2026-03-06 15:53:16.169+00","40.29081170","71.76758670",NULL,"20.82",NULL,NULL,NULL,NULL,False,NULL,NULL,"60.51","2026-03-06 18:01:56.479824+00"
"118663",8558,"2026-03-06 15:53:13.169+00","40.29128000","71.76795000",NULL,"19.54",NULL,NULL,NULL,NULL,False,NULL,NULL,"57.06","2026-03-06 18:01:56.479822+00"
"118662",8558,"2026-03-06 15:53:10.168+00","40.29171670","71.76830330",NULL,"18.55",NULL,NULL,NULL,NULL,False,NULL,NULL,"54.02","2026-03-06 18:01:56.479822+00"
"118661",8558,"2026-03-06 15:53:07.17+00","40.29212830","71.76864170",NULL,"17.72",NULL,NULL,NULL,NULL,False,NULL,NULL,"53.72","2026-03-06 18:01:56.479822+00"
"118660",8558,"2026-03-06 15:53:04.171+00","40.29251000","71.76903000",NULL,"18.08",NULL,NULL,NULL,NULL,False,NULL,NULL,"54.61","2026-03-06 18:01:56.479821+00"
"118659",8558,"2026-03-06 15:53:01.169+00","40.29286500","71.76947500",NULL,"18.83",NULL,NULL,NULL,NULL,False,NULL,NULL,"55.88","2026-03-06 18:01:56.479821+00"
"118658",8558,"2026-03-06 15:52:58.169+00","40.29319670","71.76997000",NULL,"18.80",NULL,NULL,NULL,NULL,False,NULL,NULL,"57.08","2026-03-06 18:01:56.479821+00"
"118657",8558,"2026-03-06 15:52:55.172+00","40.29353170","71.77048000",NULL,"19.15",NULL,NULL,NULL,NULL,False,NULL,NULL,"58.03","2026-03-06 18:01:56.479821+00"
"118656",8558,"2026-03-06 15:52:52.171+00","40.29387670","71.77099330",NULL,"19.32",NULL,NULL,NULL,NULL,False,NULL,NULL,"58.15","2026-03-06 18:01:56.47982+00"
"118655",8558,"2026-03-06 15:52:49.172+00","40.29424500","71.77148000",NULL,"19.32",NULL,NULL,NULL,NULL,False,NULL,NULL,"57.66","2026-03-06 18:01:56.47982+00"
"118654",8558,"2026-03-06 15:52:46.168+00","40.29466330","71.77188170",NULL,"19.28",NULL,NULL,NULL,NULL,False,NULL,NULL,"57.90","2026-03-06 18:01:56.47982+00"
"118653",8558,"2026-03-06 15:52:43.171+00","40.29513170","71.77218000",NULL,"19.48",NULL,NULL,NULL,NULL,False,NULL,NULL,"57.41","2026-03-06 18:01:56.479819+00"
"118652",8558,"2026-03-06 15:52:40.171+00","40.29560000","71.77246500",NULL,"19.05",NULL,NULL,NULL,NULL,False,NULL,NULL,"56.74","2026-03-06 18:01:56.479819+00"
"118651",8558,"2026-03-06 15:52:37.171+00","40.29606170","71.77275000",NULL,"18.68",NULL,NULL,NULL,NULL,False,NULL,NULL,"55.64","2026-03-06 18:01:56.479818+00"
"118650",8558,"2026-03-06 15:52:34.168+00","40.29652330","71.77300330",NULL,"18.52",NULL,NULL,NULL,NULL,False,NULL,NULL,"55.37","2026-03-06 18:01:56.15224+00"
"118649",8558,"2026-03-06 15:52:31.172+00","40.29699170","71.77322500",NULL,"18.59",NULL,NULL,NULL,NULL,False,NULL,NULL,"56.59","2026-03-06 18:01:56.15224+00"
"118648",8558,"2026-03-06 15:52:28.173+00","40.29748670","71.77338000",NULL,"19.01",NULL,NULL,NULL,NULL,False,NULL,NULL,"57.71","2026-03-06 18:01:56.152239+00"
"118647",8558,"2026-03-06 15:52:25.173+00","40.29800500","71.77341500",NULL,"19.71",NULL,NULL,NULL,NULL,False,NULL,NULL,"60.08","2026-03-06 18:01:56.152239+00"
"118646",8558,"2026-03-06 15:52:22.167+00","40.29854500","71.77339170",NULL,"20.42",NULL,NULL,NULL,NULL,False,NULL,NULL,"61.29","2026-03-06 18:01:56.152239+00"
"118645",8558,"2026-03-06 15:52:19.174+00","40.29909500","71.77334500",NULL,"20.27",NULL,NULL,NULL,NULL,False,NULL,NULL,"60.58","2026-03-06 18:01:56.152238+00"
"118644",8558,"2026-03-06 15:52:16.172+00","40.29963830","71.77329170",NULL,"19.99",NULL,NULL,NULL,NULL,False,NULL,NULL,"59.97","2026-03-06 18:01:56.152238+00"
"118643",8558,"2026-03-06 15:52:13.172+00","40.30017670","71.77325000",NULL,"19.80",NULL,NULL,NULL,NULL,False,NULL,NULL,"59.43","2026-03-06 18:01:56.152238+00"
"118642",8558,"2026-03-06 15:52:10.171+00","40.30071000","71.77320330",NULL,"19.68",NULL,NULL,NULL,NULL,False,NULL,NULL,"59.25","2026-03-06 18:01:56.152237+00"
"118641",8558,"2026-03-06 15:52:07.172+00","40.30124170","71.77315830",NULL,"19.66",NULL,NULL,NULL,NULL,False,NULL,NULL,"58.53","2026-03-06 18:01:56.152237+00"
"118640",8558,"2026-03-06 15:52:04.161+00","40.30176670","71.77310830",NULL,"19.50",NULL,NULL,NULL,NULL,False,NULL,NULL,"58.51","2026-03-06 18:01:56.152237+00"
"118639",8558,"2026-03-06 15:52:01.162+00","40.30229170","71.77306170",NULL,"19.47",NULL,NULL,NULL,NULL,False,NULL,NULL,"58.33","2026-03-06 18:01:56.152237+00"
"118638",8558,"2026-03-06 15:51:58.162+00","40.30281500","71.77301330",NULL,"19.24",NULL,NULL,NULL,NULL,False,NULL,NULL,"57.23","2026-03-06 18:01:56.152236+00"
"118637",8558,"2026-03-06 15:51:55.174+00","40.30332830","71.77296330",NULL,"18.91",NULL,NULL,NULL,NULL,False,NULL,NULL,"55.94","2026-03-06 18:01:56.152236+00"
"118636",8558,"2026-03-06 15:51:52.171+00","40.30383000","71.77291500",NULL,"18.45",NULL,NULL,NULL,NULL,False,NULL,NULL,"55.00","2026-03-06 18:01:56.152235+00"
"118635",8558,"2026-03-06 15:51:49.174+00","40.30432330","71.77286830",NULL,"18.15",NULL,NULL,NULL,NULL,False,NULL,NULL,"54.27","2026-03-06 18:01:56.152234+00"
"118634",8558,"2026-03-06 15:51:46.173+00","40.30481000","71.77282000",NULL,"18.11",NULL,NULL,NULL,NULL,False,NULL,NULL,"55.22","2026-03-06 18:01:56.152234+00"
"118633",8558,"2026-03-06 15:51:43.172+00","40.30530500","71.77276830",NULL,"18.51",NULL,NULL,NULL,NULL,False,NULL,NULL,"56.49","2026-03-06 18:01:56.152233+00"
"118632",8558,"2026-03-06 15:51:40.168+00","40.30581170","71.77272000",NULL,"18.98",NULL,NULL,NULL,NULL,False,NULL,NULL,"57.80","2026-03-06 18:01:56.152233+00"
"118631",8558,"2026-03-06 15:51:37.171+00","40.30633000","71.77266830",NULL,"19.37",NULL,NULL,NULL,NULL,False,NULL,NULL,"58.94","2026-03-06 18:01:56.152233+00"
"118630",8558,"2026-03-06 15:51:34.168+00","40.30685830","71.77261170",NULL,"19.43",NULL,NULL,NULL,NULL,False,NULL,NULL,"59.15","2026-03-06 18:01:56.152232+00"
"118629",8558,"2026-03-06 15:51:31.169+00","40.30738830","71.77255170",NULL,"19.58",NULL,NULL,NULL,NULL,False,NULL,NULL,"59.49","2026-03-06 18:01:56.152232+00"
"118628",8558,"2026-03-06 15:51:28.166+00","40.30792170","71.77249670",NULL,"19.31",NULL,NULL,NULL,NULL,False,NULL,NULL,"58.94","2026-03-06 18:01:56.152232+00"
"118627",8558,"2026-03-06 15:51:25.172+00","40.30845000","71.77244000",NULL,"18.68",NULL,NULL,NULL,NULL,False,NULL,NULL,"51.09","2026-03-06 18:01:56.152231+00"
"118625",8558,"2026-03-06 15:51:22.17+00","40.30890830","71.77239670",NULL,"18.07",NULL,NULL,NULL,NULL,False,NULL,NULL,"51.50","2026-03-06 18:01:56.152231+00"
"118626",8558,"2026-03-06 15:51:22.17+00","40.30890830","71.77239670",NULL,"18.07",NULL,NULL,NULL,NULL,False,NULL,NULL,"0.00","2026-03-06 18:01:56.152231+00"
"118624",8558,"2026-03-06 15:51:19.17+00","40.30937000","71.77234830",NULL,"17.23",NULL,NULL,NULL,NULL,False,NULL,NULL,"54.08","2026-03-06 18:01:56.15223+00"
"118622",8558,"2026-03-06 15:51:16.17+00","40.30985500","71.77230000",NULL,"17.28",NULL,NULL,NULL,NULL,False,NULL,NULL,"53.00","2026-03-06 18:01:56.15223+00"
"118623",8558,"2026-03-06 15:51:16.17+00","40.30985500","71.77230000",NULL,"17.28",NULL,NULL,NULL,NULL,False,NULL,NULL,"0.00","2026-03-06 18:01:56.15223+00"
"118621",8558,"2026-03-06 15:51:13.169+00","40.31033000","71.77224830",NULL,"17.52",NULL,NULL,NULL,NULL,False,NULL,NULL,"51.73","2026-03-06 18:01:56.15223+00"
"118619",8558,"2026-03-06 15:51:10.169+00","40.31079330","71.77219330",NULL,"17.60",NULL,NULL,NULL,NULL,False,NULL,NULL,"53.21","2026-03-06 18:01:56.152229+00"
"118620",8558,"2026-03-06 15:51:10.169+00","40.31079330","71.77219330",NULL,"17.60",NULL,NULL,NULL,NULL,False,NULL,NULL,"0.00","2026-03-06 18:01:56.152229+00"
"118618",8558,"2026-03-06 15:51:07.169+00","40.31127000","71.77213830",NULL,"17.48",NULL,NULL,NULL,NULL,False,NULL,NULL,"53.15","2026-03-06 18:01:56.152229+00"
"118617",8558,"2026-03-06 15:51:04.166+00","40.31174670","71.77209170",NULL,"17.35",NULL,NULL,NULL,NULL,False,NULL,NULL,"51.70","2026-03-06 18:01:56.152227+00"
"118615",8558,"2026-03-06 15:51:01.17+00","40.31221000","71.77204000",NULL,"17.13",NULL,NULL,NULL,NULL,False,NULL,NULL,"52.70","2026-03-06 18:01:56.152226+00"
"118616",8558,"2026-03-06 15:51:01.17+00","40.31221000","71.77204000",NULL,"17.13",NULL,NULL,NULL,NULL,False,NULL,NULL,"0.00","2026-03-06 18:01:56.152226+00"
"118613",8558,"2026-03-06 15:50:58.168+00","40.31268330","71.77200830",NULL,"17.57",NULL,NULL,NULL,NULL,False,NULL,NULL,"52.62","2026-03-06 18:01:56.152225+00"
"118614",8558,"2026-03-06 15:50:58.168+00","40.31268330","71.77200830",NULL,"17.57",NULL,NULL,NULL,NULL,False,NULL,NULL,"0.00","2026-03-06 18:01:56.152226+00"
"118612",8558,"2026-03-06 15:50:55.171+00","40.31315500","71.77195830",NULL,"17.37",NULL,NULL,NULL,NULL,False,NULL,NULL,"51.49","2026-03-06 18:01:56.152225+00"
"118611",8558,"2026-03-06 15:50:52.168+00","40.31361670","71.77191170",NULL,"16.95",NULL,NULL,NULL,NULL,False,NULL,NULL,"50.02","2026-03-06 18:01:56.152225+00"
"118610",8558,"2026-03-06 15:50:49.168+00","40.31406500","71.77186330",NULL,"16.40",NULL,NULL,NULL,NULL,False,NULL,NULL,"48.73","2026-03-06 18:01:56.152225+00"
"118609",8558,"2026-03-06 15:50:46.17+00","40.31450170","71.77181500",NULL,"15.97",NULL,NULL,NULL,NULL,False,NULL,NULL,"46.45","2026-03-06 18:01:56.152224+00"
"118608",8558,"2026-03-06 15:50:43.171+00","40.31491830","71.77177500",NULL,"15.53",NULL,NULL,NULL,NULL,False,NULL,NULL,"45.96","2026-03-06 18:01:56.152224+00"
"118607",8558,"2026-03-06 15:50:40.17+00","40.31533000","71.77172670",NULL,"14.86",NULL,NULL,NULL,NULL,False,NULL,NULL,"41.98","2026-03-06 18:01:56.152223+00"
"118606",8558,"2026-03-06 15:50:37.167+00","40.31570670","71.77169330",NULL,"13.74",NULL,NULL,NULL,NULL,False,NULL,NULL,"44.65","2026-03-06 18:01:56.152223+00"
"118604",8558,"2026-03-06 15:50:34.165+00","40.31610500","71.77162670",NULL,"12.83",NULL,NULL,NULL,NULL,False,NULL,NULL,"38.51","2026-03-06 18:01:56.152222+00"
"118605",8558,"2026-03-06 15:50:34.165+00","40.31610500","71.77162670",NULL,"12.83",NULL,NULL,NULL,NULL,False,NULL,NULL,"0.00","2026-03-06 18:01:56.152223+00"
"118603",8558,"2026-03-06 15:50:31.17+00","40.31645000","71.77158670",NULL,"11.14",NULL,NULL,NULL,NULL,False,NULL,NULL,"31.48","2026-03-06 18:01:56.152222+00"
"118601",8558,"2026-03-06 15:50:28.167+00","40.31673000","71.77153170",NULL,"9.17",NULL,NULL,NULL,NULL,False,NULL,NULL,"24.01","2026-03-06 18:01:56.152221+00"
"118602",8558,"2026-03-06 15:50:28.167+00","40.31673000","71.77153170",NULL,"9.17",NULL,NULL,NULL,NULL,False,NULL,NULL,"0.00","2026-03-06 18:01:56.152222+00"
"118600",8558,"2026-03-06 15:50:25.167+00","40.31694500","71.77150500",NULL,"6.85",NULL,NULL,NULL,NULL,False,NULL,NULL,"21.64","2026-03-06 18:01:55.847882+00"
"118598",8558,"2026-03-06 15:50:04.166+00","40.31713500","71.77145000",NULL,"5.10",NULL,NULL,NULL,NULL,False,NULL,NULL,"45.65","2026-03-06 18:01:55.847881+00"
"118599",8558,"2026-03-06 15:50:04.166+00","40.31713500","71.77145000",NULL,"5.10",NULL,NULL,NULL,NULL,False,NULL,NULL,"0.00","2026-03-06 18:01:55.847881+00"
"118597",8558,"2026-03-06 15:49:59.17+00","40.31754500","71.77142170",NULL,"13.03",NULL,NULL,NULL,NULL,False,NULL,NULL,"42.38","2026-03-06 18:01:55.84788+00"
"118596",8558,"2026-03-06 15:49:56.169+00","40.31792500","71.77138330",NULL,"14.84",NULL,NULL,NULL,NULL,False,NULL,NULL,"44.60","2026-03-06 18:01:55.847879+00"
"118595",8558,"2026-03-06 15:49:53.17+00","40.31832500","71.77134500",NULL,"15.00",NULL,NULL,NULL,NULL,False,NULL,NULL,"45.12","2026-03-06 18:01:55.847879+00"
"118594",8558,"2026-03-06 15:49:50.173+00","40.31873000","71.77131170",NULL,"15.22",NULL,NULL,NULL,NULL,False,NULL,NULL,"46.42","2026-03-06 18:01:55.847879+00"
"118593",8558,"2026-03-06 15:49:47.168+00","40.31914670","71.77127830",NULL,"15.54",NULL,NULL,NULL,NULL,False,NULL,NULL,"47.02","2026-03-06 18:01:55.847879+00"
"118592",8558,"2026-03-06 15:49:44.168+00","40.31956830","71.77123500",NULL,"15.66",NULL,NULL,NULL,NULL,False,NULL,NULL,"46.81","2026-03-06 18:01:55.847878+00"
"118591",8558,"2026-03-06 15:49:41.167+00","40.31998830","71.77119670",NULL,"15.68",NULL,NULL,NULL,NULL,False,NULL,NULL,"47.38","2026-03-06 18:01:55.847878+00"
"118590",8558,"2026-03-06 15:49:38.168+00","40.32041330","71.77115670",NULL,"15.67",NULL,NULL,NULL,NULL,False,NULL,NULL,"47.41","2026-03-06 18:01:55.847878+00"
"118589",8558,"2026-03-06 15:49:35.166+00","40.32083830","71.77111170",NULL,"15.88",NULL,NULL,NULL,NULL,False,NULL,NULL,"47.59","2026-03-06 18:01:55.847877+00"
"118588",8558,"2026-03-06 15:49:32.167+00","40.32126500","71.77106830",NULL,"15.71",NULL,NULL,NULL,NULL,False,NULL,NULL,"47.21","2026-03-06 18:01:55.847877+00"
"118587",8558,"2026-03-06 15:49:29.167+00","40.32168830","71.77102500",NULL,"15.65",NULL,NULL,NULL,NULL,False,NULL,NULL,"46.54","2026-03-06 18:01:55.847877+00"
"118586",8558,"2026-03-06 15:49:26.171+00","40.32210500","71.77097330",NULL,"15.61",NULL,NULL,NULL,NULL,False,NULL,NULL,"45.64","2026-03-06 18:01:55.847876+00"
"118585",8558,"2026-03-06 15:49:23.168+00","40.32251330","71.77091830",NULL,"15.39",NULL,NULL,NULL,NULL,False,NULL,NULL,"45.40","2026-03-06 18:01:55.847876+00"
"118584",8558,"2026-03-06 15:49:20.166+00","40.32291830","71.77085000",NULL,"16.16",NULL,NULL,NULL,NULL,False,NULL,NULL,"49.44","2026-03-06 18:01:55.847876+00"
"118583",8558,"2026-03-06 15:49:17.157+00","40.32336000","71.77078330",NULL,"16.42",NULL,NULL,NULL,NULL,False,NULL,NULL,"46.89","2026-03-06 18:01:55.847875+00"
"118582",8558,"2026-03-06 15:49:14.157+00","40.32377830","71.77071330",NULL,"16.72",NULL,NULL,NULL,NULL,False,NULL,NULL,"53.17","2026-03-06 18:01:55.847875+00"
"118581",8558,"2026-03-06 15:49:11.166+00","40.32425170","71.77062500",NULL,"16.09",NULL,NULL,NULL,NULL,False,NULL,NULL,"43.17","2026-03-06 18:01:55.847875+00"
"118579",8558,"2026-03-06 15:49:09.164+00","40.32462500","71.77076500",NULL,"17.34",NULL,NULL,NULL,NULL,False,NULL,NULL,"53.87","2026-03-06 18:01:55.847874+00"
"118580",8558,"2026-03-06 15:49:09.164+00","40.32462500","71.77076500",NULL,"17.34",NULL,NULL,NULL,NULL,False,NULL,NULL,"0.00","2026-03-06 18:01:55.847875+00"
"118578",8558,"2026-03-06 15:49:06.157+00","40.32510670","71.77069670",NULL,"17.84",NULL,NULL,NULL,NULL,False,NULL,NULL,"54.40","2026-03-06 18:01:55.847873+00"
"118577",8558,"2026-03-06 15:49:03.158+00","40.32559330","71.77063000",NULL,"18.24",NULL,NULL,NULL,NULL,False,NULL,NULL,"51.48","2026-03-06 18:01:55.847873+00"
"118575",8558,"2026-03-06 15:49:00.167+00","40.32605500","71.77058500",NULL,"17.81",NULL,NULL,NULL,NULL,False,NULL,NULL,"51.80","2026-03-06 18:01:55.847872+00"
"118576",8558,"2026-03-06 15:49:00.167+00","40.32605500","71.77058500",NULL,"17.81",NULL,NULL,NULL,NULL,False,NULL,NULL,"0.00","2026-03-06 18:01:55.847873+00"
"118574",8558,"2026-03-06 15:48:57.17+00","40.32651830","71.77052170",NULL,"16.01",NULL,NULL,NULL,NULL,False,NULL,NULL,"47.49","2026-03-06 18:01:55.847872+00"
"118572",8558,"2026-03-06 15:48:54.171+00","40.32694500","71.77049670",NULL,"14.68",NULL,NULL,NULL,NULL,False,NULL,NULL,"39.70","2026-03-06 18:01:55.847872+00"
"118573",8558,"2026-03-06 15:48:54.171+00","40.32694500","71.77049670",NULL,"14.68",NULL,NULL,NULL,NULL,False,NULL,NULL,"0.00","2026-03-06 18:01:55.847872+00"
"118571",8558,"2026-03-06 15:48:51.166+00","40.32730000","71.77044670",NULL,"11.55",NULL,NULL,NULL,NULL,False,NULL,NULL,"38.01","2026-03-06 18:01:55.847871+00"
"118570",8558,"2026-03-06 15:48:47.167+00","40.32764000","71.77040000",NULL,"7.55",NULL,NULL,NULL,NULL,False,NULL,NULL,"33.23","2026-03-06 18:01:55.847871+00"
"118568",8558,"2026-03-06 15:48:31.172+00","40.32793830","71.77037670",NULL,"9.60",NULL,NULL,NULL,NULL,False,NULL,NULL,"49.29","2026-03-06 18:01:55.847871+00"
"118569",8558,"2026-03-06 15:48:31.172+00","40.32793830","71.77037670",NULL,"9.60",NULL,NULL,NULL,NULL,False,NULL,NULL,"0.00","2026-03-06 18:01:55.847871+00"
"118567",8558,"2026-03-06 15:48:27.168+00","40.32838000","71.77032830",NULL,"12.94",NULL,NULL,NULL,NULL,False,NULL,NULL,"51.34","2026-03-06 18:01:55.84787+00"
"118566",8558,"2026-03-06 15:48:23.167+00","40.32884000","71.77027670",NULL,"12.57",NULL,NULL,NULL,NULL,False,NULL,NULL,"50.13","2026-03-06 18:01:55.84787+00"
"118564",8558,"2026-03-06 15:48:19.166+00","40.32929000","71.77024000",NULL,"12.60",NULL,NULL,NULL,NULL,False,NULL,NULL,"36.85","2026-03-06 18:01:55.847869+00"
"118565",8558,"2026-03-06 15:48:19.166+00","40.32929000","71.77024000",NULL,"12.60",NULL,NULL,NULL,NULL,False,NULL,NULL,"0.00","2026-03-06 18:01:55.84787+00"
"118563",8558,"2026-03-06 15:48:16.168+00","40.32962000","71.77020000",NULL,"12.11",NULL,NULL,NULL,NULL,False,NULL,NULL,"31.24","2026-03-06 18:01:55.847869+00"
"118561",8558,"2026-03-06 15:48:14.166+00","40.32990000","71.77017000",NULL,"10.43",NULL,NULL,NULL,NULL,False,NULL,NULL,"30.22","2026-03-06 18:01:55.847867+00"
"118562",8558,"2026-03-06 15:48:14.166+00","40.32990000","71.77017000",NULL,"10.43",NULL,NULL,NULL,NULL,False,NULL,NULL,"0.00","2026-03-06 18:01:55.847869+00"
"118559",8558,"2026-03-06 15:48:10.167+00","40.33017170","71.77016000",NULL,"6.29",NULL,NULL,NULL,NULL,False,NULL,NULL,"33.97","2026-03-06 18:01:55.847866+00"
"118560",8558,"2026-03-06 15:48:10.167+00","40.33017170","71.77016000",NULL,"6.29",NULL,NULL,NULL,NULL,False,NULL,NULL,"0.00","2026-03-06 18:01:55.847866+00"
"118557",8558,"2026-03-06 15:47:44.175+00","40.33047500","71.77011170",NULL,"8.52",NULL,NULL,NULL,NULL,False,NULL,NULL,"47.05","2026-03-06 18:01:55.847865+00"
"118558",8558,"2026-03-06 15:47:44.175+00","40.33047500","71.77011170",NULL,"8.52",NULL,NULL,NULL,NULL,False,NULL,NULL,"0.00","2026-03-06 18:01:55.847865+00"
"118556",8558,"2026-03-06 15:47:40.17+00","40.33089670","71.77006670",NULL,"14.38",NULL,NULL,NULL,NULL,False,NULL,NULL,"46.24","2026-03-06 18:01:55.847865+00"
"118555",8558,"2026-03-06 15:47:37.166+00","40.33131170","71.77003170",NULL,"15.73",NULL,NULL,NULL,NULL,False,NULL,NULL,"47.45","2026-03-06 18:01:55.847864+00"
"118554",8558,"2026-03-06 15:47:34.169+00","40.33173670","71.76998170",NULL,"15.98",NULL,NULL,NULL,NULL,False,NULL,NULL,"47.93","2026-03-06 18:01:55.847864+00"
"118553",8558,"2026-03-06 15:47:31.168+00","40.33216670","71.76994170",NULL,"15.94",NULL,NULL,NULL,NULL,False,NULL,NULL,"47.97","2026-03-06 18:01:55.847863+00"
"118552",8558,"2026-03-06 15:47:28.167+00","40.33259670","71.76989670",NULL,"15.79",NULL,NULL,NULL,NULL,False,NULL,NULL,"47.44","2026-03-06 18:01:55.847863+00"
"118551",8558,"2026-03-06 15:47:25.167+00","40.33302170","71.76984830",NULL,"15.69",NULL,NULL,NULL,NULL,False,NULL,NULL,"47.18","2026-03-06 18:01:55.847862+00"
"118550",8558,"2026-03-06 15:47:22.167+00","40.33344500","71.76981000",NULL,"15.57",NULL,NULL,NULL,NULL,False,NULL,NULL,"46.42","2026-03-06 18:01:55.562129+00"
"118549",8558,"2026-03-06 15:47:19.171+00","40.33386170","71.76977670",NULL,"15.15",NULL,NULL,NULL,NULL,False,NULL,NULL,"45.76","2026-03-06 18:01:55.562129+00"
"118548",8558,"2026-03-06 15:47:16.166+00","40.33427170","71.76973000",NULL,"15.13",NULL,NULL,NULL,NULL,False,NULL,NULL,"45.50","2026-03-06 18:01:55.562128+00"
"118547",8558,"2026-03-06 15:47:13.167+00","40.33467830","71.76967000",NULL,"15.00",NULL,NULL,NULL,NULL,False,NULL,NULL,"44.33","2026-03-06 18:01:55.562128+00"
"118546",8558,"2026-03-06 15:47:10.17+00","40.33507670","71.76965170",NULL,"14.47",NULL,NULL,NULL,NULL,False,NULL,NULL,"44.55","2026-03-06 18:01:55.562127+00"
"118545",8558,"2026-03-06 15:47:07.172+00","40.33547670","71.76962170",NULL,"15.01",NULL,NULL,NULL,NULL,False,NULL,NULL,"45.52","2026-03-06 18:01:55.562127+00"
"118544",8558,"2026-03-06 15:47:04.172+00","40.33588500","71.76958330",NULL,"15.31",NULL,NULL,NULL,NULL,False,NULL,NULL,"46.83","2026-03-06 18:01:55.562127+00"
"118543",8558,"2026-03-06 15:47:01.172+00","40.33630500","71.76954170",NULL,"15.64",NULL,NULL,NULL,NULL,False,NULL,NULL,"46.79","2026-03-06 18:01:55.562127+00"
"118542",8558,"2026-03-06 15:46:58.171+00","40.33672500","71.76950830",NULL,"15.80",NULL,NULL,NULL,NULL,False,NULL,NULL,"47.53","2026-03-06 18:01:55.562126+00"
"118541",8558,"2026-03-06 15:46:55.172+00","40.33715170","71.76947500",NULL,"15.75",NULL,NULL,NULL,NULL,False,NULL,NULL,"47.33","2026-03-06 18:01:55.562126+00"
"118540",8558,"2026-03-06 15:46:52.168+00","40.33757670","71.76944500",NULL,"15.86",NULL,NULL,NULL,NULL,False,NULL,NULL,"47.72","2026-03-06 18:01:55.562126+00"
"118539",8558,"2026-03-06 15:46:49.172+00","40.33800500","71.76941000",NULL,"15.79",NULL,NULL,NULL,NULL,False,NULL,NULL,"47.51","2026-03-06 18:01:55.562126+00"
"118538",8558,"2026-03-06 15:46:46.171+00","40.33843170","71.76938000",NULL,"15.79",NULL,NULL,NULL,NULL,False,NULL,NULL,"47.66","2026-03-06 18:01:55.562125+00"
"118537",8558,"2026-03-06 15:46:43.171+00","40.33886000","71.76935830",NULL,"15.95",NULL,NULL,NULL,NULL,False,NULL,NULL,"47.81","2026-03-06 18:01:55.562125+00"
"118536",8558,"2026-03-06 15:46:40.172+00","40.33929000","71.76936000",NULL,"15.63",NULL,NULL,NULL,NULL,False,NULL,NULL,"47.47","2026-03-06 18:01:55.562125+00"
"118535",8558,"2026-03-06 15:46:37.167+00","40.33971670","71.76937830",NULL,"15.37",NULL,NULL,NULL,NULL,False,NULL,NULL,"46.46","2026-03-06 18:01:55.562125+00"
"118534",8558,"2026-03-06 15:46:34.165+00","40.34013330","71.76942000",NULL,"15.25",NULL,NULL,NULL,NULL,False,NULL,NULL,"45.72","2026-03-06 18:01:55.562124+00"
"118533",8558,"2026-03-06 15:46:31.17+00","40.34054330","71.76946000",NULL,"15.39",NULL,NULL,NULL,NULL,False,NULL,NULL,"45.77","2026-03-06 18:01:55.562124+00"
"118532",8558,"2026-03-06 15:46:28.168+00","40.34095330","71.76950830",NULL,"15.14",NULL,NULL,NULL,NULL,False,NULL,NULL,"45.17","2026-03-06 18:01:55.562124+00"
"118531",8558,"2026-03-06 15:46:25.168+00","40.34135830","71.76955000",NULL,"15.07",NULL,NULL,NULL,NULL,False,NULL,NULL,"45.21","2026-03-06 18:01:55.562124+00"
"118530",8558,"2026-03-06 15:46:22.168+00","40.34176330","71.76959670",NULL,"15.16",NULL,NULL,NULL,NULL,False,NULL,NULL,"45.17","2026-03-06 18:01:55.562123+00"
"118529",8558,"2026-03-06 15:46:19.168+00","40.34216830","71.76963830",NULL,"15.12",NULL,NULL,NULL,NULL,False,NULL,NULL,"45.38","2026-03-06 18:01:55.562122+00"
"118528",8558,"2026-03-06 15:46:16.166+00","40.34257500","71.76968330",NULL,"15.09",NULL,NULL,NULL,NULL,False,NULL,NULL,"45.22","2026-03-06 18:01:55.562122+00"
"118527",8558,"2026-03-06 15:46:13.169+00","40.34298000","71.76973170",NULL,"15.02",NULL,NULL,NULL,NULL,False,NULL,NULL,"45.02","2026-03-06 18:01:55.562122+00"
"118526",8558,"2026-03-06 15:46:10.167+00","40.34338330","71.76977830",NULL,"14.96",NULL,NULL,NULL,NULL,False,NULL,NULL,"45.25","2026-03-06 18:01:55.562122+00"
"118525",8558,"2026-03-06 15:46:07.169+00","40.34378830","71.76983000",NULL,"15.08",NULL,NULL,NULL,NULL,False,NULL,NULL,"45.41","2026-03-06 18:01:55.562122+00"
"118524",8558,"2026-03-06 15:46:04.167+00","40.34419500","71.76987830",NULL,"15.03",NULL,NULL,NULL,NULL,False,NULL,NULL,"45.38","2026-03-06 18:01:55.562121+00"
"118523",8558,"2026-03-06 15:46:01.167+00","40.34460170","71.76992330",NULL,"15.12",NULL,NULL,NULL,NULL,False,NULL,NULL,"45.17","2026-03-06 18:01:55.562121+00"
"118522",8558,"2026-03-06 15:45:58.17+00","40.34500670","71.76996500",NULL,"15.06",NULL,NULL,NULL,NULL,False,NULL,NULL,"44.98","2026-03-06 18:01:55.562121+00"
"118521",8558,"2026-03-06 15:45:55.17+00","40.34541000","71.77000670",NULL,"14.84",NULL,NULL,NULL,NULL,False,NULL,NULL,"45.57","2026-03-06 18:01:55.562121+00"
"118520",8558,"2026-03-06 15:45:52.168+00","40.34581830","71.77005330",NULL,"15.23",NULL,NULL,NULL,NULL,False,NULL,NULL,"46.33","2026-03-06 18:01:55.56212+00"
"118519",8558,"2026-03-06 15:45:49.168+00","40.34623330","71.77010170",NULL,"15.52",NULL,NULL,NULL,NULL,False,NULL,NULL,"46.89","2026-03-06 18:01:55.56212+00"
"118518",8558,"2026-03-06 15:45:46.169+00","40.34665330","71.77015170",NULL,"15.56",NULL,NULL,NULL,NULL,False,NULL,NULL,"47.05","2026-03-06 18:01:55.56212+00"
"118517",8558,"2026-03-06 15:45:43.171+00","40.34707500","71.77019670",NULL,"15.60",NULL,NULL,NULL,NULL,False,NULL,NULL,"47.41","2026-03-06 18:01:55.56212+00"
"118516",8558,"2026-03-06 15:45:40.173+00","40.34750000","71.77024170",NULL,"15.89",NULL,NULL,NULL,NULL,False,NULL,NULL,"48.05","2026-03-06 18:01:55.562119+00"
"118515",8558,"2026-03-06 15:45:37.171+00","40.34793000","71.77029830",NULL,"16.10",NULL,NULL,NULL,NULL,False,NULL,NULL,"49.38","2026-03-06 18:01:55.562119+00"
"118514",8558,"2026-03-06 15:45:34.169+00","40.34837330","71.77033330",NULL,"16.00",NULL,NULL,NULL,NULL,False,NULL,NULL,"48.14","2026-03-06 18:01:55.562119+00"
"118513",8558,"2026-03-06 15:45:31.172+00","40.34880500","71.77037670",NULL,"16.02",NULL,NULL,NULL,NULL,False,NULL,NULL,"47.94","2026-03-06 18:01:55.562118+00"
"118512",8558,"2026-03-06 15:45:28.165+00","40.34923500","71.77041830",NULL,"15.87",NULL,NULL,NULL,NULL,False,NULL,NULL,"47.44","2026-03-06 18:01:55.562117+00"
"118511",8558,"2026-03-06 15:45:25.171+00","40.34966000","71.77046670",NULL,"15.64",NULL,NULL,NULL,NULL,False,NULL,NULL,"46.61","2026-03-06 18:01:55.562117+00"
"118510",8558,"2026-03-06 15:45:22.167+00","40.35007670","71.77052670",NULL,"15.48",NULL,NULL,NULL,NULL,False,NULL,NULL,"46.30","2026-03-06 18:01:55.562116+00"
"118509",8558,"2026-03-06 15:45:19.166+00","40.35049170","71.77057170",NULL,"15.42",NULL,NULL,NULL,NULL,False,NULL,NULL,"45.87","2026-03-06 18:01:55.562116+00"
"118508",8558,"2026-03-06 15:45:16.167+00","40.35090330","71.77060830",NULL,"15.36",NULL,NULL,NULL,NULL,False,NULL,NULL,"46.28","2026-03-06 18:01:55.562116+00"
"118507",8558,"2026-03-06 15:45:13.169+00","40.35131830","71.77065000",NULL,"15.42",NULL,NULL,NULL,NULL,False,NULL,NULL,"46.32","2026-03-06 18:01:55.562116+00"
"118506",8558,"2026-03-06 15:45:10.168+00","40.35173330","71.77069670",NULL,"15.26",NULL,NULL,NULL,NULL,False,NULL,NULL,"45.89","2026-03-06 18:01:55.562115+00"
"118505",8558,"2026-03-06 15:45:07.167+00","40.35214500","71.77073500",NULL,"15.05",NULL,NULL,NULL,NULL,False,NULL,NULL,"44.96","2026-03-06 18:01:55.562115+00"
"118504",8558,"2026-03-06 15:45:04.167+00","40.35254830","71.77077330",NULL,"15.03",NULL,NULL,NULL,NULL,False,NULL,NULL,"45.15","2026-03-06 18:01:55.562114+00"
"118503",8558,"2026-03-06 15:45:01.166+00","40.35295330","71.77081170",NULL,"15.11",NULL,NULL,NULL,NULL,False,NULL,NULL,"45.76","2026-03-06 18:01:55.562114+00"
"118502",8558,"2026-03-06 15:44:58.166+00","40.35336330","71.77085830",NULL,"15.05",NULL,NULL,NULL,NULL,False,NULL,NULL,"46.00","2026-03-06 18:01:55.562114+00"
"118501",8558,"2026-03-06 15:44:55.17+00","40.35377500","71.77091170",NULL,"15.26",NULL,NULL,NULL,NULL,False,NULL,NULL,"46.34","2026-03-06 18:01:55.562113+00"
"118500",8558,"2026-03-06 15:44:52.168+00","40.35419000","71.77096170",NULL,"15.44",NULL,NULL,NULL,NULL,False,NULL,NULL,"45.95","2026-03-06 18:01:55.221774+00"
"118499",8558,"2026-03-06 15:44:49.171+00","40.35460170","71.77100830",NULL,"15.14",NULL,NULL,NULL,NULL,False,NULL,NULL,"45.36","2026-03-06 18:01:55.221774+00"
"118498",8558,"2026-03-06 15:44:46.17+00","40.35500830","71.77105170",NULL,"14.74",NULL,NULL,NULL,NULL,False,NULL,NULL,"43.70","2026-03-06 18:01:55.221774+00"
"118497",8558,"2026-03-06 15:44:43.171+00","40.35540000","71.77109330",NULL,"14.51",NULL,NULL,NULL,NULL,False,NULL,NULL,"43.88","2026-03-06 18:01:55.221774+00"
"118496",8558,"2026-03-06 15:44:40.17+00","40.35579330","71.77113500",NULL,"14.50",NULL,NULL,NULL,NULL,False,NULL,NULL,"42.97","2026-03-06 18:01:55.221774+00"
"118495",8558,"2026-03-06 15:44:37.169+00","40.35617830","71.77117830",NULL,"14.41",NULL,NULL,NULL,NULL,False,NULL,NULL,"42.24","2026-03-06 18:01:55.221773+00"
"118494",8558,"2026-03-06 15:44:34.167+00","40.35655670","71.77122170",NULL,"14.23",NULL,NULL,NULL,NULL,False,NULL,NULL,"43.10","2026-03-06 18:01:55.221773+00"
"118493",8558,"2026-03-06 15:44:31.17+00","40.35694330","71.77125830",NULL,"14.55",NULL,NULL,NULL,NULL,False,NULL,NULL,"42.41","2026-03-06 18:01:55.221773+00"
"118492",8558,"2026-03-06 15:44:28.168+00","40.35732330","71.77130170",NULL,"14.38",NULL,NULL,NULL,NULL,False,NULL,NULL,"40.82","2026-03-06 18:01:55.221773+00"
"118491",8558,"2026-03-06 15:44:25.171+00","40.35768830","71.77135330",NULL,"14.25",NULL,NULL,NULL,NULL,False,NULL,NULL,"52.02","2026-03-06 18:01:55.221773+00"
"118489",8558,"2026-03-06 15:44:22.168+00","40.35815500","71.77139670",NULL,"13.69",NULL,NULL,NULL,NULL,False,NULL,NULL,"41.68","2026-03-06 18:01:55.221772+00"
"118490",8558,"2026-03-06 15:44:22.168+00","40.35815500","71.77139670",NULL,"13.69",NULL,NULL,NULL,NULL,False,NULL,NULL,"0.00","2026-03-06 18:01:55.221773+00"
"118488",8558,"2026-03-06 15:44:19.171+00","40.35852830","71.77144170",NULL,"12.36",NULL,NULL,NULL,NULL,False,NULL,NULL,"40.06","2026-03-06 18:01:55.221772+00"
"118486",8558,"2026-03-06 15:44:16.166+00","40.35888500","71.77150830",NULL,"10.02",NULL,NULL,NULL,NULL,False,NULL,NULL,"28.39","2026-03-06 18:01:55.221771+00"
"118487",8558,"2026-03-06 15:44:16.166+00","40.35888500","71.77150830",NULL,"10.02",NULL,NULL,NULL,NULL,False,NULL,NULL,"0.00","2026-03-06 18:01:55.221771+00"
"118484",8558,"2026-03-06 15:44:12.169+00","40.35913830","71.77155000",NULL,"6.75",NULL,NULL,NULL,NULL,False,NULL,NULL,"33.09","2026-03-06 18:01:55.221771+00"
"118485",8558,"2026-03-06 15:44:12.169+00","40.35913830","71.77155000",NULL,"6.75",NULL,NULL,NULL,NULL,False,NULL,NULL,"0.00","2026-03-06 18:01:55.221771+00"
"118482",8558,"2026-03-06 15:43:53.166+00","40.35943500","71.77158000",NULL,"8.18",NULL,NULL,NULL,NULL,False,NULL,NULL,"45.63","2026-03-06 18:01:55.22177+00"
"118483",8558,"2026-03-06 15:43:53.166+00","40.35943500","71.77158000",NULL,"8.18",NULL,NULL,NULL,NULL,False,NULL,NULL,"0.00","2026-03-06 18:01:55.22177+00"
"118481",8558,"2026-03-06 15:43:49.17+00","40.35984170","71.77165170",NULL,"13.26",NULL,NULL,NULL,NULL,False,NULL,NULL,"51.35","2026-03-06 18:01:55.22177+00"
"118480",8558,"2026-03-06 15:43:45.167+00","40.36030170","71.77170500",NULL,"12.73",NULL,NULL,NULL,NULL,False,NULL,NULL,"40.15","2026-03-06 18:01:55.22177+00"
"118479",8558,"2026-03-06 15:43:42.172+00","40.36066170","71.77174170",NULL,"13.92",NULL,NULL,NULL,NULL,False,NULL,NULL,"42.16","2026-03-06 18:01:55.22177+00"
"118478",8558,"2026-03-06 15:43:39.167+00","40.36104000","71.77177500",NULL,"13.87",NULL,NULL,NULL,NULL,False,NULL,NULL,"53.18","2026-03-06 18:01:55.221769+00"
"118477",8558,"2026-03-06 15:43:35.169+00","40.36151670","71.77182500",NULL,"13.12",NULL,NULL,NULL,NULL,False,NULL,NULL,"50.96","2026-03-06 18:01:55.221769+00"
"118476",8558,"2026-03-06 15:43:31.168+00","40.36197330","71.77187670",NULL,"12.53",NULL,NULL,NULL,NULL,False,NULL,NULL,"51.12","2026-03-06 18:01:55.221769+00"
"118475",8558,"2026-03-06 15:43:27.171+00","40.36243170","71.77192330",NULL,"13.64",NULL,NULL,NULL,NULL,False,NULL,NULL,"43.68","2026-03-06 18:01:55.221769+00"
"118474",8558,"2026-03-06 15:43:24.169+00","40.36282330","71.77196330",NULL,"15.09",NULL,NULL,NULL,NULL,False,NULL,NULL,"46.13","2026-03-06 18:01:55.221769+00"
"118473",8558,"2026-03-06 15:43:21.168+00","40.36323670","71.77200830",NULL,"15.41",NULL,NULL,NULL,NULL,False,NULL,NULL,"47.22","2026-03-06 18:01:55.221768+00"
"118472",8558,"2026-03-06 15:43:18.17+00","40.36366000","71.77205330",NULL,"15.78",NULL,NULL,NULL,NULL,False,NULL,NULL,"47.95","2026-03-06 18:01:55.221768+00"
"118471",8558,"2026-03-06 15:43:15.169+00","40.36409000","71.77209670",NULL,"16.14",NULL,NULL,NULL,NULL,False,NULL,NULL,"49.30","2026-03-06 18:01:55.221767+00"
"118470",8558,"2026-03-06 15:43:12.17+00","40.36453170","71.77214670",NULL,"16.48",NULL,NULL,NULL,NULL,False,NULL,NULL,"49.85","2026-03-06 18:01:55.221767+00"
"118469",8558,"2026-03-06 15:43:09.169+00","40.36497830","71.77219830",NULL,"16.52",NULL,NULL,NULL,NULL,False,NULL,NULL,"50.64","2026-03-06 18:01:55.221767+00"
"118468",8558,"2026-03-06 15:43:06.166+00","40.36543170","71.77225500",NULL,"16.87",NULL,NULL,NULL,NULL,False,NULL,NULL,"49.95","2026-03-06 18:01:55.221767+00"
"118467",8558,"2026-03-06 15:43:03.166+00","40.36587830","71.77231830",NULL,"15.71",NULL,NULL,NULL,NULL,False,NULL,NULL,"47.74","2026-03-06 18:01:55.221766+00"
"118465",8558,"2026-03-06 15:43:00.169+00","40.36630170","71.77241170",NULL,"14.19",NULL,NULL,NULL,NULL,False,NULL,NULL,"44.01","2026-03-06 18:01:55.221766+00"
"118466",8558,"2026-03-06 15:43:00.169+00","40.36630170","71.77241170",NULL,"14.19",NULL,NULL,NULL,NULL,False,NULL,NULL,"0.00","2026-03-06 18:01:55.221766+00"
"118464",8558,"2026-03-06 15:42:57.168+00","40.36669500","71.77247000",NULL,"11.39",NULL,NULL,NULL,NULL,False,NULL,NULL,"40.84","2026-03-06 18:01:55.221766+00"
"118462",8558,"2026-03-06 15:42:53.166+00","40.36705170","71.77258500",NULL,"7.73",NULL,NULL,NULL,NULL,False,NULL,NULL,"22.95","2026-03-06 18:01:55.221765+00"
"118463",8558,"2026-03-06 15:42:53.166+00","40.36705170","71.77258500",NULL,"7.73",NULL,NULL,NULL,NULL,False,NULL,NULL,"0.00","2026-03-06 18:01:55.221766+00"
"118460",8558,"2026-03-06 15:42:49.17+00","40.36724500","71.77268000",NULL,"4.97",NULL,NULL,NULL,NULL,False,NULL,NULL,"10.93","2026-03-06 18:01:55.221765+00"
"118461",8558,"2026-03-06 15:42:49.17+00","40.36724500","71.77268000",NULL,"4.97",NULL,NULL,NULL,NULL,False,NULL,NULL,"0.00","2026-03-06 18:01:55.221765+00"
"118459",8558,"2026-03-06 15:42:37.193+00","40.36724320","71.77280900",NULL,"0.95",NULL,NULL,NULL,NULL,False,NULL,NULL,"10.42","2026-03-06 18:01:55.221765+00"
"118458",8558,"2026-03-06 15:42:32.258+00","40.36723300","71.77293130",NULL,"1.83",NULL,NULL,NULL,NULL,False,NULL,NULL,"10.01","2026-03-06 18:01:55.221764+00"
"118456",8558,"2026-03-06 15:42:30.27+00","40.36720130","71.77304190",NULL,"2.20",NULL,NULL,NULL,NULL,False,NULL,NULL,"11.47","2026-03-06 18:01:55.221764+00"
"118457",8558,"2026-03-06 15:42:30.27+00","40.36720130","71.77304190",NULL,"2.20",NULL,NULL,NULL,NULL,False,NULL,NULL,"0.00","2026-03-06 18:01:55.221764+00"
"118455",8558,"2026-03-06 15:42:27.777+00","40.36717370","71.77317240",NULL,"1.02",NULL,NULL,NULL,NULL,False,NULL,NULL,"13.25","2026-03-06 18:01:55.221764+00"
"118453",8558,"2026-03-06 15:41:58.167+00","40.36715590","71.77332710",NULL,"1.57",NULL,NULL,NULL,NULL,False,NULL,NULL,"30.05","2026-03-06 18:01:55.22176+00"
"118454",8558,"2026-03-06 15:41:58.167+00","40.36715590","71.77332710",NULL,"1.57",NULL,NULL,NULL,NULL,False,NULL,NULL,"0.00","2026-03-06 18:01:55.221763+00"
"118449",8558,"2026-03-06 15:41:50.167+00","40.36710240","71.77367480",NULL,"8.27",NULL,NULL,NULL,NULL,False,NULL,NULL,"40.83","2026-03-06 18:01:54.953275+00"
"118450",8558,"2026-03-06 15:41:50.167+00","40.36710240","71.77367480",NULL,"8.27",NULL,NULL,NULL,NULL,False,NULL,NULL,"0.00","2026-03-06 18:01:54.953275+00"
"118451",8558,"2026-03-06 15:41:50.167+00","40.36710240","71.77367480",NULL,"8.27",NULL,NULL,NULL,NULL,False,NULL,NULL,"0.00","2026-03-06 18:01:55.221759+00"
"118452",8558,"2026-03-06 15:41:50.167+00","40.36710240","71.77367480",NULL,"8.27",NULL,NULL,NULL,NULL,False,NULL,NULL,"0.00","2026-03-06 18:01:55.221759+00"
"118448",8558,"2026-03-06 15:41:46.168+00","40.36702380","71.77414560",NULL,"13.55",NULL,NULL,NULL,NULL,False,NULL,NULL,"45.42","2026-03-06 18:01:54.953275+00"
"118445",8558,"2026-03-06 15:41:43.171+00","40.36695120","71.77467320",NULL,"14.23",NULL,NULL,NULL,NULL,False,NULL,NULL,"44.73","2026-03-06 18:01:54.953273+00"
"118446",8558,"2026-03-06 15:41:43.171+00","40.36695120","71.77467320",NULL,"14.23",NULL,NULL,NULL,NULL,False,NULL,NULL,"0.00","2026-03-06 18:01:54.953274+00"
"118447",8558,"2026-03-06 15:41:43.171+00","40.36695120","71.77467320",NULL,"14.23",NULL,NULL,NULL,NULL,False,NULL,NULL,"0.00","2026-03-06 18:01:54.953275+00"
"118444",8558,"2026-03-06 15:41:40.168+00","40.36687780","71.77519230",NULL,"14.82",NULL,NULL,NULL,NULL,False,NULL,NULL,"51.13","2026-03-06 18:01:54.953273+00"
"118441",8558,"2026-03-06 15:41:36.172+00","40.36679680","71.77578640",NULL,"15.32",NULL,NULL,NULL,NULL,False,NULL,NULL,"45.43","2026-03-06 18:01:54.953272+00"
"118442",8558,"2026-03-06 15:41:36.172+00","40.36679680","71.77578640",NULL,"15.32",NULL,NULL,NULL,NULL,False,NULL,NULL,"0.00","2026-03-06 18:01:54.953272+00"
"118443",8558,"2026-03-06 15:41:36.172+00","40.36679680","71.77578640",NULL,"15.32",NULL,NULL,NULL,NULL,False,NULL,NULL,"0.00","2026-03-06 18:01:54.953272+00"
"118440",8558,"2026-03-06 15:41:33.164+00","40.36673150","71.77631570",NULL,"15.31",NULL,NULL,NULL,NULL,False,NULL,NULL,"51.74","2026-03-06 18:01:54.953272+00"
"118437",8558,"2026-03-06 15:41:30.169+00","40.36672060","71.77692620",NULL,"15.46",NULL,NULL,NULL,NULL,False,NULL,NULL,"48.17","2026-03-06 18:01:54.953271+00"
"118438",8558,"2026-03-06 15:41:30.169+00","40.36672060","71.77692620",NULL,"15.46",NULL,NULL,NULL,NULL,False,NULL,NULL,"0.00","2026-03-06 18:01:54.953271+00"
"118439",8558,"2026-03-06 15:41:30.169+00","40.36672060","71.77692620",NULL,"15.46",NULL,NULL,NULL,NULL,False,NULL,NULL,"0.00","2026-03-06 18:01:54.953272+00"
"118436",8558,"2026-03-06 15:41:27.173+00","40.36664160","71.77748520",NULL,"15.70",NULL,NULL,NULL,NULL,False,NULL,NULL,"53.92","2026-03-06 18:01:54.953271+00"
"118433",8558,"2026-03-06 15:41:23.168+00","40.36651270","71.77809880",NULL,"15.80",NULL,NULL,NULL,NULL,False,NULL,NULL,"47.21","2026-03-06 18:01:54.95327+00"
"118434",8558,"2026-03-06 15:41:23.168+00","40.36651270","71.77809880",NULL,"15.80",NULL,NULL,NULL,NULL,False,NULL,NULL,"0.00","2026-03-06 18:01:54.95327+00"
"118435",8558,"2026-03-06 15:41:23.168+00","40.36651270","71.77809880",NULL,"15.80",NULL,NULL,NULL,NULL,False,NULL,NULL,"0.00","2026-03-06 18:01:54.953271+00"
"118432",8558,"2026-03-06 15:41:20.17+00","40.36643490","71.77864660",NULL,"15.57",NULL,NULL,NULL,NULL,False,NULL,NULL,"51.71","2026-03-06 18:01:54.95327+00"
"118429",8558,"2026-03-06 15:41:17.166+00","40.36631740","71.77923720",NULL,"15.45",NULL,NULL,NULL,NULL,False,NULL,NULL,"49.25","2026-03-06 18:01:54.953269+00"
"118430",8558,"2026-03-06 15:41:17.166+00","40.36631740","71.77923720",NULL,"15.45",NULL,NULL,NULL,NULL,False,NULL,NULL,"0.00","2026-03-06 18:01:54.953269+00"
"118431",8558,"2026-03-06 15:41:17.166+00","40.36631740","71.77923720",NULL,"15.45",NULL,NULL,NULL,NULL,False,NULL,NULL,"0.00","2026-03-06 18:01:54.95327+00"
"118428",8558,"2026-03-06 15:41:14.159+00","40.36622690","71.77980630",NULL,"14.80",NULL,NULL,NULL,NULL,False,NULL,NULL,"44.43","2026-03-06 18:01:54.953269+00"
"118423",8558,"2026-03-06 15:41:10.983+00","40.36618050","71.78032720",NULL,"14.06",NULL,NULL,NULL,NULL,False,NULL,NULL,"1683.24","2026-03-06 18:01:54.953267+00"
"118424",8558,"2026-03-06 15:41:10.983+00","40.36618050","71.78032720",NULL,"14.06",NULL,NULL,NULL,NULL,False,NULL,NULL,"0.00","2026-03-06 18:01:54.953267+00"
"118425",8558,"2026-03-06 15:41:10.983+00","40.36618050","71.78032720",NULL,"14.06",NULL,NULL,NULL,NULL,False,NULL,NULL,"0.00","2026-03-06 18:01:54.953267+00"
"118426",8558,"2026-03-06 15:41:10.983+00","40.36618050","71.78032720",NULL,"14.06",NULL,NULL,NULL,NULL,False,NULL,NULL,"0.00","2026-03-06 18:01:54.953268+00"
"118427",8558,"2026-03-06 15:41:10.983+00","40.36618050","71.78032720",NULL,"14.06",NULL,NULL,NULL,NULL,False,NULL,NULL,"0.00","2026-03-06 18:01:54.953268+00"
"118422",8558,"2026-03-06 15:07:31.294+00","40.37642000","71.79496130",NULL,"0.03",NULL,NULL,NULL,NULL,False,NULL,NULL,"5.41","2026-03-06 18:01:54.953267+00"
"118421",8558,"2026-03-06 15:03:59.214+00","40.37645500","71.79491690",NULL,"0.03",NULL,NULL,NULL,NULL,False,NULL,NULL,"11.30","2026-03-06 18:01:54.953266+00"
"118420",8558,"2026-03-06 15:03:03.249+00","40.37641560","71.79503990",NULL,"0.03",NULL,NULL,NULL,NULL,False,NULL,NULL,"18.48","2026-03-06 18:01:54.953266+00"
"118419",8558,"2026-03-06 15:01:32.268+00","40.37634590","71.79484180",NULL,"0.04",NULL,NULL,NULL,NULL,False,NULL,NULL,"9.98","2026-03-06 18:01:54.953266+00"
"118418",8558,"2026-03-06 15:00:28.262+00","40.37636040","71.79472550",NULL,"0.04",NULL,NULL,NULL,NULL,False,NULL,NULL,"10.85","2026-03-06 18:01:54.953265+00"
"118417",8558,"2026-03-06 15:00:15.195+00","40.37628000","71.79465290",NULL,"0.02",NULL,NULL,NULL,NULL,False,NULL,NULL,"10.21","2026-03-06 18:01:54.953265+00"
"118416",8558,"2026-03-06 15:00:10.253+00","40.37619610","71.79470200",NULL,"0.08",NULL,NULL,NULL,NULL,False,NULL,NULL,"10.46","2026-03-06 18:01:54.953265+00"
"118415",8558,"2026-03-06 15:00:09.265+00","40.37623070","71.79481680",NULL,"0.12",NULL,NULL,NULL,NULL,False,NULL,NULL,"15.20","2026-03-06 18:01:54.953264+00"
"118414",8558,"2026-03-06 14:59:02.164+00","40.37628450","71.79498170",NULL,"0.99",NULL,NULL,NULL,NULL,False,NULL,NULL,"10.29","2026-03-06 18:01:54.953264+00"
"118413",8558,"2026-03-06 14:58:54.157+00","40.37619930","71.79493430",NULL,"0.10",NULL,NULL,NULL,NULL,False,NULL,NULL,"10.24","2026-03-06 18:01:54.953264+00"
"118412",8558,"2026-03-06 14:58:38.334+00","40.37617280","71.79481850",NULL,"0.19",NULL,NULL,NULL,NULL,False,NULL,NULL,"10.33","2026-03-06 18:01:54.953263+00"
"118411",8558,"2026-03-06 14:58:14.288+00","40.37620860","71.79470600",NULL,"0.21",NULL,NULL,NULL,NULL,False,NULL,NULL,"10.13","2026-03-06 18:01:54.953263+00"
"118410",8558,"2026-03-06 14:58:09.14+00","40.37612220","71.79466820",NULL,"0.10",NULL,NULL,NULL,NULL,False,NULL,NULL,"11.64","2026-03-06 18:01:54.953263+00"
"118409",8558,"2026-03-06 14:58:08.359+00","40.37605320","71.79456490",NULL,"0.11",NULL,NULL,NULL,NULL,False,NULL,NULL,"13.59","2026-03-06 18:01:54.953259+00"
"118408",8558,"2026-03-06 14:57:56.178+00","40.37600020","71.79442030",NULL,"0.12",NULL,NULL,NULL,NULL,False,NULL,NULL,"11.79","2026-03-06 18:01:54.953259+00"
"118407",8558,"2026-03-06 14:57:55.191+00","40.37609590","71.79448030",NULL,"0.15",NULL,NULL,NULL,NULL,False,NULL,NULL,"18.54","2026-03-06 18:01:54.953259+00"
"118405",8558,"2026-03-06 14:57:42.179+00","40.37625570","71.79454290",NULL,"0.07",NULL,NULL,NULL,NULL,False,NULL,NULL,"22.05","2026-03-06 18:01:54.953258+00"
"118406",8558,"2026-03-06 14:57:42.179+00","40.37625570","71.79454290",NULL,"0.07",NULL,NULL,NULL,NULL,False,NULL,NULL,"0.00","2026-03-06 18:01:54.953258+00"
"118403",8558,"2026-03-06 14:55:56.01+00","40.37636360","71.79476130",NULL,"5.70",NULL,NULL,NULL,NULL,False,NULL,NULL,"42.65","2026-03-06 18:01:54.953257+00"
"118404",8558,"2026-03-06 14:55:56.01+00","40.37636360","71.79476130",NULL,"5.70",NULL,NULL,NULL,NULL,False,NULL,NULL,"0.00","2026-03-06 18:01:54.953258+00"
"118401",8558,"2026-03-06 14:55:52.171+00","40.37674700","71.79474660",NULL,"2.46",NULL,NULL,NULL,NULL,False,NULL,NULL,"138.03","2026-03-06 18:01:54.953256+00"
"118402",8558,"2026-03-06 14:55:52.171+00","40.37674700","71.79474660",NULL,"2.46",NULL,NULL,NULL,NULL,False,NULL,NULL,"0.00","2026-03-06 18:01:54.953257+00"
"118400",8558,"2026-03-06 14:55:45.03+00","40.37798780","71.79479360",NULL,"15.88",NULL,NULL,NULL,NULL,False,NULL,NULL,"113.11","2026-03-06 18:01:53.901735+00"
"118398",8558,"2026-03-06 14:55:33.187+00","40.37711100","71.79547050",NULL,"13.01",NULL,NULL,NULL,NULL,False,NULL,NULL,"108.12","2026-03-06 18:01:53.901735+00"
"118399",8558,"2026-03-06 14:55:33.187+00","40.37711100","71.79547050",NULL,"13.01",NULL,NULL,NULL,NULL,False,NULL,NULL,"0.00","2026-03-06 18:01:53.901735+00"
"118397",8558,"2026-03-06 14:55:27.102+00","40.37808290","71.79543080",NULL,"5.08",NULL,NULL,NULL,NULL,False,NULL,NULL,"29.30","2026-03-06 18:01:53.901734+00"
"118396",8558,"2026-03-06 14:55:21.178+00","40.37788730","71.79519910",NULL,"5.18",NULL,NULL,NULL,NULL,False,NULL,NULL,"196.93","2026-03-06 18:01:53.901734+00"
"118395",8558,"2026-03-06 14:54:24.171+00","40.37622000","71.79441500",NULL,"0.00",NULL,NULL,NULL,NULL,False,NULL,NULL,"11.07","2026-03-06 18:01:53.901734+00"
"118394",8558,"2026-03-06 14:54:22.157+00","40.37621000","71.79454500",NULL,"0.00",NULL,NULL,NULL,NULL,False,NULL,NULL,"14.01","2026-03-06 18:01:53.901734+00"
"118392",8558,"2026-03-06 14:54:00.162+00","40.37620170","71.79471000",NULL,"0.44",NULL,NULL,NULL,NULL,False,NULL,NULL,"10.16","2026-03-06 18:01:53.901733+00"
"118393",8558,"2026-03-06 14:54:00.162+00","40.37620170","71.79471000",NULL,"0.44",NULL,NULL,NULL,NULL,False,NULL,NULL,"0.00","2026-03-06 18:01:53.901733+00"
"118391",8558,"2026-03-06 14:53:36.171+00","40.37616000","71.79460330",NULL,"0.31",NULL,NULL,NULL,NULL,False,NULL,NULL,"10.30","2026-03-06 18:01:53.901733+00"
"118390",8558,"2026-03-06 14:52:28.172+00","40.37613000","71.79448830",NULL,"0.89",NULL,NULL,NULL,NULL,False,NULL,NULL,"10.17","2026-03-06 18:01:53.901732+00"
"118389",8558,"2026-03-06 14:52:18.161+00","40.37604330","71.79445000",NULL,"0.69",NULL,NULL,NULL,NULL,False,NULL,NULL,"10.54","2026-03-06 18:01:53.901732+00"
"118388",8558,"2026-03-06 14:52:02.172+00","40.37596330","71.79438330",NULL,"0.55",NULL,NULL,NULL,NULL,False,NULL,NULL,"10.25","2026-03-06 18:01:53.901732+00"
"118386",8558,"2026-03-06 14:51:34.168+00","40.37589000","71.79445670",NULL,"1.49",NULL,NULL,NULL,NULL,False,NULL,NULL,"30.90","2026-03-06 18:01:53.901731+00"
"118387",8558,"2026-03-06 14:51:34.168+00","40.37589000","71.79445670",NULL,"1.49",NULL,NULL,NULL,NULL,False,NULL,NULL,"0.00","2026-03-06 18:01:53.901731+00"
"118385",8558,"2026-03-06 14:51:26.665+00","40.37563500","71.79431170",NULL,"11.53",NULL,NULL,NULL,NULL,False,NULL,NULL,"34.19","2026-03-06 18:01:53.901731+00"
"118381",8558,"2026-03-06 14:51:24.159+00","40.37535500","71.79414500",NULL,"12.40",NULL,NULL,NULL,NULL,False,NULL,NULL,"51.87","2026-03-06 18:01:53.901728+00"
"118382",8558,"2026-03-06 14:51:24.159+00","40.37535500","71.79414500",NULL,"12.40",NULL,NULL,NULL,NULL,False,NULL,NULL,"0.00","2026-03-06 18:01:53.901728+00"
"118383",8558,"2026-03-06 14:51:24.159+00","40.37535500","71.79414500",NULL,"12.40",NULL,NULL,NULL,NULL,False,NULL,NULL,"0.00","2026-03-06 18:01:53.901728+00"
"118384",8558,"2026-03-06 14:51:24.159+00","40.37535500","71.79414500",NULL,"12.40",NULL,NULL,NULL,NULL,False,NULL,NULL,"0.00","2026-03-06 18:01:53.901731+00"
"118378",8558,"2026-03-06 14:51:20.158+00","40.37495500","71.79383000",NULL,"14.47",NULL,NULL,NULL,NULL,False,NULL,NULL,"44.43","2026-03-06 18:01:53.901727+00"
"118379",8558,"2026-03-06 14:51:20.158+00","40.37495500","71.79383000",NULL,"14.47",NULL,NULL,NULL,NULL,False,NULL,NULL,"0.00","2026-03-06 18:01:53.901727+00"
"118380",8558,"2026-03-06 14:51:20.158+00","40.37495500","71.79383000",NULL,"14.47",NULL,NULL,NULL,NULL,False,NULL,NULL,"0.00","2026-03-06 18:01:53.901728+00"
"118377",8558,"2026-03-06 14:51:17.157+00","40.37458670","71.79362670",NULL,"14.46",NULL,NULL,NULL,NULL,False,NULL,NULL,"58.64","2026-03-06 18:01:53.901727+00"
"118373",8558,"2026-03-06 14:51:13.157+00","40.37406000","71.79359170",NULL,"13.78",NULL,NULL,NULL,NULL,False,NULL,NULL,"37.59","2026-03-06 18:01:53.901725+00"
"118374",8558,"2026-03-06 14:51:13.157+00","40.37406000","71.79359170",NULL,"13.78",NULL,NULL,NULL,NULL,False,NULL,NULL,"0.00","2026-03-06 18:01:53.901726+00"
"118375",8558,"2026-03-06 14:51:13.157+00","40.37406000","71.79359170",NULL,"13.78",NULL,NULL,NULL,NULL,False,NULL,NULL,"0.00","2026-03-06 18:01:53.901726+00"
"118376",8558,"2026-03-06 14:51:13.157+00","40.37406000","71.79359170",NULL,"13.78",NULL,NULL,NULL,NULL,False,NULL,NULL,"0.00","2026-03-06 18:01:53.901726+00"
"118372",8558,"2026-03-06 14:51:09.938+00","40.37376500","71.79337500",NULL,"12.09",NULL,NULL,NULL,NULL,False,NULL,NULL,"31.61","2026-03-06 18:01:53.901725+00"
"118368",8558,"2026-03-06 14:51:09.157+00","40.37349670","71.79325170",NULL,"10.69",NULL,NULL,NULL,NULL,False,NULL,NULL,"22.84","2026-03-06 18:01:53.901724+00"
"118369",8558,"2026-03-06 14:51:09.157+00","40.37349670","71.79325170",NULL,"10.69",NULL,NULL,NULL,NULL,False,NULL,NULL,"0.00","2026-03-06 18:01:53.901724+00"
"118370",8558,"2026-03-06 14:51:09.157+00","40.37349670","71.79325170",NULL,"10.69",NULL,NULL,NULL,NULL,False,NULL,NULL,"0.00","2026-03-06 18:01:53.901724+00"
"118371",8558,"2026-03-06 14:51:09.157+00","40.37349670","71.79325170",NULL,"10.69",NULL,NULL,NULL,NULL,False,NULL,NULL,"0.00","2026-03-06 18:01:53.901724+00"
"118367",8558,"2026-03-06 14:51:07.157+00","40.37330500","71.79315500",NULL,"5.07",NULL,NULL,NULL,NULL,False,NULL,NULL,"20.38","2026-03-06 18:01:53.901723+00"
"118365",8558,"2026-03-06 14:51:04.159+00","40.37313500","71.79306500",NULL,"5.57",NULL,NULL,NULL,NULL,False,NULL,NULL,"13.27","2026-03-06 18:01:53.901722+00"
"118366",8558,"2026-03-06 14:51:04.159+00","40.37313500","71.79306500",NULL,"5.57",NULL,NULL,NULL,NULL,False,NULL,NULL,"0.00","2026-03-06 18:01:53.901723+00"
"118362",8558,"2026-03-06 14:51:00.158+00","40.37307670","71.79292830",NULL,"0.99",NULL,NULL,NULL,NULL,False,NULL,NULL,"33.82","2026-03-06 18:01:53.901719+00"
"118363",8558,"2026-03-06 14:51:00.158+00","40.37307670","71.79292830",NULL,"0.99",NULL,NULL,NULL,NULL,False,NULL,NULL,"0.00","2026-03-06 18:01:53.901719+00"
"118364",8558,"2026-03-06 14:51:00.158+00","40.37307670","71.79292830",NULL,"0.99",NULL,NULL,NULL,NULL,False,NULL,NULL,"0.00","2026-03-06 18:01:53.90172+00"
"118358",8558,"2026-03-06 14:50:33.155+00","40.37316170","71.79254500",NULL,"8.61",NULL,NULL,NULL,NULL,False,NULL,NULL,"46.58","2026-03-06 18:01:53.901718+00"
"118359",8558,"2026-03-06 14:50:33.155+00","40.37316170","71.79254500",NULL,"8.61",NULL,NULL,NULL,NULL,False,NULL,NULL,"0.00","2026-03-06 18:01:53.901718+00"
"118360",8558,"2026-03-06 14:50:33.155+00","40.37316170","71.79254500",NULL,"8.61",NULL,NULL,NULL,NULL,False,NULL,NULL,"0.00","2026-03-06 18:01:53.901718+00"
"118361",8558,"2026-03-06 14:50:33.155+00","40.37316170","71.79254500",NULL,"8.61",NULL,NULL,NULL,NULL,False,NULL,NULL,"0.00","2026-03-06 18:01:53.901719+00"
"118357",8558,"2026-03-06 14:50:29.157+00","40.37335170","71.79205500",NULL,"12.81",NULL,NULL,NULL,NULL,False,NULL,NULL,"58.16","2026-03-06 18:01:53.901717+00"
"118353",8558,"2026-03-06 14:50:25.157+00","40.37362330","71.79146830",NULL,"12.75",NULL,NULL,NULL,NULL,False,NULL,NULL,"35.17","2026-03-06 18:01:53.901715+00"
"118354",8558,"2026-03-06 14:50:25.157+00","40.37362330","71.79146830",NULL,"12.75",NULL,NULL,NULL,NULL,False,NULL,NULL,"0.00","2026-03-06 18:01:53.901716+00"
"118355",8558,"2026-03-06 14:50:25.157+00","40.37362330","71.79146830",NULL,"12.75",NULL,NULL,NULL,NULL,False,NULL,NULL,"0.00","2026-03-06 18:01:53.901716+00"
"118356",8558,"2026-03-06 14:50:25.157+00","40.37362330","71.79146830",NULL,"12.75",NULL,NULL,NULL,NULL,False,NULL,NULL,"0.00","2026-03-06 18:01:53.901717+00"
"118351",8558,"2026-03-06 14:50:22.158+00","40.37367330","71.79105830",NULL,"12.14",NULL,NULL,NULL,NULL,False,NULL,NULL,"0.00","2026-03-06 18:01:53.901713+00"
"118352",8558,"2026-03-06 14:50:22.158+00","40.37367330","71.79105830",NULL,"12.14",NULL,NULL,NULL,NULL,False,NULL,NULL,"0.00","2026-03-06 18:01:53.901714+00"
"118350",8558,"2026-03-06 14:50:22.158+00","40.37367330","71.79105830",NULL,"12.14",NULL,NULL,NULL,NULL,False,NULL,NULL,"36.46","2026-03-06 18:01:53.632245+00"
"118349",8558,"2026-03-06 14:50:19.596+00","40.37389670","71.79074330",NULL,"10.92",NULL,NULL,NULL,NULL,False,NULL,NULL,"35.01","2026-03-06 18:01:53.632245+00"
"118345",8558,"2026-03-06 14:50:18.157+00","40.37380000","71.79035000",NULL,"9.30",NULL,NULL,NULL,NULL,False,NULL,NULL,"35.56","2026-03-06 18:01:53.632244+00"
"118346",8558,"2026-03-06 14:50:18.157+00","40.37380000","71.79035000",NULL,"9.30",NULL,NULL,NULL,NULL,False,NULL,NULL,"0.00","2026-03-06 18:01:53.632244+00"
"118347",8558,"2026-03-06 14:50:18.157+00","40.37380000","71.79035000",NULL,"9.30",NULL,NULL,NULL,NULL,False,NULL,NULL,"0.00","2026-03-06 18:01:53.632244+00"
"118348",8558,"2026-03-06 14:50:18.157+00","40.37380000","71.79035000",NULL,"9.30",NULL,NULL,NULL,NULL,False,NULL,NULL,"0.00","2026-03-06 18:01:53.632245+00"
"118341",8558,"2026-03-06 14:50:14.158+00","40.37391500","71.78995830",NULL,"6.35",NULL,NULL,NULL,NULL,False,NULL,NULL,"16.71","2026-03-06 18:01:53.632243+00"
"118342",8558,"2026-03-06 14:50:14.158+00","40.37391500","71.78995830",NULL,"6.35",NULL,NULL,NULL,NULL,False,NULL,NULL,"0.00","2026-03-06 18:01:53.632243+00"
"118343",8558,"2026-03-06 14:50:14.158+00","40.37391500","71.78995830",NULL,"6.35",NULL,NULL,NULL,NULL,False,NULL,NULL,"0.00","2026-03-06 18:01:53.632244+00"
"118344",8558,"2026-03-06 14:50:14.158+00","40.37391500","71.78995830",NULL,"6.35",NULL,NULL,NULL,NULL,False,NULL,NULL,"0.00","2026-03-06 18:01:53.632244+00"
"118339",8558,"2026-03-06 14:50:05.166+00","40.37394500","71.78976500",NULL,"1.10",NULL,NULL,NULL,NULL,False,NULL,NULL,"20.46","2026-03-06 18:01:53.632242+00"
"118340",8558,"2026-03-06 14:50:05.166+00","40.37394500","71.78976500",NULL,"1.10",NULL,NULL,NULL,NULL,False,NULL,NULL,"0.00","2026-03-06 18:01:53.632242+00"
"118336",8558,"2026-03-06 14:49:57.156+00","40.37391500","71.78952670",NULL,"7.47",NULL,NULL,NULL,NULL,False,NULL,NULL,"41.74","2026-03-06 18:01:53.632241+00"
"118337",8558,"2026-03-06 14:49:57.156+00","40.37391500","71.78952670",NULL,"7.47",NULL,NULL,NULL,NULL,False,NULL,NULL,"0.00","2026-03-06 18:01:53.632241+00"
"118338",8558,"2026-03-06 14:49:57.156+00","40.37391500","71.78952670",NULL,"7.47",NULL,NULL,NULL,NULL,False,NULL,NULL,"0.00","2026-03-06 18:01:53.632241+00"
"118335",8558,"2026-03-06 14:49:53.157+00","40.37397330","71.78904000",NULL,"12.77",NULL,NULL,NULL,NULL,False,NULL,NULL,"42.12","2026-03-06 18:01:53.632241+00"
"118332",8558,"2026-03-06 14:49:50.157+00","40.37420830","71.78865000",NULL,"12.78",NULL,NULL,NULL,NULL,False,NULL,NULL,"37.34","2026-03-06 18:01:53.63224+00"
"118333",8558,"2026-03-06 14:49:50.157+00","40.37420830","71.78865000",NULL,"12.78",NULL,NULL,NULL,NULL,False,NULL,NULL,"0.00","2026-03-06 18:01:53.63224+00"
"118334",8558,"2026-03-06 14:49:50.157+00","40.37420830","71.78865000",NULL,"12.78",NULL,NULL,NULL,NULL,False,NULL,NULL,"0.00","2026-03-06 18:01:53.63224+00"
"118331",8558,"2026-03-06 14:49:47.163+00","40.37432500","71.78823670",NULL,"11.97",NULL,NULL,NULL,NULL,False,NULL,NULL,"38.82","2026-03-06 18:01:53.63224+00"
"118328",8558,"2026-03-06 14:49:44.158+00","40.37448830","71.78783170",NULL,"11.15",NULL,NULL,NULL,NULL,False,NULL,NULL,"31.45","2026-03-06 18:01:53.632239+00"
"118329",8558,"2026-03-06 14:49:44.158+00","40.37448830","71.78783170",NULL,"11.15",NULL,NULL,NULL,NULL,False,NULL,NULL,"0.00","2026-03-06 18:01:53.632239+00"
"118330",8558,"2026-03-06 14:49:44.158+00","40.37448830","71.78783170",NULL,"11.15",NULL,NULL,NULL,NULL,False,NULL,NULL,"0.00","2026-03-06 18:01:53.632239+00"
"118327",8558,"2026-03-06 14:49:41.157+00","40.37456670","71.78747500",NULL,"9.72",NULL,NULL,NULL,NULL,False,NULL,NULL,"31.74","2026-03-06 18:01:53.632239+00"
"118323",8558,"2026-03-06 14:49:38.157+00","40.37467500","71.78712830",NULL,"9.24",NULL,NULL,NULL,NULL,False,NULL,NULL,"21.76","2026-03-06 18:01:53.632238+00"
"118324",8558,"2026-03-06 14:49:38.157+00","40.37467500","71.78712830",NULL,"9.24",NULL,NULL,NULL,NULL,False,NULL,NULL,"0.00","2026-03-06 18:01:53.632238+00"
"118325",8558,"2026-03-06 14:49:38.157+00","40.37467500","71.78712830",NULL,"9.24",NULL,NULL,NULL,NULL,False,NULL,NULL,"0.00","2026-03-06 18:01:53.632238+00"
"118326",8558,"2026-03-06 14:49:38.157+00","40.37467500","71.78712830",NULL,"9.24",NULL,NULL,NULL,NULL,False,NULL,NULL,"0.00","2026-03-06 18:01:53.632238+00"
"118322",8558,"2026-03-06 14:49:35.044+00","40.37472000","71.78687830",NULL,"4.54",NULL,NULL,NULL,NULL,False,NULL,NULL,"23.03","2026-03-06 18:01:53.632236+00"
"118318",8558,"2026-03-06 14:49:31.157+00","40.37481500","71.78663670",NULL,"6.55",NULL,NULL,NULL,NULL,False,NULL,NULL,"32.41","2026-03-06 18:01:53.632235+00"
"118319",8558,"2026-03-06 14:49:31.157+00","40.37481500","71.78663670",NULL,"6.55",NULL,NULL,NULL,NULL,False,NULL,NULL,"0.00","2026-03-06 18:01:53.632235+00"
"118320",8558,"2026-03-06 14:49:31.157+00","40.37481500","71.78663670",NULL,"6.55",NULL,NULL,NULL,NULL,False,NULL,NULL,"0.00","2026-03-06 18:01:53.632236+00"
"118321",8558,"2026-03-06 14:49:31.157+00","40.37481500","71.78663670",NULL,"6.55",NULL,NULL,NULL,NULL,False,NULL,NULL,"0.00","2026-03-06 18:01:53.632236+00"
"118314",8558,"2026-03-06 14:49:27.157+00","40.37492670","71.78628330",NULL,"7.58",NULL,NULL,NULL,NULL,False,NULL,NULL,"23.13","2026-03-06 18:01:53.632234+00"
"118315",8558,"2026-03-06 14:49:27.157+00","40.37492670","71.78628330",NULL,"7.58",NULL,NULL,NULL,NULL,False,NULL,NULL,"0.00","2026-03-06 18:01:53.632234+00"
"118316",8558,"2026-03-06 14:49:27.157+00","40.37492670","71.78628330",NULL,"7.58",NULL,NULL,NULL,NULL,False,NULL,NULL,"0.00","2026-03-06 18:01:53.632234+00"
"118317",8558,"2026-03-06 14:49:27.157+00","40.37492670","71.78628330",NULL,"7.58",NULL,NULL,NULL,NULL,False,NULL,NULL,"0.00","2026-03-06 18:01:53.632235+00"
"118313",8558,"2026-03-06 14:49:24.159+00","40.37501330","71.78603500",NULL,"5.51",NULL,NULL,NULL,NULL,False,NULL,NULL,"21.01","2026-03-06 18:01:53.632234+00"
"118312",8558,"2026-03-06 14:49:14.159+00","40.37518000","71.78591830",NULL,"3.64",NULL,NULL,NULL,NULL,False,NULL,NULL,"22.20","2026-03-06 18:01:53.632233+00"
"118308",8558,"2026-03-06 14:49:10.16+00","40.37537670","71.78596330",NULL,"4.49",NULL,NULL,NULL,NULL,False,NULL,NULL,"11.10","2026-03-06 18:01:53.632232+00"
"118309",8558,"2026-03-06 14:49:10.16+00","40.37537670","71.78596330",NULL,"4.49",NULL,NULL,NULL,NULL,False,NULL,NULL,"0.00","2026-03-06 18:01:53.632232+00"
"118310",8558,"2026-03-06 14:49:10.16+00","40.37537670","71.78596330",NULL,"4.49",NULL,NULL,NULL,NULL,False,NULL,NULL,"0.00","2026-03-06 18:01:53.632233+00"
"118311",8558,"2026-03-06 14:49:10.16+00","40.37537670","71.78596330",NULL,"4.49",NULL,NULL,NULL,NULL,False,NULL,NULL,"0.00","2026-03-06 18:01:53.632233+00"
"118306",8558,"2026-03-06 14:49:08.158+00","40.37547000","71.78601000",NULL,"0.63",NULL,NULL,NULL,NULL,False,NULL,NULL,"21.22","2026-03-06 18:01:53.632232+00"
"118307",8558,"2026-03-06 14:49:08.158+00","40.37547000","71.78601000",NULL,"0.63",NULL,NULL,NULL,NULL,False,NULL,NULL,"0.00","2026-03-06 18:01:53.632232+00"
"118302",8558,"2026-03-06 14:48:40.159+00","40.37564500","71.78611000",NULL,"4.84",NULL,NULL,NULL,NULL,False,NULL,NULL,"47.52","2026-03-06 18:01:53.632227+00"
"118303",8558,"2026-03-06 14:48:40.159+00","40.37564500","71.78611000",NULL,"4.84",NULL,NULL,NULL,NULL,False,NULL,NULL,"0.00","2026-03-06 18:01:53.632227+00"
"118304",8558,"2026-03-06 14:48:40.159+00","40.37564500","71.78611000",NULL,"4.84",NULL,NULL,NULL,NULL,False,NULL,NULL,"0.00","2026-03-06 18:01:53.632228+00"
"118305",8558,"2026-03-06 14:48:40.159+00","40.37564500","71.78611000",NULL,"4.84",NULL,NULL,NULL,NULL,False,NULL,NULL,"0.00","2026-03-06 18:01:53.632231+00"
"118301",8558,"2026-03-06 14:48:34.158+00","40.37604330","71.78631330",NULL,"13.31",NULL,NULL,NULL,NULL,False,NULL,NULL,"0.00","2026-03-06 18:01:53.632226+00"
"118299",8558,"2026-03-06 14:48:34.158+00","40.37604330","71.78631330",NULL,"13.31",NULL,NULL,NULL,NULL,False,NULL,NULL,"51.25","2026-03-06 18:01:53.281533+00"
"118300",8558,"2026-03-06 14:48:34.158+00","40.37604330","71.78631330",NULL,"13.31",NULL,NULL,NULL,NULL,False,NULL,NULL,"0.00","2026-03-06 18:01:53.281533+00"
"118298",8558,"2026-03-06 14:48:30.157+00","40.37648330","71.78649330",NULL,"13.13",NULL,NULL,NULL,NULL,False,NULL,NULL,"52.34","2026-03-06 18:01:53.281533+00"
"118296",8558,"2026-03-06 14:48:27.157+00","40.37690670","71.78676330",NULL,"12.78",NULL,NULL,NULL,NULL,False,NULL,NULL,"37.57","2026-03-06 18:01:53.281532+00"
"118297",8558,"2026-03-06 14:48:27.157+00","40.37690670","71.78676330",NULL,"12.78",NULL,NULL,NULL,NULL,False,NULL,NULL,"0.00","2026-03-06 18:01:53.281532+00"
"118295",8558,"2026-03-06 14:48:24.946+00","40.37714330","71.78708000",NULL,"12.20",NULL,NULL,NULL,NULL,False,NULL,NULL,"30.76","2026-03-06 18:01:53.281532+00"
"118292",8558,"2026-03-06 14:48:24.157+00","40.37719500","71.78672330",NULL,"10.63",NULL,NULL,NULL,NULL,False,NULL,NULL,"33.79","2026-03-06 18:01:53.281531+00"
"118293",8558,"2026-03-06 14:48:24.157+00","40.37719500","71.78672330",NULL,"10.63",NULL,NULL,NULL,NULL,False,NULL,NULL,"0.00","2026-03-06 18:01:53.281531+00"
"118294",8558,"2026-03-06 14:48:24.157+00","40.37719500","71.78672330",NULL,"10.63",NULL,NULL,NULL,NULL,False,NULL,NULL,"0.00","2026-03-06 18:01:53.281532+00"
"118291",8558,"2026-03-06 14:48:20.529+00","40.37749500","71.78666000",NULL,"8.62",NULL,NULL,NULL,NULL,False,NULL,NULL,"39.07","2026-03-06 18:01:53.281531+00"
"118288",8558,"2026-03-06 14:48:19.156+00","40.37762830","71.78708670",NULL,"8.06",NULL,NULL,NULL,NULL,False,NULL,NULL,"23.75","2026-03-06 18:01:53.28153+00"
"118289",8558,"2026-03-06 14:48:19.156+00","40.37762830","71.78708670",NULL,"8.06",NULL,NULL,NULL,NULL,False,NULL,NULL,"0.00","2026-03-06 18:01:53.281531+00"
"118290",8558,"2026-03-06 14:48:19.156+00","40.37762830","71.78708670",NULL,"8.06",NULL,NULL,NULL,NULL,False,NULL,NULL,"0.00","2026-03-06 18:01:53.281531+00"
"118287",8558,"2026-03-06 14:48:16.158+00","40.37782830","71.78718500",NULL,"5.05",NULL,NULL,NULL,NULL,False,NULL,NULL,"21.67","2026-03-06 18:01:53.281529+00"
"118286",8558,"2026-03-06 14:48:10.158+00","40.37802170","71.78715330",NULL,"3.98",NULL,NULL,NULL,NULL,False,NULL,NULL,"20.29","2026-03-06 18:01:53.281529+00"
"118282",8558,"2026-03-06 14:47:59.161+00","40.37804000","71.78691500",NULL,"3.82",NULL,NULL,NULL,NULL,False,NULL,NULL,"31.73","2026-03-06 18:01:53.281528+00"
"118283",8558,"2026-03-06 14:47:59.161+00","40.37804000","71.78691500",NULL,"3.82",NULL,NULL,NULL,NULL,False,NULL,NULL,"0.00","2026-03-06 18:01:53.281528+00"
"118284",8558,"2026-03-06 14:47:59.161+00","40.37804000","71.78691500",NULL,"3.82",NULL,NULL,NULL,NULL,False,NULL,NULL,"0.00","2026-03-06 18:01:53.281529+00"
"118285",8558,"2026-03-06 14:47:59.161+00","40.37804000","71.78691500",NULL,"3.82",NULL,NULL,NULL,NULL,False,NULL,NULL,"0.00","2026-03-06 18:01:53.281529+00"
"118279",8558,"2026-03-06 14:47:53.166+00","40.37814500","71.78656670",NULL,"10.20",NULL,NULL,NULL,NULL,False,NULL,NULL,"38.64","2026-03-06 18:01:53.281528+00"
"118280",8558,"2026-03-06 14:47:53.166+00","40.37814500","71.78656670",NULL,"10.20",NULL,NULL,NULL,NULL,False,NULL,NULL,"0.00","2026-03-06 18:01:53.281528+00"
"118281",8558,"2026-03-06 14:47:53.166+00","40.37814500","71.78656670",NULL,"10.20",NULL,NULL,NULL,NULL,False,NULL,NULL,"0.00","2026-03-06 18:01:53.281528+00"
"118278",8558,"2026-03-06 14:47:48.402+00","40.37822670","71.78612330",NULL,"11.22",NULL,NULL,NULL,NULL,False,NULL,NULL,"36.95","2026-03-06 18:01:53.281528+00"
"118274",8558,"2026-03-06 14:47:47.17+00","40.37847830","71.78583830",NULL,"11.57",NULL,NULL,NULL,NULL,False,NULL,NULL,"45.27","2026-03-06 18:01:53.281527+00"
"118275",8558,"2026-03-06 14:47:47.17+00","40.37847830","71.78583830",NULL,"11.57",NULL,NULL,NULL,NULL,False,NULL,NULL,"0.00","2026-03-06 18:01:53.281527+00"
"118276",8558,"2026-03-06 14:47:47.17+00","40.37847830","71.78583830",NULL,"11.57",NULL,NULL,NULL,NULL,False,NULL,NULL,"0.00","2026-03-06 18:01:53.281527+00"
"118277",8558,"2026-03-06 14:47:47.17+00","40.37847830","71.78583830",NULL,"11.57",NULL,NULL,NULL,NULL,False,NULL,NULL,"0.00","2026-03-06 18:01:53.281527+00"
"118271",8558,"2026-03-06 14:47:43.169+00","40.37852000","71.78530670",NULL,"12.90",NULL,NULL,NULL,NULL,False,NULL,NULL,"41.21","2026-03-06 18:01:53.281525+00"
"118272",8558,"2026-03-06 14:47:43.169+00","40.37852000","71.78530670",NULL,"12.90",NULL,NULL,NULL,NULL,False,NULL,NULL,"0.00","2026-03-06 18:01:53.281527+00"
"118273",8558,"2026-03-06 14:47:43.169+00","40.37852000","71.78530670",NULL,"12.90",NULL,NULL,NULL,NULL,False,NULL,NULL,"0.00","2026-03-06 18:01:53.281527+00"
"118270",8558,"2026-03-06 14:47:40.165+00","40.37868330","71.78487000",NULL,"13.13",NULL,NULL,NULL,NULL,False,NULL,NULL,"40.81","2026-03-06 18:01:53.281525+00"
"118267",8558,"2026-03-06 14:47:37.156+00","40.37878830","71.78440830",NULL,"13.79",NULL,NULL,NULL,NULL,False,NULL,NULL,"39.99","2026-03-06 18:01:53.281525+00"
"118268",8558,"2026-03-06 14:47:37.156+00","40.37878830","71.78440830",NULL,"13.79",NULL,NULL,NULL,NULL,False,NULL,NULL,"0.00","2026-03-06 18:01:53.281525+00"
"118269",8558,"2026-03-06 14:47:37.156+00","40.37878830","71.78440830",NULL,"13.79",NULL,NULL,NULL,NULL,False,NULL,NULL,"0.00","2026-03-06 18:01:53.281525+00"
"118266",8558,"2026-03-06 14:47:34.156+00","40.37890830","71.78396330",NULL,"13.71",NULL,NULL,NULL,NULL,False,NULL,NULL,"41.67","2026-03-06 18:01:53.281524+00"
"118263",8558,"2026-03-06 14:47:31.159+00","40.37909500","71.78353670",NULL,"14.26",NULL,NULL,NULL,NULL,False,NULL,NULL,"41.48","2026-03-06 18:01:53.281524+00"
"118264",8558,"2026-03-06 14:47:31.159+00","40.37909500","71.78353670",NULL,"14.26",NULL,NULL,NULL,NULL,False,NULL,NULL,"0.00","2026-03-06 18:01:53.281524+00"
"118265",8558,"2026-03-06 14:47:31.159+00","40.37909500","71.78353670",NULL,"14.26",NULL,NULL,NULL,NULL,False,NULL,NULL,"0.00","2026-03-06 18:01:53.281524+00"
"118262",8558,"2026-03-06 14:47:28.158+00","40.37924500","71.78308830",NULL,"14.33",NULL,NULL,NULL,NULL,False,NULL,NULL,"43.58","2026-03-06 18:01:53.281524+00"
"118259",8558,"2026-03-06 14:47:25.158+00","40.37932000","71.78258330",NULL,"13.99",NULL,NULL,NULL,NULL,False,NULL,NULL,"40.67","2026-03-06 18:01:53.281523+00"
"118260",8558,"2026-03-06 14:47:25.158+00","40.37932000","71.78258330",NULL,"13.99",NULL,NULL,NULL,NULL,False,NULL,NULL,"0.00","2026-03-06 18:01:53.281523+00"
"118261",8558,"2026-03-06 14:47:25.158+00","40.37932000","71.78258330",NULL,"13.99",NULL,NULL,NULL,NULL,False,NULL,NULL,"0.00","2026-03-06 18:01:53.281523+00"
"118258",8558,"2026-03-06 14:47:22.156+00","40.37943670","71.78212830",NULL,"13.28",NULL,NULL,NULL,NULL,False,NULL,NULL,"46.71","2026-03-06 18:01:53.281523+00"
"118254",8558,"2026-03-06 14:47:19.158+00","40.37952170","71.78158830",NULL,"12.59",NULL,NULL,NULL,NULL,False,NULL,NULL,"34.95","2026-03-06 18:01:53.281522+00"
"118255",8558,"2026-03-06 14:47:19.158+00","40.37952170","71.78158830",NULL,"12.59",NULL,NULL,NULL,NULL,False,NULL,NULL,"0.00","2026-03-06 18:01:53.281522+00"
"118256",8558,"2026-03-06 14:47:19.158+00","40.37952170","71.78158830",NULL,"12.59",NULL,NULL,NULL,NULL,False,NULL,NULL,"0.00","2026-03-06 18:01:53.281522+00"
"118257",8558,"2026-03-06 14:47:19.158+00","40.37952170","71.78158830",NULL,"12.59",NULL,NULL,NULL,NULL,False,NULL,NULL,"0.00","2026-03-06 18:01:53.281522+00"
"118251",8558,"2026-03-06 14:47:16.157+00","40.37966830","71.78122330",NULL,"12.10",NULL,NULL,NULL,NULL,False,NULL,NULL,"30.93","2026-03-06 18:01:53.281517+00"
"118252",8558,"2026-03-06 14:47:16.157+00","40.37966830","71.78122330",NULL,"12.10",NULL,NULL,NULL,NULL,False,NULL,NULL,"0.00","2026-03-06 18:01:53.281518+00"
"118253",8558,"2026-03-06 14:47:16.157+00","40.37966830","71.78122330",NULL,"12.10",NULL,NULL,NULL,NULL,False,NULL,NULL,"0.00","2026-03-06 18:01:53.281518+00"
"118250",8558,"2026-03-06 14:47:13.158+00","40.37967670","71.78085830",NULL,"11.63",NULL,NULL,NULL,NULL,False,NULL,NULL,"67.94","2026-03-06 18:01:52.99575+00"
"118246",8558,"2026-03-06 14:47:11.158+00","40.37998830","71.78016830",NULL,"9.25",NULL,NULL,NULL,NULL,False,NULL,NULL,"26.84","2026-03-06 18:01:52.995735+00"
"118247",8558,"2026-03-06 14:47:11.158+00","40.37998830","71.78016830",NULL,"9.25",NULL,NULL,NULL,NULL,False,NULL,NULL,"0.00","2026-03-06 18:01:52.99575+00"
"118248",8558,"2026-03-06 14:47:11.158+00","40.37998830","71.78016830",NULL,"9.25",NULL,NULL,NULL,NULL,False,NULL,NULL,"0.00","2026-03-06 18:01:52.99575+00"
"118249",8558,"2026-03-06 14:47:11.158+00","40.37998830","71.78016830",NULL,"9.25",NULL,NULL,NULL,NULL,False,NULL,NULL,"0.00","2026-03-06 18:01:52.99575+00"
"118245",8558,"2026-03-06 14:47:09.157+00","40.38007330","71.77987170",NULL,"5.82",NULL,NULL,NULL,NULL,False,NULL,NULL,"30.35","2026-03-06 18:01:52.995735+00"
"118243",8558,"2026-03-06 14:47:04.156+00","40.38011830","71.77951830",NULL,"4.25",NULL,NULL,NULL,NULL,False,NULL,NULL,"13.87","2026-03-06 18:01:52.995735+00"
"118244",8558,"2026-03-06 14:47:04.156+00","40.38011830","71.77951830",NULL,"4.25",NULL,NULL,NULL,NULL,False,NULL,NULL,"0.00","2026-03-06 18:01:52.995735+00"
"118240",8558,"2026-03-06 14:46:58.159+00","40.38014500","71.77935830",NULL,"0.77",NULL,NULL,NULL,NULL,False,NULL,NULL,"23.89","2026-03-06 18:01:52.995734+00"
"118241",8558,"2026-03-06 14:46:58.159+00","40.38014500","71.77935830",NULL,"0.77",NULL,NULL,NULL,NULL,False,NULL,NULL,"0.00","2026-03-06 18:01:52.995734+00"
"118242",8558,"2026-03-06 14:46:58.159+00","40.38014500","71.77935830",NULL,"0.77",NULL,NULL,NULL,NULL,False,NULL,NULL,"0.00","2026-03-06 18:01:52.995734+00"
"118238",8558,"2026-03-06 14:46:48.157+00","40.38021500","71.77909170",NULL,"4.39",NULL,NULL,NULL,NULL,False,NULL,NULL,"13.15","2026-03-06 18:01:52.995734+00"
"118239",8558,"2026-03-06 14:46:48.157+00","40.38021500","71.77909170",NULL,"4.39",NULL,NULL,NULL,NULL,False,NULL,NULL,"0.00","2026-03-06 18:01:52.995734+00"
"118236",8558,"2026-03-06 14:46:45.05+00","40.38026330","71.77895000",NULL,"2.19",NULL,NULL,NULL,NULL,False,NULL,NULL,"1.46","2026-03-06 18:01:52.995733+00"
"118237",8558,"2026-03-06 14:46:45.05+00","40.38026330","71.77895000",NULL,"2.19",NULL,NULL,NULL,NULL,False,NULL,NULL,"0.00","2026-03-06 18:01:52.995734+00"
"118233",8558,"2026-03-06 14:46:43.16+00","40.38026670","71.77893330",NULL,"6.46",NULL,NULL,NULL,NULL,False,NULL,NULL,"31.06","2026-03-06 18:01:52.995732+00"
"118234",8558,"2026-03-06 14:46:43.16+00","40.38026670","71.77893330",NULL,"6.46",NULL,NULL,NULL,NULL,False,NULL,NULL,"0.00","2026-03-06 18:01:52.995732+00"
"118235",8558,"2026-03-06 14:46:43.16+00","40.38026670","71.77893330",NULL,"6.46",NULL,NULL,NULL,NULL,False,NULL,NULL,"0.00","2026-03-06 18:01:52.995732+00"
"118232",8558,"2026-03-06 14:44:57.955+00","40.38026000","71.77856670",NULL,"7.68",NULL,NULL,NULL,NULL,False,NULL,NULL,"30.05","2026-03-06 18:01:52.995732+00"
"118228",8558,"2026-03-06 14:44:57.168+00","40.38050830","71.77842670",NULL,"9.91",NULL,NULL,NULL,NULL,False,NULL,NULL,"29.86","2026-03-06 18:01:52.995731+00"
"118229",8558,"2026-03-06 14:44:57.168+00","40.38050830","71.77842670",NULL,"9.91",NULL,NULL,NULL,NULL,False,NULL,NULL,"0.00","2026-03-06 18:01:52.995731+00"
"118230",8558,"2026-03-06 14:44:57.168+00","40.38050830","71.77842670",NULL,"9.91",NULL,NULL,NULL,NULL,False,NULL,NULL,"0.00","2026-03-06 18:01:52.995731+00"
"118231",8558,"2026-03-06 14:44:57.168+00","40.38050830","71.77842670",NULL,"9.91",NULL,NULL,NULL,NULL,False,NULL,NULL,"0.00","2026-03-06 18:01:52.995732+00"
"118227",8558,"2026-03-06 14:44:54.17+00","40.38056330","71.77808170",NULL,"5.99",NULL,NULL,NULL,NULL,False,NULL,NULL,"21.68","2026-03-06 18:01:52.995731+00"
"118226",8558,"2026-03-06 14:44:49.695+00","40.38052170","71.77783170",NULL,"3.75",NULL,NULL,NULL,NULL,False,NULL,NULL,"26.91","2026-03-06 18:01:52.995731+00"
"118225",8558,"2026-03-06 14:44:49.196+00","40.38032500","71.77801670",NULL,"3.71",NULL,NULL,NULL,NULL,False,NULL,NULL,"32.49","2026-03-06 18:01:52.995731+00"
"118221",8558,"2026-03-06 14:44:48.169+00","40.38053000","71.77774330",NULL,"7.16",NULL,NULL,NULL,NULL,False,NULL,NULL,"36.64","2026-03-06 18:01:52.99573+00"
"118222",8558,"2026-03-06 14:44:48.169+00","40.38053000","71.77774330",NULL,"7.16",NULL,NULL,NULL,NULL,False,NULL,NULL,"0.00","2026-03-06 18:01:52.99573+00"
"118223",8558,"2026-03-06 14:44:48.169+00","40.38053000","71.77774330",NULL,"7.16",NULL,NULL,NULL,NULL,False,NULL,NULL,"0.00","2026-03-06 18:01:52.99573+00"
"118224",8558,"2026-03-06 14:44:48.169+00","40.38053000","71.77774330",NULL,"7.16",NULL,NULL,NULL,NULL,False,NULL,NULL,"0.00","2026-03-06 18:01:52.99573+00"
"118218",8558,"2026-03-06 14:44:44.158+00","40.38022330","71.77758500",NULL,"9.44",NULL,NULL,NULL,NULL,False,NULL,NULL,"36.53","2026-03-06 18:01:52.99573+00"
"118219",8558,"2026-03-06 14:44:44.158+00","40.38022330","71.77758500",NULL,"9.44",NULL,NULL,NULL,NULL,False,NULL,NULL,"0.00","2026-03-06 18:01:52.99573+00"
"118220",8558,"2026-03-06 14:44:44.158+00","40.38022330","71.77758500",NULL,"9.44",NULL,NULL,NULL,NULL,False,NULL,NULL,"0.00","2026-03-06 18:01:52.99573+00"
"118217",8558,"2026-03-06 14:44:40.158+00","40.37991170","71.77744830",NULL,"9.76",NULL,NULL,NULL,NULL,False,NULL,NULL,"39.94","2026-03-06 18:01:52.995728+00"
"118214",8558,"2026-03-06 14:44:36.157+00","40.37956830","71.77731000",NULL,"10.22",NULL,NULL,NULL,NULL,False,NULL,NULL,"38.97","2026-03-06 18:01:52.995728+00"
"118215",8558,"2026-03-06 14:44:36.157+00","40.37956830","71.77731000",NULL,"10.22",NULL,NULL,NULL,NULL,False,NULL,NULL,"0.00","2026-03-06 18:01:52.995728+00"
"118216",8558,"2026-03-06 14:44:36.157+00","40.37956830","71.77731000",NULL,"10.22",NULL,NULL,NULL,NULL,False,NULL,NULL,"0.00","2026-03-06 18:01:52.995728+00"
"118213",8558,"2026-03-06 14:44:32.397+00","40.37926330","71.77708330",NULL,"11.74",NULL,NULL,NULL,NULL,False,NULL,NULL,"44.14","2026-03-06 18:01:52.995728+00"
"118210",8558,"2026-03-06 14:44:30.158+00","40.37886670","71.77710670",NULL,"10.97",NULL,NULL,NULL,NULL,False,NULL,NULL,"34.96","2026-03-06 18:01:52.995727+00"
"118211",8558,"2026-03-06 14:44:30.158+00","40.37886670","71.77710670",NULL,"10.97",NULL,NULL,NULL,NULL,False,NULL,NULL,"0.00","2026-03-06 18:01:52.995727+00"
"118212",8558,"2026-03-06 14:44:30.158+00","40.37886670","71.77710670",NULL,"10.97",NULL,NULL,NULL,NULL,False,NULL,NULL,"0.00","2026-03-06 18:01:52.995727+00"
"118209",8558,"2026-03-06 14:44:27.157+00","40.37857000","71.77697000",NULL,"11.32",NULL,NULL,NULL,NULL,False,NULL,NULL,"40.43","2026-03-06 18:01:52.995727+00"
"118208",8558,"2026-03-06 14:44:23.013+00","40.37825500","71.77673170",NULL,"8.39",NULL,NULL,NULL,NULL,False,NULL,NULL,"31.76","2026-03-06 18:01:52.995727+00"
"118204",8558,"2026-03-06 14:44:22.159+00","40.37797000","71.77670670",NULL,"9.78",NULL,NULL,NULL,NULL,False,NULL,NULL,"20.76","2026-03-06 18:01:52.995726+00"
"118205",8558,"2026-03-06 14:44:22.159+00","40.37797000","71.77670670",NULL,"9.78",NULL,NULL,NULL,NULL,False,NULL,NULL,"0.00","2026-03-06 18:01:52.995726+00"
"118206",8558,"2026-03-06 14:44:22.159+00","40.37797000","71.77670670",NULL,"9.78",NULL,NULL,NULL,NULL,False,NULL,NULL,"0.00","2026-03-06 18:01:52.995726+00"
"118207",8558,"2026-03-06 14:44:22.159+00","40.37797000","71.77670670",NULL,"9.78",NULL,NULL,NULL,NULL,False,NULL,NULL,"0.00","2026-03-06 18:01:52.995726+00"
"118203",8558,"2026-03-06 14:44:20.159+00","40.37779000","71.77664170",NULL,"7.49",NULL,NULL,NULL,NULL,False,NULL,NULL,"29.22","2026-03-06 18:01:52.995725+00"
"118199",8558,"2026-03-06 14:44:15.158+00","40.37753670","71.77655000",NULL,"2.63",NULL,NULL,NULL,NULL,False,NULL,NULL,"11.38","2026-03-06 18:01:52.706636+00"
"118200",8558,"2026-03-06 14:44:15.158+00","40.37753670","71.77655000",NULL,"2.63",NULL,NULL,NULL,NULL,False,NULL,NULL,"0.00","2026-03-06 18:01:52.706636+00"
"118201",8558,"2026-03-06 14:44:15.158+00","40.37753670","71.77655000",NULL,"2.63",NULL,NULL,NULL,NULL,False,NULL,NULL,"0.00","2026-03-06 18:01:52.995724+00"
"118202",8558,"2026-03-06 14:44:15.158+00","40.37753670","71.77655000",NULL,"2.63",NULL,NULL,NULL,NULL,False,NULL,NULL,"0.00","2026-03-06 18:01:52.995725+00"
"118198",8558,"2026-03-06 14:44:12.159+00","40.37744170","71.77660000",NULL,"0.15",NULL,NULL,NULL,NULL,False,NULL,NULL,"23.63","2026-03-06 18:01:52.706636+00"
"118197",8558,"2026-03-06 14:44:08.159+00","40.37732330","71.77683170",NULL,"0.34",NULL,NULL,NULL,NULL,False,NULL,NULL,"10.04","2026-03-06 18:01:52.706635+00"
"118196",8558,"2026-03-06 14:44:01.179+00","40.37723500","71.77685670",NULL,"0.54",NULL,NULL,NULL,NULL,False,NULL,NULL,"1.72","2026-03-06 18:01:52.706634+00"
"118194",8558,"2026-03-06 14:43:58.428+00","40.37722000","71.77685170",NULL,"1.35",NULL,NULL,NULL,NULL,False,NULL,NULL,"41.18","2026-03-06 18:01:52.706634+00"
"118195",8558,"2026-03-06 14:43:58.428+00","40.37722000","71.77685170",NULL,"1.35",NULL,NULL,NULL,NULL,False,NULL,NULL,"0.00","2026-03-06 18:01:52.706634+00"
"118192",8558,"2026-03-06 14:43:56.157+00","40.37717000","71.77637000",NULL,"6.77",NULL,NULL,NULL,NULL,False,NULL,NULL,"43.94","2026-03-06 18:01:52.706633+00"
"118193",8558,"2026-03-06 14:43:56.157+00","40.37717000","71.77637000",NULL,"6.77",NULL,NULL,NULL,NULL,False,NULL,NULL,"0.00","2026-03-06 18:01:52.706634+00"
"118191",8558,"2026-03-06 14:43:52.17+00","40.37678500","71.77625330",NULL,"12.58",NULL,NULL,NULL,NULL,False,NULL,NULL,"40.81","2026-03-06 18:01:52.706633+00"
"118187",8558,"2026-03-06 14:43:49.171+00","40.37642330","71.77617170",NULL,"13.73",NULL,NULL,NULL,NULL,False,NULL,NULL,"41.46","2026-03-06 18:01:52.706633+00"
"118188",8558,"2026-03-06 14:43:49.171+00","40.37642330","71.77617170",NULL,"13.73",NULL,NULL,NULL,NULL,False,NULL,NULL,"0.00","2026-03-06 18:01:52.706633+00"
"118189",8558,"2026-03-06 14:43:49.171+00","40.37642330","71.77617170",NULL,"13.73",NULL,NULL,NULL,NULL,False,NULL,NULL,"0.00","2026-03-06 18:01:52.706633+00"
"118190",8558,"2026-03-06 14:43:49.171+00","40.37642330","71.77617170",NULL,"13.73",NULL,NULL,NULL,NULL,False,NULL,NULL,"0.00","2026-03-06 18:01:52.706633+00"
"118186",8558,"2026-03-06 14:43:46.17+00","40.37605830","71.77607170",NULL,"12.27",NULL,NULL,NULL,NULL,False,NULL,NULL,"34.76","2026-03-06 18:01:52.706632+00"
"118183",8558,"2026-03-06 14:43:43.172+00","40.37574670","71.77603830",NULL,"11.91",NULL,NULL,NULL,NULL,False,NULL,NULL,"33.61","2026-03-06 18:01:52.706632+00"
"118184",8558,"2026-03-06 14:43:43.172+00","40.37574670","71.77603830",NULL,"11.91",NULL,NULL,NULL,NULL,False,NULL,NULL,"0.00","2026-03-06 18:01:52.706632+00"
"118185",8558,"2026-03-06 14:43:43.172+00","40.37574670","71.77603830",NULL,"11.91",NULL,NULL,NULL,NULL,False,NULL,NULL,"0.00","2026-03-06 18:01:52.706632+00"
"118182",8558,"2026-03-06 14:43:40.169+00","40.37544830","71.77597500",NULL,"10.25",NULL,NULL,NULL,NULL,False,NULL,NULL,"33.70","2026-03-06 18:01:52.706632+00"
"118178",8558,"2026-03-06 14:43:37.171+00","40.37515500","71.77587500",NULL,"9.57",NULL,NULL,NULL,NULL,False,NULL,NULL,"25.84","2026-03-06 18:01:52.70663+00"
"118179",8558,"2026-03-06 14:43:37.171+00","40.37515500","71.77587500",NULL,"9.57",NULL,NULL,NULL,NULL,False,NULL,NULL,"0.00","2026-03-06 18:01:52.706631+00"
"118180",8558,"2026-03-06 14:43:37.171+00","40.37515500","71.77587500",NULL,"9.57",NULL,NULL,NULL,NULL,False,NULL,NULL,"0.00","2026-03-06 18:01:52.706631+00"
"118181",8558,"2026-03-06 14:43:37.171+00","40.37515500","71.77587500",NULL,"9.57",NULL,NULL,NULL,NULL,False,NULL,NULL,"0.00","2026-03-06 18:01:52.706631+00"
"118177",8558,"2026-03-06 14:43:34.171+00","40.37492670","71.77581830",NULL,"7.06",NULL,NULL,NULL,NULL,False,NULL,NULL,"25.90","2026-03-06 18:01:52.70663+00"
"118175",8558,"2026-03-06 14:43:22.171+00","40.37469830","71.77575830",NULL,"3.35",NULL,NULL,NULL,NULL,False,NULL,NULL,"30.93","2026-03-06 18:01:52.70663+00"
"118176",8558,"2026-03-06 14:43:22.171+00","40.37469830","71.77575830",NULL,"3.35",NULL,NULL,NULL,NULL,False,NULL,NULL,"0.00","2026-03-06 18:01:52.70663+00"
"118171",8558,"2026-03-06 14:43:17.171+00","40.37442330","71.77570330",NULL,"8.76",NULL,NULL,NULL,NULL,False,NULL,NULL,"43.66","2026-03-06 18:01:52.706629+00"
"118172",8558,"2026-03-06 14:43:17.171+00","40.37442330","71.77570330",NULL,"8.76",NULL,NULL,NULL,NULL,False,NULL,NULL,"0.00","2026-03-06 18:01:52.706629+00"
"118173",8558,"2026-03-06 14:43:17.171+00","40.37442330","71.77570330",NULL,"8.76",NULL,NULL,NULL,NULL,False,NULL,NULL,"0.00","2026-03-06 18:01:52.706629+00"
"118174",8558,"2026-03-06 14:43:17.171+00","40.37442330","71.77570330",NULL,"8.76",NULL,NULL,NULL,NULL,False,NULL,NULL,"0.00","2026-03-06 18:01:52.706629+00"
"118170",8558,"2026-03-06 14:43:13.169+00","40.37403670","71.77561330",NULL,"13.29",NULL,NULL,NULL,NULL,False,NULL,NULL,"44.64","2026-03-06 18:01:52.706629+00"
"118167",8558,"2026-03-06 14:43:09.173+00","40.37363670","71.77556830",NULL,"14.51",NULL,NULL,NULL,NULL,False,NULL,NULL,"43.30","2026-03-06 18:01:52.706628+00"
"118168",8558,"2026-03-06 14:43:09.173+00","40.37363670","71.77556830",NULL,"14.51",NULL,NULL,NULL,NULL,False,NULL,NULL,"0.00","2026-03-06 18:01:52.706629+00"
"118169",8558,"2026-03-06 14:43:09.173+00","40.37363670","71.77556830",NULL,"14.51",NULL,NULL,NULL,NULL,False,NULL,NULL,"0.00","2026-03-06 18:01:52.706629+00"
"118166",8558,"2026-03-06 14:43:06.17+00","40.37325170","71.77549170",NULL,"15.16",NULL,NULL,NULL,NULL,False,NULL,NULL,"41.24","2026-03-06 18:01:52.706628+00"
"118163",8558,"2026-03-06 14:43:04.171+00","40.37289500","71.77535830",NULL,"15.01",NULL,NULL,NULL,NULL,False,NULL,NULL,"52.83","2026-03-06 18:01:52.706628+00"
"118164",8558,"2026-03-06 14:43:04.171+00","40.37289500","71.77535830",NULL,"15.01",NULL,NULL,NULL,NULL,False,NULL,NULL,"0.00","2026-03-06 18:01:52.706628+00"
"118165",8558,"2026-03-06 14:43:04.171+00","40.37289500","71.77535830",NULL,"15.01",NULL,NULL,NULL,NULL,False,NULL,NULL,"0.00","2026-03-06 18:01:52.706628+00"
"118162",8558,"2026-03-06 14:43:00.672+00","40.37243170","71.77522000",NULL,"14.53",NULL,NULL,NULL,NULL,False,NULL,NULL,"40.89","2026-03-06 18:01:52.706627+00"
"118158",8558,"2026-03-06 14:42:58.168+00","40.37206500","71.77525670",NULL,"13.17",NULL,NULL,NULL,NULL,False,NULL,NULL,"36.39","2026-03-06 18:01:52.706622+00"
"118159",8558,"2026-03-06 14:42:58.168+00","40.37206500","71.77525670",NULL,"13.17",NULL,NULL,NULL,NULL,False,NULL,NULL,"0.00","2026-03-06 18:01:52.706622+00"
"118160",8558,"2026-03-06 14:42:58.168+00","40.37206500","71.77525670",NULL,"13.17",NULL,NULL,NULL,NULL,False,NULL,NULL,"0.00","2026-03-06 18:01:52.706623+00"
"118161",8558,"2026-03-06 14:42:58.168+00","40.37206500","71.77525670",NULL,"13.17",NULL,NULL,NULL,NULL,False,NULL,NULL,"0.00","2026-03-06 18:01:52.706627+00"
"118155",8558,"2026-03-06 14:42:55.169+00","40.37175830","71.77510670",NULL,"11.23",NULL,NULL,NULL,NULL,False,NULL,NULL,"33.29","2026-03-06 18:01:52.706621+00"
"118156",8558,"2026-03-06 14:42:55.169+00","40.37175830","71.77510670",NULL,"11.23",NULL,NULL,NULL,NULL,False,NULL,NULL,"0.00","2026-03-06 18:01:52.706622+00"
"118157",8558,"2026-03-06 14:42:55.169+00","40.37175830","71.77510670",NULL,"11.23",NULL,NULL,NULL,NULL,False,NULL,NULL,"0.00","2026-03-06 18:01:52.706622+00"
"118154",8558,"2026-03-06 14:42:52.17+00","40.37146330","71.77504000",NULL,"8.17",NULL,NULL,NULL,NULL,False,NULL,NULL,"30.96","2026-03-06 18:01:52.706621+00"
"118151",8558,"2026-03-06 14:42:48.172+00","40.37135500","71.77470330",NULL,"11.00",NULL,NULL,NULL,NULL,False,NULL,NULL,"0.00","2026-03-06 18:01:52.70662+00"
"118152",8558,"2026-03-06 14:42:48.172+00","40.37135500","71.77470330",NULL,"11.00",NULL,NULL,NULL,NULL,False,NULL,NULL,"0.00","2026-03-06 18:01:52.70662+00"
"118153",8558,"2026-03-06 14:42:48.172+00","40.37135500","71.77470330",NULL,"11.00",NULL,NULL,NULL,NULL,False,NULL,NULL,"0.00","2026-03-06 18:01:52.70662+00"
"118150",8558,"2026-03-06 14:42:48.172+00","40.37135500","71.77470330",NULL,"11.00",NULL,NULL,NULL,NULL,False,NULL,NULL,"48.22","2026-03-06 18:01:52.405878+00"
"118149",8558,"2026-03-06 14:42:44.167+00","40.37113000","71.77421670",NULL,"12.78",NULL,NULL,NULL,NULL,False,NULL,NULL,"48.60","2026-03-06 18:01:52.405878+00"
"118145",8558,"2026-03-06 14:42:41.169+00","40.37093500","71.77370330",NULL,"13.06",NULL,NULL,NULL,NULL,False,NULL,NULL,"37.13","2026-03-06 18:01:52.405877+00"
"118146",8558,"2026-03-06 14:42:41.169+00","40.37093500","71.77370330",NULL,"13.06",NULL,NULL,NULL,NULL,False,NULL,NULL,"0.00","2026-03-06 18:01:52.405877+00"
"118147",8558,"2026-03-06 14:42:41.169+00","40.37093500","71.77370330",NULL,"13.06",NULL,NULL,NULL,NULL,False,NULL,NULL,"0.00","2026-03-06 18:01:52.405877+00"
"118148",8558,"2026-03-06 14:42:41.169+00","40.37093500","71.77370330",NULL,"13.06",NULL,NULL,NULL,NULL,False,NULL,NULL,"0.00","2026-03-06 18:01:52.405878+00"
"118142",8558,"2026-03-06 14:42:38.172+00","40.37063000","71.77352500",NULL,"11.68",NULL,NULL,NULL,NULL,False,NULL,NULL,"32.29","2026-03-06 18:01:52.405877+00"
"118143",8558,"2026-03-06 14:42:38.172+00","40.37063000","71.77352500",NULL,"11.68",NULL,NULL,NULL,NULL,False,NULL,NULL,"0.00","2026-03-06 18:01:52.405877+00"
"118144",8558,"2026-03-06 14:42:38.172+00","40.37063000","71.77352500",NULL,"11.68",NULL,NULL,NULL,NULL,False,NULL,NULL,"0.00","2026-03-06 18:01:52.405877+00"
"118141",8558,"2026-03-06 14:42:35.17+00","40.37037830","71.77333500",NULL,"9.75",NULL,NULL,NULL,NULL,False,NULL,NULL,"33.66","2026-03-06 18:01:52.405876+00"
"118137",8558,"2026-03-06 14:42:31.172+00","40.37008670","71.77322830",NULL,"8.61",NULL,NULL,NULL,NULL,False,NULL,NULL,"46.32","2026-03-06 18:01:52.405875+00"
"118138",8558,"2026-03-06 14:42:31.172+00","40.37008670","71.77322830",NULL,"8.61",NULL,NULL,NULL,NULL,False,NULL,NULL,"0.00","2026-03-06 18:01:52.405876+00"
"118139",8558,"2026-03-06 14:42:31.172+00","40.37008670","71.77322830",NULL,"8.61",NULL,NULL,NULL,NULL,False,NULL,NULL,"0.00","2026-03-06 18:01:52.405876+00"
"118140",8558,"2026-03-06 14:42:31.172+00","40.37008670","71.77322830",NULL,"8.61",NULL,NULL,NULL,NULL,False,NULL,NULL,"0.00","2026-03-06 18:01:52.405876+00"
"118136",8558,"2026-03-06 14:42:27.173+00","40.36968000","71.77311000",NULL,"13.46",NULL,NULL,NULL,NULL,False,NULL,NULL,"44.42","2026-03-06 18:01:52.405875+00"
"118133",8558,"2026-03-06 14:42:24.172+00","40.36929000","71.77299670",NULL,"14.01",NULL,NULL,NULL,NULL,False,NULL,NULL,"42.30","2026-03-06 18:01:52.405874+00"
"118134",8558,"2026-03-06 14:42:24.172+00","40.36929000","71.77299670",NULL,"14.01",NULL,NULL,NULL,NULL,False,NULL,NULL,"0.00","2026-03-06 18:01:52.405874+00"
"118135",8558,"2026-03-06 14:42:24.172+00","40.36929000","71.77299670",NULL,"14.01",NULL,NULL,NULL,NULL,False,NULL,NULL,"0.00","2026-03-06 18:01:52.405874+00"
"118132",8558,"2026-03-06 14:42:21.171+00","40.36891330","71.77292670",NULL,"13.66",NULL,NULL,NULL,NULL,False,NULL,NULL,"43.94","2026-03-06 18:01:52.405874+00"
"118129",8558,"2026-03-06 14:42:18.172+00","40.36851830","71.77294330",NULL,"13.64",NULL,NULL,NULL,NULL,False,NULL,NULL,"52.47","2026-03-06 18:01:52.405873+00"
"118130",8558,"2026-03-06 14:42:18.172+00","40.36851830","71.77294330",NULL,"13.64",NULL,NULL,NULL,NULL,False,NULL,NULL,"0.00","2026-03-06 18:01:52.405873+00"
"118131",8558,"2026-03-06 14:42:18.172+00","40.36851830","71.77294330",NULL,"13.64",NULL,NULL,NULL,NULL,False,NULL,NULL,"0.00","2026-03-06 18:01:52.405873+00"
"118128",8558,"2026-03-06 14:42:14.169+00","40.36805330","71.77283830",NULL,"12.85",NULL,NULL,NULL,NULL,False,NULL,NULL,"50.27","2026-03-06 18:01:52.405873+00"
"118124",8558,"2026-03-06 14:42:10.169+00","40.36760830","71.77273330",NULL,"12.54",NULL,NULL,NULL,NULL,False,NULL,NULL,"34.01","2026-03-06 18:01:52.405872+00"
"118125",8558,"2026-03-06 14:42:10.169+00","40.36760830","71.77273330",NULL,"12.54",NULL,NULL,NULL,NULL,False,NULL,NULL,"0.00","2026-03-06 18:01:52.405872+00"
"118126",8558,"2026-03-06 14:42:10.169+00","40.36760830","71.77273330",NULL,"12.54",NULL,NULL,NULL,NULL,False,NULL,NULL,"0.00","2026-03-06 18:01:52.405873+00"
"118127",8558,"2026-03-06 14:42:10.169+00","40.36760830","71.77273330",NULL,"12.54",NULL,NULL,NULL,NULL,False,NULL,NULL,"0.00","2026-03-06 18:01:52.405873+00"
"118123",8558,"2026-03-06 14:42:07.171+00","40.36730330","71.77270330",NULL,"9.23",NULL,NULL,NULL,NULL,False,NULL,NULL,"35.19","2026-03-06 18:01:52.405872+00"
"118119",8558,"2026-03-06 14:42:04.168+00","40.36699330","71.77262000",NULL,"9.03",NULL,NULL,NULL,NULL,False,NULL,NULL,"22.12","2026-03-06 18:01:52.40587+00"
"118120",8558,"2026-03-06 14:42:04.168+00","40.36699330","71.77262000",NULL,"9.03",NULL,NULL,NULL,NULL,False,NULL,NULL,"0.00","2026-03-06 18:01:52.405871+00"
"118121",8558,"2026-03-06 14:42:04.168+00","40.36699330","71.77262000",NULL,"9.03",NULL,NULL,NULL,NULL,False,NULL,NULL,"0.00","2026-03-06 18:01:52.405872+00"
"118122",8558,"2026-03-06 14:42:04.168+00","40.36699330","71.77262000",NULL,"9.03",NULL,NULL,NULL,NULL,False,NULL,NULL,"0.00","2026-03-06 18:01:52.405872+00"
"118118",8558,"2026-03-06 14:42:01.168+00","40.36679670","71.77258000",NULL,"5.90",NULL,NULL,NULL,NULL,False,NULL,NULL,"21.50","2026-03-06 18:01:52.40587+00"
"118114",8558,"2026-03-06 14:41:27.159+00","40.36660500","71.77254670",NULL,"5.23",NULL,NULL,NULL,NULL,False,NULL,NULL,"33.72","2026-03-06 18:01:52.405869+00"
"118115",8558,"2026-03-06 14:41:27.159+00","40.36660500","71.77254670",NULL,"5.23",NULL,NULL,NULL,NULL,False,NULL,NULL,"0.00","2026-03-06 18:01:52.40587+00"
"118116",8558,"2026-03-06 14:41:27.159+00","40.36660500","71.77254670",NULL,"5.23",NULL,NULL,NULL,NULL,False,NULL,NULL,"0.00","2026-03-06 18:01:52.40587+00"
"118117",8558,"2026-03-06 14:41:27.159+00","40.36660500","71.77254670",NULL,"5.23",NULL,NULL,NULL,NULL,False,NULL,NULL,"0.00","2026-03-06 18:01:52.40587+00"
"118110",8558,"2026-03-06 14:41:23.161+00","40.36630330","71.77250670",NULL,"11.28",NULL,NULL,NULL,NULL,False,NULL,NULL,"42.07","2026-03-06 18:01:52.405869+00"
"118111",8558,"2026-03-06 14:41:23.161+00","40.36630330","71.77250670",NULL,"11.28",NULL,NULL,NULL,NULL,False,NULL,NULL,"0.00","2026-03-06 18:01:52.405869+00"
"118112",8558,"2026-03-06 14:41:23.161+00","40.36630330","71.77250670",NULL,"11.28",NULL,NULL,NULL,NULL,False,NULL,NULL,"0.00","2026-03-06 18:01:52.405869+00"
"118113",8558,"2026-03-06 14:41:23.161+00","40.36630330","71.77250670",NULL,"11.28",NULL,NULL,NULL,NULL,False,NULL,NULL,"0.00","2026-03-06 18:01:52.405869+00"
"118109",8558,"2026-03-06 14:41:20.16+00","40.36593170","71.77241330",NULL,"14.48",NULL,NULL,NULL,NULL,False,NULL,NULL,"40.42","2026-03-06 18:01:52.405869+00"
"118106",8558,"2026-03-06 14:41:17.171+00","40.36556830","71.77240000",NULL,"14.82",NULL,NULL,NULL,NULL,False,NULL,NULL,"46.37","2026-03-06 18:01:52.405868+00"
"118107",8558,"2026-03-06 14:41:17.171+00","40.36556830","71.77240000",NULL,"14.82",NULL,NULL,NULL,NULL,False,NULL,NULL,"0.00","2026-03-06 18:01:52.405868+00"
"118108",8558,"2026-03-06 14:41:17.171+00","40.36556830","71.77240000",NULL,"14.82",NULL,NULL,NULL,NULL,False,NULL,NULL,"0.00","2026-03-06 18:01:52.405868+00"
"118105",8558,"2026-03-06 14:41:14.172+00","40.36515170","71.77237670",NULL,"14.48",NULL,NULL,NULL,NULL,False,NULL,NULL,"40.59","2026-03-06 18:01:52.405868+00"
"118102",8558,"2026-03-06 14:41:11.168+00","40.36479670","71.77226500",NULL,"13.98",NULL,NULL,NULL,NULL,False,NULL,NULL,"53.39","2026-03-06 18:01:52.405864+00"
"118103",8558,"2026-03-06 14:41:11.168+00","40.36479670","71.77226500",NULL,"13.98",NULL,NULL,NULL,NULL,False,NULL,NULL,"0.00","2026-03-06 18:01:52.405867+00"
"118104",8558,"2026-03-06 14:41:11.168+00","40.36479670","71.77226500",NULL,"13.98",NULL,NULL,NULL,NULL,False,NULL,NULL,"0.00","2026-03-06 18:01:52.405867+00"
"118101",8558,"2026-03-06 14:41:07.17+00","40.36432170","71.77217330",NULL,"13.70",NULL,NULL,NULL,NULL,False,NULL,NULL,"43.37","2026-03-06 18:01:52.405864+00"
"118098",8558,"2026-03-06 14:41:04.17+00","40.36393170","71.77218000",NULL,"13.83",NULL,NULL,NULL,NULL,False,NULL,NULL,"41.96","2026-03-06 18:01:52.121998+00"
"118099",8558,"2026-03-06 14:41:04.17+00","40.36393170","71.77218000",NULL,"13.83",NULL,NULL,NULL,NULL,False,NULL,NULL,"0.00","2026-03-06 18:01:52.121999+00"
"118100",8558,"2026-03-06 14:41:04.17+00","40.36393170","71.77218000",NULL,"13.83",NULL,NULL,NULL,NULL,False,NULL,NULL,"0.00","2026-03-06 18:01:52.121999+00"
"118097",8558,"2026-03-06 14:41:01.17+00","40.36355500","71.77215000",NULL,"13.83",NULL,NULL,NULL,NULL,False,NULL,NULL,"41.06","2026-03-06 18:01:52.121998+00"
"118094",8558,"2026-03-06 14:40:58.17+00","40.36318670","71.77211500",NULL,"13.57",NULL,NULL,NULL,NULL,False,NULL,NULL,"53.11","2026-03-06 18:01:52.121998+00"
"118095",8558,"2026-03-06 14:40:58.17+00","40.36318670","71.77211500",NULL,"13.57",NULL,NULL,NULL,NULL,False,NULL,NULL,"0.00","2026-03-06 18:01:52.121998+00"
"118096",8558,"2026-03-06 14:40:58.17+00","40.36318670","71.77211500",NULL,"13.57",NULL,NULL,NULL,NULL,False,NULL,NULL,"0.00","2026-03-06 18:01:52.121998+00"
"118093",8558,"2026-03-06 14:40:54.169+00","40.36271000","71.77207500",NULL,"13.11",NULL,NULL,NULL,NULL,False,NULL,NULL,"51.43","2026-03-06 18:01:52.121997+00"
"118090",8558,"2026-03-06 14:40:50.17+00","40.36224830","71.77203830",NULL,"12.73",NULL,NULL,NULL,NULL,False,NULL,NULL,"38.35","2026-03-06 18:01:52.121997+00"
"118091",8558,"2026-03-06 14:40:50.17+00","40.36224830","71.77203830",NULL,"12.73",NULL,NULL,NULL,NULL,False,NULL,NULL,"0.00","2026-03-06 18:01:52.121997+00"
"118092",8558,"2026-03-06 14:40:50.17+00","40.36224830","71.77203830",NULL,"12.73",NULL,NULL,NULL,NULL,False,NULL,NULL,"0.00","2026-03-06 18:01:52.121997+00"
"118089",8558,"2026-03-06 14:40:47.168+00","40.36190500","71.77199500",NULL,"12.44",NULL,NULL,NULL,NULL,False,NULL,NULL,"34.92","2026-03-06 18:01:52.121996+00"
"118086",8558,"2026-03-06 14:40:44.168+00","40.36159670","71.77191670",NULL,"12.36",NULL,NULL,NULL,NULL,False,NULL,NULL,"35.03","2026-03-06 18:01:52.121996+00"
"118087",8558,"2026-03-06 14:40:44.168+00","40.36159670","71.77191670",NULL,"12.36",NULL,NULL,NULL,NULL,False,NULL,NULL,"0.00","2026-03-06 18:01:52.121996+00"
"118088",8558,"2026-03-06 14:40:44.168+00","40.36159670","71.77191670",NULL,"12.36",NULL,NULL,NULL,NULL,False,NULL,NULL,"0.00","2026-03-06 18:01:52.121996+00"
"118085",8558,"2026-03-06 14:40:41.17+00","40.36128330","71.77187500",NULL,"12.01",NULL,NULL,NULL,NULL,False,NULL,NULL,"39.88","2026-03-06 18:01:52.121995+00"
"118081",8558,"2026-03-06 14:40:38.168+00","40.36092500","71.77189500",NULL,"12.31",NULL,NULL,NULL,NULL,False,NULL,NULL,"40.43","2026-03-06 18:01:52.121993+00"
"118082",8558,"2026-03-06 14:40:38.168+00","40.36092500","71.77189500",NULL,"12.31",NULL,NULL,NULL,NULL,False,NULL,NULL,"0.00","2026-03-06 18:01:52.121994+00"
"118083",8558,"2026-03-06 14:40:38.168+00","40.36092500","71.77189500",NULL,"12.31",NULL,NULL,NULL,NULL,False,NULL,NULL,"0.00","2026-03-06 18:01:52.121994+00"
"118084",8558,"2026-03-06 14:40:38.168+00","40.36092500","71.77189500",NULL,"12.31",NULL,NULL,NULL,NULL,False,NULL,NULL,"0.00","2026-03-06 18:01:52.121995+00"
"118078",8558,"2026-03-06 14:40:35.172+00","40.36056330","71.77184670",NULL,"12.58",NULL,NULL,NULL,NULL,False,NULL,NULL,"52.62","2026-03-06 18:01:52.121993+00"
"118079",8558,"2026-03-06 14:40:35.172+00","40.36056330","71.77184670",NULL,"12.58",NULL,NULL,NULL,NULL,False,NULL,NULL,"0.00","2026-03-06 18:01:52.121993+00"
"118080",8558,"2026-03-06 14:40:35.172+00","40.36056330","71.77184670",NULL,"12.58",NULL,NULL,NULL,NULL,False,NULL,NULL,"0.00","2026-03-06 18:01:52.121993+00"
"118077",8558,"2026-03-06 14:40:31.169+00","40.36009170","71.77179500",NULL,"13.61",NULL,NULL,NULL,NULL,False,NULL,NULL,"41.24","2026-03-06 18:01:52.121992+00"
"118074",8558,"2026-03-06 14:40:28.17+00","40.35972330","71.77173830",NULL,"14.21",NULL,NULL,NULL,NULL,False,NULL,NULL,"44.22","2026-03-06 18:01:52.121992+00"
"118075",8558,"2026-03-06 14:40:28.17+00","40.35972330","71.77173830",NULL,"14.21",NULL,NULL,NULL,NULL,False,NULL,NULL,"0.00","2026-03-06 18:01:52.121992+00"
"118076",8558,"2026-03-06 14:40:28.17+00","40.35972330","71.77173830",NULL,"14.21",NULL,NULL,NULL,NULL,False,NULL,NULL,"0.00","2026-03-06 18:01:52.121992+00"
"118073",8558,"2026-03-06 14:40:25.173+00","40.35932670","71.77170000",NULL,"14.92",NULL,NULL,NULL,NULL,False,NULL,NULL,"43.84","2026-03-06 18:01:52.121991+00"
"118070",8558,"2026-03-06 14:40:22.173+00","40.35893330","71.77166500",NULL,"15.28",NULL,NULL,NULL,NULL,False,NULL,NULL,"45.33","2026-03-06 18:01:52.121991+00"
"118071",8558,"2026-03-06 14:40:22.173+00","40.35893330","71.77166500",NULL,"15.28",NULL,NULL,NULL,NULL,False,NULL,NULL,"0.00","2026-03-06 18:01:52.121991+00"
"118072",8558,"2026-03-06 14:40:22.173+00","40.35893330","71.77166500",NULL,"15.28",NULL,NULL,NULL,NULL,False,NULL,NULL,"0.00","2026-03-06 18:01:52.121991+00"
"118069",8558,"2026-03-06 14:40:19.173+00","40.35852670","71.77162670",NULL,"15.27",NULL,NULL,NULL,NULL,False,NULL,NULL,"46.33","2026-03-06 18:01:52.12199+00"
"118066",8558,"2026-03-06 14:40:16.171+00","40.35811000","71.77162670",NULL,"15.45",NULL,NULL,NULL,NULL,False,NULL,NULL,"45.80","2026-03-06 18:01:52.12199+00"
"118067",8558,"2026-03-06 14:40:16.171+00","40.35811000","71.77162670",NULL,"15.45",NULL,NULL,NULL,NULL,False,NULL,NULL,"0.00","2026-03-06 18:01:52.12199+00"
"118068",8558,"2026-03-06 14:40:16.171+00","40.35811000","71.77162670",NULL,"15.45",NULL,NULL,NULL,NULL,False,NULL,NULL,"0.00","2026-03-06 18:01:52.12199+00"
"118065",8558,"2026-03-06 14:40:13.169+00","40.35769830","71.77161170",NULL,"15.66",NULL,NULL,NULL,NULL,False,NULL,NULL,"49.94","2026-03-06 18:01:52.121988+00"
"118062",8558,"2026-03-06 14:40:10.172+00","40.35726170","71.77147330",NULL,"15.46",NULL,NULL,NULL,NULL,False,NULL,NULL,"46.63","2026-03-06 18:01:52.121988+00"
"118063",8558,"2026-03-06 14:40:10.172+00","40.35726170","71.77147330",NULL,"15.46",NULL,NULL,NULL,NULL,False,NULL,NULL,"0.00","2026-03-06 18:01:52.121988+00"
"118064",8558,"2026-03-06 14:40:10.172+00","40.35726170","71.77147330",NULL,"15.46",NULL,NULL,NULL,NULL,False,NULL,NULL,"0.00","2026-03-06 18:01:52.121988+00"
"118061",8558,"2026-03-06 14:40:07.17+00","40.35684330","71.77143670",NULL,"15.73",NULL,NULL,NULL,NULL,False,NULL,NULL,"47.07","2026-03-06 18:01:52.121987+00"
"118058",8558,"2026-03-06 14:40:04.171+00","40.35642170","71.77138670",NULL,"15.32",NULL,NULL,NULL,NULL,False,NULL,NULL,"46.54","2026-03-06 18:01:52.121986+00"
"118059",8558,"2026-03-06 14:40:04.171+00","40.35642170","71.77138670",NULL,"15.32",NULL,NULL,NULL,NULL,False,NULL,NULL,"0.00","2026-03-06 18:01:52.121987+00"
"118060",8558,"2026-03-06 14:40:04.171+00","40.35642170","71.77138670",NULL,"15.32",NULL,NULL,NULL,NULL,False,NULL,NULL,"0.00","2026-03-06 18:01:52.121987+00"
"118057",8558,"2026-03-06 14:40:01.169+00","40.35600500","71.77133500",NULL,"15.67",NULL,NULL,NULL,NULL,False,NULL,NULL,"62.17","2026-03-06 18:01:52.121986+00"
"118054",8558,"2026-03-06 14:39:57.17+00","40.35544670","71.77129500",NULL,"15.73",NULL,NULL,NULL,NULL,False,NULL,NULL,"47.38","2026-03-06 18:01:52.121985+00"
"118055",8558,"2026-03-06 14:39:57.17+00","40.35544670","71.77129500",NULL,"15.73",NULL,NULL,NULL,NULL,False,NULL,NULL,"0.00","2026-03-06 18:01:52.121985+00"
"118056",8558,"2026-03-06 14:39:57.17+00","40.35544670","71.77129500",NULL,"15.73",NULL,NULL,NULL,NULL,False,NULL,NULL,"0.00","2026-03-06 18:01:52.121986+00"
"118053",8558,"2026-03-06 14:39:54.171+00","40.35502170","71.77125500",NULL,"15.65",NULL,NULL,NULL,NULL,False,NULL,NULL,"46.92","2026-03-06 18:01:52.121985+00"
"118051",8558,"2026-03-06 14:39:51.173+00","40.35460170","71.77120170",NULL,"15.56",NULL,NULL,NULL,NULL,False,NULL,NULL,"0.00","2026-03-06 18:01:52.121984+00"
"118052",8558,"2026-03-06 14:39:51.173+00","40.35460170","71.77120170",NULL,"15.56",NULL,NULL,NULL,NULL,False,NULL,NULL,"0.00","2026-03-06 18:01:52.121984+00"
"118050",8558,"2026-03-06 14:39:51.173+00","40.35460170","71.77120170",NULL,"15.56",NULL,NULL,NULL,NULL,False,NULL,NULL,"45.23","2026-03-06 18:01:51.870938+00"
"118049",8558,"2026-03-06 14:39:48.17+00","40.35419670","71.77115170",NULL,"15.60",NULL,NULL,NULL,NULL,False,NULL,NULL,"63.27","2026-03-06 18:01:51.870937+00"
"118046",8558,"2026-03-06 14:39:44.168+00","40.35362830","71.77111830",NULL,"15.60",NULL,NULL,NULL,NULL,False,NULL,NULL,"47.18","2026-03-06 18:01:51.870933+00"
"118047",8558,"2026-03-06 14:39:44.168+00","40.35362830","71.77111830",NULL,"15.60",NULL,NULL,NULL,NULL,False,NULL,NULL,"0.00","2026-03-06 18:01:51.870934+00"
"118048",8558,"2026-03-06 14:39:44.168+00","40.35362830","71.77111830",NULL,"15.60",NULL,NULL,NULL,NULL,False,NULL,NULL,"0.00","2026-03-06 18:01:51.870934+00"
"118045",8558,"2026-03-06 14:39:41.169+00","40.35320500","71.77108000",NULL,"15.76",NULL,NULL,NULL,NULL,False,NULL,NULL,"48.13","2026-03-06 18:01:51.870933+00"
"118042",8558,"2026-03-06 14:39:38.17+00","40.35277670","71.77099830",NULL,"15.61",NULL,NULL,NULL,NULL,False,NULL,NULL,"47.05","2026-03-06 18:01:51.870931+00"
"118043",8558,"2026-03-06 14:39:38.17+00","40.35277670","71.77099830",NULL,"15.61",NULL,NULL,NULL,NULL,False,NULL,NULL,"0.00","2026-03-06 18:01:51.870931+00"
"118044",8558,"2026-03-06 14:39:38.17+00","40.35277670","71.77099830",NULL,"15.61",NULL,NULL,NULL,NULL,False,NULL,NULL,"0.00","2026-03-06 18:01:51.870932+00"
"118041",8558,"2026-03-06 14:39:35.17+00","40.35235500","71.77095330",NULL,"15.62",NULL,NULL,NULL,NULL,False,NULL,NULL,"50.88","2026-03-06 18:01:51.87093+00"
"118038",8558,"2026-03-06 14:39:32.168+00","40.35190000","71.77089000",NULL,"15.45",NULL,NULL,NULL,NULL,False,NULL,NULL,"46.34","2026-03-06 18:01:51.870928+00"
"118039",8558,"2026-03-06 14:39:32.168+00","40.35190000","71.77089000",NULL,"15.45",NULL,NULL,NULL,NULL,False,NULL,NULL,"0.00","2026-03-06 18:01:51.870929+00"
"118040",8558,"2026-03-06 14:39:32.168+00","40.35190000","71.77089000",NULL,"15.45",NULL,NULL,NULL,NULL,False,NULL,NULL,"0.00","2026-03-06 18:01:51.870929+00"
"118037",8558,"2026-03-06 14:39:29.17+00","40.35148500","71.77084000",NULL,"15.31",NULL,NULL,NULL,NULL,False,NULL,NULL,"50.35","2026-03-06 18:01:51.870928+00"
"118034",8558,"2026-03-06 14:39:25.168+00","40.35103330","71.77079830",NULL,"15.06",NULL,NULL,NULL,NULL,False,NULL,NULL,"41.50","2026-03-06 18:01:51.870926+00"
"118035",8558,"2026-03-06 14:39:25.168+00","40.35103330","71.77079830",NULL,"15.06",NULL,NULL,NULL,NULL,False,NULL,NULL,"0.00","2026-03-06 18:01:51.870926+00"
"118036",8558,"2026-03-06 14:39:25.168+00","40.35103330","71.77079830",NULL,"15.06",NULL,NULL,NULL,NULL,False,NULL,NULL,"0.00","2026-03-06 18:01:51.870927+00"
"118033",8558,"2026-03-06 14:39:22.171+00","40.35066170","71.77075330",NULL,"15.32",NULL,NULL,NULL,NULL,False,NULL,NULL,"41.57","2026-03-06 18:01:51.870925+00"
"118030",8558,"2026-03-06 14:39:20.169+00","40.35028830","71.77073000",NULL,"15.07",NULL,NULL,NULL,NULL,False,NULL,NULL,"46.52","2026-03-06 18:01:51.870921+00"
"118031",8558,"2026-03-06 14:39:20.169+00","40.35028830","71.77073000",NULL,"15.07",NULL,NULL,NULL,NULL,False,NULL,NULL,"0.00","2026-03-06 18:01:51.870923+00"
"118032",8558,"2026-03-06 14:39:20.169+00","40.35028830","71.77073000",NULL,"15.07",NULL,NULL,NULL,NULL,False,NULL,NULL,"0.00","2026-03-06 18:01:51.870924+00"
"118029",8558,"2026-03-06 14:39:17.171+00","40.34987170","71.77068000",NULL,"15.18",NULL,NULL,NULL,NULL,False,NULL,NULL,"43.59","2026-03-06 18:01:51.870921+00"
"118026",8558,"2026-03-06 14:39:14.17+00","40.34948000","71.77065830",NULL,"15.21",NULL,NULL,NULL,NULL,False,NULL,NULL,"44.72","2026-03-06 18:01:51.870919+00"
"118027",8558,"2026-03-06 14:39:14.17+00","40.34948000","71.77065830",NULL,"15.21",NULL,NULL,NULL,NULL,False,NULL,NULL,"0.00","2026-03-06 18:01:51.870919+00"
"118028",8558,"2026-03-06 14:39:14.17+00","40.34948000","71.77065830",NULL,"15.21",NULL,NULL,NULL,NULL,False,NULL,NULL,"0.00","2026-03-06 18:01:51.87092+00"
"118025",8558,"2026-03-06 14:39:11.172+00","40.34907830","71.77063170",NULL,"15.10",NULL,NULL,NULL,NULL,False,NULL,NULL,"48.42","2026-03-06 18:01:51.870918+00"
"118022",8558,"2026-03-06 14:39:08.17+00","40.34864830","71.77054170",NULL,"15.18",NULL,NULL,NULL,NULL,False,NULL,NULL,"46.25","2026-03-06 18:01:51.870916+00"
"118023",8558,"2026-03-06 14:39:08.17+00","40.34864830","71.77054170",NULL,"15.18",NULL,NULL,NULL,NULL,False,NULL,NULL,"0.00","2026-03-06 18:01:51.870917+00"
"118024",8558,"2026-03-06 14:39:08.17+00","40.34864830","71.77054170",NULL,"15.18",NULL,NULL,NULL,NULL,False,NULL,NULL,"0.00","2026-03-06 18:01:51.870917+00"
"118021",8558,"2026-03-06 14:39:05.173+00","40.34823330","71.77050500",NULL,"15.19",NULL,NULL,NULL,NULL,False,NULL,NULL,"57.84","2026-03-06 18:01:51.870915+00"
"118018",8558,"2026-03-06 14:39:01.17+00","40.34771500","71.77044670",NULL,"15.05",NULL,NULL,NULL,NULL,False,NULL,NULL,"44.40","2026-03-06 18:01:51.870914+00"
"118019",8558,"2026-03-06 14:39:01.17+00","40.34771500","71.77044670",NULL,"15.05",NULL,NULL,NULL,NULL,False,NULL,NULL,"0.00","2026-03-06 18:01:51.870914+00"
"118020",8558,"2026-03-06 14:39:01.17+00","40.34771500","71.77044670",NULL,"15.05",NULL,NULL,NULL,NULL,False,NULL,NULL,"0.00","2026-03-06 18:01:51.870915+00"
"118017",8558,"2026-03-06 14:38:58.171+00","40.34731830","71.77038670",NULL,"15.20",NULL,NULL,NULL,NULL,False,NULL,NULL,"61.56","2026-03-06 18:01:51.870913+00"
"118014",8558,"2026-03-06 14:38:54.169+00","40.34676670","71.77032500",NULL,"15.19",NULL,NULL,NULL,NULL,False,NULL,NULL,"45.41","2026-03-06 18:01:51.870911+00"
"118015",8558,"2026-03-06 14:38:54.169+00","40.34676670","71.77032500",NULL,"15.19",NULL,NULL,NULL,NULL,False,NULL,NULL,"0.00","2026-03-06 18:01:51.870911+00"
"118016",8558,"2026-03-06 14:38:54.169+00","40.34676670","71.77032500",NULL,"15.19",NULL,NULL,NULL,NULL,False,NULL,NULL,"0.00","2026-03-06 18:01:51.870912+00"
"118013",8558,"2026-03-06 14:38:51.171+00","40.34636330","71.77024170",NULL,"15.25",NULL,NULL,NULL,NULL,False,NULL,NULL,"49.49","2026-03-06 18:01:51.87091+00"
"118010",8558,"2026-03-06 14:38:48.173+00","40.34591830","71.77023000",NULL,"14.96",NULL,NULL,NULL,NULL,False,NULL,NULL,"45.72","2026-03-06 18:01:51.870906+00"
"118011",8558,"2026-03-06 14:38:48.173+00","40.34591830","71.77023000",NULL,"14.96",NULL,NULL,NULL,NULL,False,NULL,NULL,"0.00","2026-03-06 18:01:51.870907+00"
"118012",8558,"2026-03-06 14:38:48.173+00","40.34591830","71.77023000",NULL,"14.96",NULL,NULL,NULL,NULL,False,NULL,NULL,"0.00","2026-03-06 18:01:51.870907+00"
"118009",8558,"2026-03-06 14:38:45.171+00","40.34550830","71.77019000",NULL,"15.08",NULL,NULL,NULL,NULL,False,NULL,NULL,"44.08","2026-03-06 18:01:51.870905+00"
"118006",8558,"2026-03-06 14:38:42.169+00","40.34511330","71.77014670",NULL,"15.25",NULL,NULL,NULL,NULL,False,NULL,NULL,"45.89","2026-03-06 18:01:51.870903+00"
"118007",8558,"2026-03-06 14:38:42.169+00","40.34511330","71.77014670",NULL,"15.25",NULL,NULL,NULL,NULL,False,NULL,NULL,"0.00","2026-03-06 18:01:51.870904+00"
"118008",8558,"2026-03-06 14:38:42.169+00","40.34511330","71.77014670",NULL,"15.25",NULL,NULL,NULL,NULL,False,NULL,NULL,"0.00","2026-03-06 18:01:51.870904+00"
"118005",8558,"2026-03-06 14:38:39.171+00","40.34470170","71.77010670",NULL,"15.38",NULL,NULL,NULL,NULL,False,NULL,NULL,"45.68","2026-03-06 18:01:51.870902+00"
"118002",8558,"2026-03-06 14:38:36.169+00","40.34429330","71.77004830",NULL,"15.43",NULL,NULL,NULL,NULL,False,NULL,NULL,"45.40","2026-03-06 18:01:51.870899+00"
"118003",8558,"2026-03-06 14:38:36.169+00","40.34429330","71.77004830",NULL,"15.43",NULL,NULL,NULL,NULL,False,NULL,NULL,"0.00","2026-03-06 18:01:51.8709+00"
"118004",8558,"2026-03-06 14:38:36.169+00","40.34429330","71.77004830",NULL,"15.43",NULL,NULL,NULL,NULL,False,NULL,NULL,"0.00","2026-03-06 18:01:51.870901+00"
"118001",8558,"2026-03-06 14:38:33.171+00","40.34388670","71.77000000",NULL,"15.09",NULL,NULL,NULL,NULL,False,NULL,NULL,"43.02","2026-03-06 18:01:51.870898+00"
"117998",8558,"2026-03-06 14:38:30.169+00","40.34350000","71.77001500",NULL,"15.16",NULL,NULL,NULL,NULL,False,NULL,NULL,"44.88","2026-03-06 18:01:51.533024+00"
"117999",8558,"2026-03-06 14:38:30.169+00","40.34350000","71.77001500",NULL,"15.16",NULL,NULL,NULL,NULL,False,NULL,NULL,"0.00","2026-03-06 18:01:51.533024+00"
"118000",8558,"2026-03-06 14:38:30.169+00","40.34350000","71.77001500",NULL,"15.16",NULL,NULL,NULL,NULL,False,NULL,NULL,"0.00","2026-03-06 18:01:51.533025+00"
"117997",8558,"2026-03-06 14:38:27.171+00","40.34309670","71.76999330",NULL,"15.13",NULL,NULL,NULL,NULL,False,NULL,NULL,"51.93","2026-03-06 18:01:51.533023+00"
"117994",8558,"2026-03-06 14:38:24.17+00","40.34264170","71.76985500",NULL,"15.14",NULL,NULL,NULL,NULL,False,NULL,NULL,"45.51","2026-03-06 18:01:51.533015+00"
"117995",8558,"2026-03-06 14:38:24.17+00","40.34264170","71.76985500",NULL,"15.14",NULL,NULL,NULL,NULL,False,NULL,NULL,"0.00","2026-03-06 18:01:51.533021+00"
"117996",8558,"2026-03-06 14:38:24.17+00","40.34264170","71.76985500",NULL,"15.14",NULL,NULL,NULL,NULL,False,NULL,NULL,"0.00","2026-03-06 18:01:51.533022+00"
"117993",8558,"2026-03-06 14:38:21.172+00","40.34223330","71.76982000",NULL,"15.09",NULL,NULL,NULL,NULL,False,NULL,NULL,"44.99","2026-03-06 18:01:51.533014+00"
"117990",8558,"2026-03-06 14:38:18.169+00","40.34183000","71.76977670",NULL,"15.26",NULL,NULL,NULL,NULL,False,NULL,NULL,"45.36","2026-03-06 18:01:51.533005+00"
"117991",8558,"2026-03-06 14:38:18.169+00","40.34183000","71.76977670",NULL,"15.26",NULL,NULL,NULL,NULL,False,NULL,NULL,"0.00","2026-03-06 18:01:51.533012+00"
"117992",8558,"2026-03-06 14:38:18.169+00","40.34183000","71.76977670",NULL,"15.26",NULL,NULL,NULL,NULL,False,NULL,NULL,"0.00","2026-03-06 18:01:51.533012+00"
"117989",8558,"2026-03-06 14:38:15.17+00","40.34142330","71.76973500",NULL,"15.34",NULL,NULL,NULL,NULL,False,NULL,NULL,"48.07","2026-03-06 18:01:51.533004+00"
"117986",8558,"2026-03-06 14:38:12.169+00","40.34099330","71.76967670",NULL,"15.56",NULL,NULL,NULL,NULL,False,NULL,NULL,"47.66","2026-03-06 18:01:51.533002+00"
"117987",8558,"2026-03-06 14:38:12.169+00","40.34099330","71.76967670",NULL,"15.56",NULL,NULL,NULL,NULL,False,NULL,NULL,"0.00","2026-03-06 18:01:51.533003+00"
"117988",8558,"2026-03-06 14:38:12.169+00","40.34099330","71.76967670",NULL,"15.56",NULL,NULL,NULL,NULL,False,NULL,NULL,"0.00","2026-03-06 18:01:51.533003+00"
"117985",8558,"2026-03-06 14:38:09.171+00","40.34056670","71.76962170",NULL,"15.76",NULL,NULL,NULL,NULL,False,NULL,NULL,"44.82","2026-03-06 18:01:51.533002+00"
"117982",8558,"2026-03-06 14:38:06.169+00","40.34016500","71.76957830",NULL,"15.45",NULL,NULL,NULL,NULL,False,NULL,NULL,"46.41","2026-03-06 18:01:51.532999+00"
"117983",8558,"2026-03-06 14:38:06.169+00","40.34016500","71.76957830",NULL,"15.45",NULL,NULL,NULL,NULL,False,NULL,NULL,"0.00","2026-03-06 18:01:51.533+00"
"117984",8558,"2026-03-06 14:38:06.169+00","40.34016500","71.76957830",NULL,"15.45",NULL,NULL,NULL,NULL,False,NULL,NULL,"0.00","2026-03-06 18:01:51.533001+00"
"117981",8558,"2026-03-06 14:38:03.172+00","40.33974830","71.76954670",NULL,"15.26",NULL,NULL,NULL,NULL,False,NULL,NULL,"45.63","2026-03-06 18:01:51.532998+00"
"117978",8558,"2026-03-06 14:38:00.173+00","40.33933830","71.76952500",NULL,"15.45",NULL,NULL,NULL,NULL,False,NULL,NULL,"46.70","2026-03-06 18:01:51.532997+00"
"117979",8558,"2026-03-06 14:38:00.173+00","40.33933830","71.76952500",NULL,"15.45",NULL,NULL,NULL,NULL,False,NULL,NULL,"0.00","2026-03-06 18:01:51.532997+00"
"117980",8558,"2026-03-06 14:38:00.173+00","40.33933830","71.76952500",NULL,"15.45",NULL,NULL,NULL,NULL,False,NULL,NULL,"0.00","2026-03-06 18:01:51.532998+00"
"117977",8558,"2026-03-06 14:37:57.17+00","40.33891830","71.76952170",NULL,"15.45",NULL,NULL,NULL,NULL,False,NULL,NULL,"46.19","2026-03-06 18:01:51.532996+00"
"117974",8558,"2026-03-06 14:37:54.171+00","40.33850330","71.76954670",NULL,"15.34",NULL,NULL,NULL,NULL,False,NULL,NULL,"49.75","2026-03-06 18:01:51.532992+00"
"117975",8558,"2026-03-06 14:37:54.171+00","40.33850330","71.76954670",NULL,"15.34",NULL,NULL,NULL,NULL,False,NULL,NULL,"0.00","2026-03-06 18:01:51.532994+00"
"117976",8558,"2026-03-06 14:37:54.171+00","40.33850330","71.76954670",NULL,"15.34",NULL,NULL,NULL,NULL,False,NULL,NULL,"0.00","2026-03-06 18:01:51.532995+00"
"117973",8558,"2026-03-06 14:37:51.169+00","40.33805670","71.76958170",NULL,"15.71",NULL,NULL,NULL,NULL,False,NULL,NULL,"44.87","2026-03-06 18:01:51.532991+00"
"117970",8558,"2026-03-06 14:37:48.168+00","40.33765330","71.76959330",NULL,"15.94",NULL,NULL,NULL,NULL,False,NULL,NULL,"49.02","2026-03-06 18:01:51.53299+00"
"117971",8558,"2026-03-06 14:37:48.168+00","40.33765330","71.76959330",NULL,"15.94",NULL,NULL,NULL,NULL,False,NULL,NULL,"0.00","2026-03-06 18:01:51.53299+00"
"117972",8558,"2026-03-06 14:37:48.168+00","40.33765330","71.76959330",NULL,"15.94",NULL,NULL,NULL,NULL,False,NULL,NULL,"0.00","2026-03-06 18:01:51.532991+00"
"117969",8558,"2026-03-06 14:37:45.169+00","40.33721330","71.76963000",NULL,"15.84",NULL,NULL,NULL,NULL,False,NULL,NULL,"49.96","2026-03-06 18:01:51.532989+00"
"117966",8558,"2026-03-06 14:37:42.17+00","40.33676500","71.76967000",NULL,"16.12",NULL,NULL,NULL,NULL,False,NULL,NULL,"51.09","2026-03-06 18:01:51.532986+00"
"117967",8558,"2026-03-06 14:37:42.17+00","40.33676500","71.76967000",NULL,"16.12",NULL,NULL,NULL,NULL,False,NULL,NULL,"0.00","2026-03-06 18:01:51.532987+00"
"117968",8558,"2026-03-06 14:37:42.17+00","40.33676500","71.76967000",NULL,"16.12",NULL,NULL,NULL,NULL,False,NULL,NULL,"0.00","2026-03-06 18:01:51.532988+00"
"117965",8558,"2026-03-06 14:37:39.168+00","40.33630670","71.76971330",NULL,"16.35",NULL,NULL,NULL,NULL,False,NULL,NULL,"49.86","2026-03-06 18:01:51.532985+00"
"117962",8558,"2026-03-06 14:37:36.169+00","40.33585830","71.76970830",NULL,"16.17",NULL,NULL,NULL,NULL,False,NULL,NULL,"57.68","2026-03-06 18:01:51.532983+00"
"117963",8558,"2026-03-06 14:37:36.169+00","40.33585830","71.76970830",NULL,"16.17",NULL,NULL,NULL,NULL,False,NULL,NULL,"0.00","2026-03-06 18:01:51.532984+00"
"117964",8558,"2026-03-06 14:37:36.169+00","40.33585830","71.76970830",NULL,"16.17",NULL,NULL,NULL,NULL,False,NULL,NULL,"0.00","2026-03-06 18:01:51.532985+00"
"117961",8558,"2026-03-06 14:37:34.167+00","40.33534170","71.76977000",NULL,"16.50",NULL,NULL,NULL,NULL,False,NULL,NULL,"51.71","2026-03-06 18:01:51.532983+00"
"117957",8558,"2026-03-06 14:37:29.171+00","40.33487830","71.76982170",NULL,"17.42",NULL,NULL,NULL,NULL,False,NULL,NULL,"53.65","2026-03-06 18:01:51.532961+00"
"117958",8558,"2026-03-06 14:37:29.171+00","40.33487830","71.76982170",NULL,"17.42",NULL,NULL,NULL,NULL,False,NULL,NULL,"0.00","2026-03-06 18:01:51.53298+00"
"117959",8558,"2026-03-06 14:37:29.171+00","40.33487830","71.76982170",NULL,"17.42",NULL,NULL,NULL,NULL,False,NULL,NULL,"0.00","2026-03-06 18:01:51.53298+00"
"117960",8558,"2026-03-06 14:37:29.171+00","40.33487830","71.76982170",NULL,"17.42",NULL,NULL,NULL,NULL,False,NULL,NULL,"0.00","2026-03-06 18:01:51.532981+00"
"117956",8558,"2026-03-06 14:37:26.171+00","40.33439670","71.76986000",NULL,"17.70",NULL,NULL,NULL,NULL,False,NULL,NULL,"55.60","2026-03-06 18:01:51.53296+00"
"117953",8558,"2026-03-06 14:37:23.168+00","40.33389670","71.76985330",NULL,"18.17",NULL,NULL,NULL,NULL,False,NULL,NULL,"55.51","2026-03-06 18:01:51.532957+00"
"117954",8558,"2026-03-06 14:37:23.168+00","40.33389670","71.76985330",NULL,"18.17",NULL,NULL,NULL,NULL,False,NULL,NULL,"0.00","2026-03-06 18:01:51.532958+00"
"117955",8558,"2026-03-06 14:37:23.168+00","40.33389670","71.76985330",NULL,"18.17",NULL,NULL,NULL,NULL,False,NULL,NULL,"0.00","2026-03-06 18:01:51.532959+00"
"117952",8558,"2026-03-06 14:37:20.168+00","40.33339830","71.76989000",NULL,"18.37",NULL,NULL,NULL,NULL,False,NULL,NULL,"54.67","2026-03-06 18:01:51.532956+00"
"117949",8558,"2026-03-06 14:37:17.168+00","40.33291500","71.77000830",NULL,"18.74",NULL,NULL,NULL,NULL,False,NULL,NULL,"57.67","2026-03-06 18:01:51.245726+00"
"117950",8558,"2026-03-06 14:37:17.168+00","40.33291500","71.77000830",NULL,"18.74",NULL,NULL,NULL,NULL,False,NULL,NULL,"0.00","2026-03-06 18:01:51.245726+00"
"117951",8558,"2026-03-06 14:37:17.168+00","40.33291500","71.77000830",NULL,"18.74",NULL,NULL,NULL,NULL,False,NULL,NULL,"0.00","2026-03-06 18:01:51.532954+00"
"117948",8558,"2026-03-06 14:37:14.169+00","40.33239830","71.77006670",NULL,"18.84",NULL,NULL,NULL,NULL,False,NULL,NULL,"68.86","2026-03-06 18:01:51.245726+00"
"117944",8558,"2026-03-06 14:37:10.166+00","40.33178000","71.77011170",NULL,"18.12",NULL,NULL,NULL,NULL,False,NULL,NULL,"54.40","2026-03-06 18:01:51.245725+00"
"117945",8558,"2026-03-06 14:37:10.166+00","40.33178000","71.77011170",NULL,"18.12",NULL,NULL,NULL,NULL,False,NULL,NULL,"0.00","2026-03-06 18:01:51.245725+00"
"117946",8558,"2026-03-06 14:37:10.166+00","40.33178000","71.77011170",NULL,"18.12",NULL,NULL,NULL,NULL,False,NULL,NULL,"0.00","2026-03-06 18:01:51.245725+00"
"117947",8558,"2026-03-06 14:37:10.166+00","40.33178000","71.77011170",NULL,"18.12",NULL,NULL,NULL,NULL,False,NULL,NULL,"0.00","2026-03-06 18:01:51.245725+00"
"117941",8558,"2026-03-06 14:37:07.168+00","40.33129170","71.77015170",NULL,"17.20",NULL,NULL,NULL,NULL,False,NULL,NULL,"50.38","2026-03-06 18:01:51.245723+00"
"117942",8558,"2026-03-06 14:37:07.168+00","40.33129170","71.77015170",NULL,"17.20",NULL,NULL,NULL,NULL,False,NULL,NULL,"0.00","2026-03-06 18:01:51.245723+00"
"117943",8558,"2026-03-06 14:37:07.168+00","40.33129170","71.77015170",NULL,"17.20",NULL,NULL,NULL,NULL,False,NULL,NULL,"0.00","2026-03-06 18:01:51.245723+00"
"117940",8558,"2026-03-06 14:37:04.171+00","40.33084000","71.77019830",NULL,"16.37",NULL,NULL,NULL,NULL,False,NULL,NULL,"63.45","2026-03-06 18:01:51.245723+00"
"117937",8558,"2026-03-06 14:37:00.171+00","40.33027500","71.77030330",NULL,"15.64",NULL,NULL,NULL,NULL,False,NULL,NULL,"47.73","2026-03-06 18:01:51.245722+00"
"117938",8558,"2026-03-06 14:37:00.171+00","40.33027500","71.77030330",NULL,"15.64",NULL,NULL,NULL,NULL,False,NULL,NULL,"0.00","2026-03-06 18:01:51.245722+00"
"117939",8558,"2026-03-06 14:37:00.171+00","40.33027500","71.77030330",NULL,"15.64",NULL,NULL,NULL,NULL,False,NULL,NULL,"0.00","2026-03-06 18:01:51.245723+00"
"117936",8558,"2026-03-06 14:36:57.168+00","40.32984830","71.77036500",NULL,"15.48",NULL,NULL,NULL,NULL,False,NULL,NULL,"51.53","2026-03-06 18:01:51.245722+00"
"117933",8558,"2026-03-06 14:36:54.168+00","40.32938500","71.77037830",NULL,"15.14",NULL,NULL,NULL,NULL,False,NULL,NULL,"46.53","2026-03-06 18:01:51.245721+00"
"117934",8558,"2026-03-06 14:36:54.168+00","40.32938500","71.77037830",NULL,"15.14",NULL,NULL,NULL,NULL,False,NULL,NULL,"0.00","2026-03-06 18:01:51.245721+00"
"117935",8558,"2026-03-06 14:36:54.168+00","40.32938500","71.77037830",NULL,"15.14",NULL,NULL,NULL,NULL,False,NULL,NULL,"0.00","2026-03-06 18:01:51.245722+00"
"117932",8558,"2026-03-06 14:36:51.169+00","40.32896830","71.77042830",NULL,"14.11",NULL,NULL,NULL,NULL,False,NULL,NULL,"41.45","2026-03-06 18:01:51.245721+00"
"117929",8558,"2026-03-06 14:36:48.171+00","40.32859670","71.77046670",NULL,"15.61",NULL,NULL,NULL,NULL,False,NULL,NULL,"48.24","2026-03-06 18:01:51.24572+00"
"117930",8558,"2026-03-06 14:36:48.171+00","40.32859670","71.77046670",NULL,"15.61",NULL,NULL,NULL,NULL,False,NULL,NULL,"0.00","2026-03-06 18:01:51.24572+00"
"117931",8558,"2026-03-06 14:36:48.171+00","40.32859670","71.77046670",NULL,"15.61",NULL,NULL,NULL,NULL,False,NULL,NULL,"0.00","2026-03-06 18:01:51.245721+00"
"117928",8558,"2026-03-06 14:36:45.169+00","40.32816500","71.77052330",NULL,"16.04",NULL,NULL,NULL,NULL,False,NULL,NULL,"44.95","2026-03-06 18:01:51.24572+00"
"117925",8558,"2026-03-06 14:36:42.169+00","40.32776170","71.77056000",NULL,"16.54",NULL,NULL,NULL,NULL,False,NULL,NULL,"49.24","2026-03-06 18:01:51.245718+00"
"117926",8558,"2026-03-06 14:36:42.169+00","40.32776170","71.77056000",NULL,"16.54",NULL,NULL,NULL,NULL,False,NULL,NULL,"0.00","2026-03-06 18:01:51.245719+00"
"117927",8558,"2026-03-06 14:36:42.169+00","40.32776170","71.77056000",NULL,"16.54",NULL,NULL,NULL,NULL,False,NULL,NULL,"0.00","2026-03-06 18:01:51.24572+00"
"117924",8558,"2026-03-06 14:36:39.17+00","40.32732000","71.77060170",NULL,"16.69",NULL,NULL,NULL,NULL,False,NULL,NULL,"52.10","2026-03-06 18:01:51.245718+00"
"117921",8558,"2026-03-06 14:36:36.17+00","40.32685330","71.77065670",NULL,"16.39",NULL,NULL,NULL,NULL,False,NULL,NULL,"53.90","2026-03-06 18:01:51.245717+00"
"117922",8558,"2026-03-06 14:36:36.17+00","40.32685330","71.77065670",NULL,"16.39",NULL,NULL,NULL,NULL,False,NULL,NULL,"0.00","2026-03-06 18:01:51.245717+00"
"117923",8558,"2026-03-06 14:36:36.17+00","40.32685330","71.77065670",NULL,"16.39",NULL,NULL,NULL,NULL,False,NULL,NULL,"0.00","2026-03-06 18:01:51.245718+00"
"117920",8558,"2026-03-06 14:36:33.171+00","40.32637000","71.77070500",NULL,"16.13",NULL,NULL,NULL,NULL,False,NULL,NULL,"56.10","2026-03-06 18:01:51.245717+00"
"117917",8558,"2026-03-06 14:36:29.166+00","40.32586830","71.77077500",NULL,"16.10",NULL,NULL,NULL,NULL,False,NULL,NULL,"45.65","2026-03-06 18:01:51.245716+00"
"117918",8558,"2026-03-06 14:36:29.166+00","40.32586830","71.77077500",NULL,"16.10",NULL,NULL,NULL,NULL,False,NULL,NULL,"0.00","2026-03-06 18:01:51.245717+00"
"117919",8558,"2026-03-06 14:36:29.166+00","40.32586830","71.77077500",NULL,"16.10",NULL,NULL,NULL,NULL,False,NULL,NULL,"0.00","2026-03-06 18:01:51.245717+00"
"117916",8558,"2026-03-06 14:36:26.171+00","40.32546000","71.77083170",NULL,"15.78",NULL,NULL,NULL,NULL,False,NULL,NULL,"55.24","2026-03-06 18:01:51.245716+00"
"117913",8558,"2026-03-06 14:36:23.172+00","40.32496330","71.77084170",NULL,"15.86",NULL,NULL,NULL,NULL,False,NULL,NULL,"46.69","2026-03-06 18:01:51.245715+00"
"117914",8558,"2026-03-06 14:36:23.172+00","40.32496330","71.77084170",NULL,"15.86",NULL,NULL,NULL,NULL,False,NULL,NULL,"0.00","2026-03-06 18:01:51.245715+00"
"117915",8558,"2026-03-06 14:36:23.172+00","40.32496330","71.77084170",NULL,"15.86",NULL,NULL,NULL,NULL,False,NULL,NULL,"0.00","2026-03-06 18:01:51.245716+00"
"117912",8558,"2026-03-06 14:36:20.171+00","40.32454500","71.77089000",NULL,"15.78",NULL,NULL,NULL,NULL,False,NULL,NULL,"63.48","2026-03-06 18:01:51.245715+00"
"117909",8558,"2026-03-06 14:36:16.168+00","40.32397670","71.77096170",NULL,"16.05",NULL,NULL,NULL,NULL,False,NULL,NULL,"50.28","2026-03-06 18:01:51.245714+00"
"117910",8558,"2026-03-06 14:36:16.168+00","40.32397670","71.77096170",NULL,"16.05",NULL,NULL,NULL,NULL,False,NULL,NULL,"0.00","2026-03-06 18:01:51.245714+00"
"117911",8558,"2026-03-06 14:36:16.168+00","40.32397670","71.77096170",NULL,"16.05",NULL,NULL,NULL,NULL,False,NULL,NULL,"0.00","2026-03-06 18:01:51.245714+00"
"117908",8558,"2026-03-06 14:36:13.17+00","40.32352830","71.77103830",NULL,"16.08",NULL,NULL,NULL,NULL,False,NULL,NULL,"48.89","2026-03-06 18:01:51.245713+00"
"117905",8558,"2026-03-06 14:36:10.17+00","40.32309000","71.77099330",NULL,"16.52",NULL,NULL,NULL,NULL,False,NULL,NULL,"49.37","2026-03-06 18:01:51.245711+00"
"117906",8558,"2026-03-06 14:36:10.17+00","40.32309000","71.77099330",NULL,"16.52",NULL,NULL,NULL,NULL,False,NULL,NULL,"0.00","2026-03-06 18:01:51.245711+00"
"117907",8558,"2026-03-06 14:36:10.17+00","40.32309000","71.77099330",NULL,"16.52",NULL,NULL,NULL,NULL,False,NULL,NULL,"0.00","2026-03-06 18:01:51.245711+00"
"117904",8558,"2026-03-06 14:36:07.169+00","40.32264670","71.77102670",NULL,"15.97",NULL,NULL,NULL,NULL,False,NULL,NULL,"47.29","2026-03-06 18:01:51.24571+00"
"117901",8558,"2026-03-06 14:36:04.171+00","40.32223000","71.77113830",NULL,"16.17",NULL,NULL,NULL,NULL,False,NULL,NULL,"48.22","2026-03-06 18:01:51.245709+00"
"117902",8558,"2026-03-06 14:36:04.171+00","40.32223000","71.77113830",NULL,"16.17",NULL,NULL,NULL,NULL,False,NULL,NULL,"0.00","2026-03-06 18:01:51.24571+00"
"117903",8558,"2026-03-06 14:36:04.171+00","40.32223000","71.77113830",NULL,"16.17",NULL,NULL,NULL,NULL,False,NULL,NULL,"0.00","2026-03-06 18:01:51.24571+00"
"117900",8558,"2026-03-06 14:36:01.165+00","40.32179830","71.77119170",NULL,"16.30",NULL,NULL,NULL,NULL,False,NULL,NULL,"52.45","2026-03-06 18:01:50.942356+00"
"117897",8558,"2026-03-06 14:35:58.172+00","40.32132670","71.77120500",NULL,"16.64",NULL,NULL,NULL,NULL,False,NULL,NULL,"51.15","2026-03-06 18:01:50.942354+00"
"117898",8558,"2026-03-06 14:35:58.172+00","40.32132670","71.77120500",NULL,"16.64",NULL,NULL,NULL,NULL,False,NULL,NULL,"0.00","2026-03-06 18:01:50.942354+00"
"117899",8558,"2026-03-06 14:35:58.172+00","40.32132670","71.77120500",NULL,"16.64",NULL,NULL,NULL,NULL,False,NULL,NULL,"0.00","2026-03-06 18:01:50.942354+00"
"117896",8558,"2026-03-06 14:35:55.168+00","40.32086670","71.77121000",NULL,"16.87",NULL,NULL,NULL,NULL,False,NULL,NULL,"51.74","2026-03-06 18:01:50.942354+00"
"117893",8558,"2026-03-06 14:35:52.169+00","40.32040830","71.77131500",NULL,"17.11",NULL,NULL,NULL,NULL,False,NULL,NULL,"54.59","2026-03-06 18:01:50.942353+00"
"117894",8558,"2026-03-06 14:35:52.169+00","40.32040830","71.77131500",NULL,"17.11",NULL,NULL,NULL,NULL,False,NULL,NULL,"0.00","2026-03-06 18:01:50.942353+00"
"117895",8558,"2026-03-06 14:35:52.169+00","40.32040830","71.77131500",NULL,"17.11",NULL,NULL,NULL,NULL,False,NULL,NULL,"0.00","2026-03-06 18:01:50.942354+00"
"117892",8558,"2026-03-06 14:35:49.171+00","40.31992000","71.77138170",NULL,"16.94",NULL,NULL,NULL,NULL,False,NULL,NULL,"42.32","2026-03-06 18:01:50.942353+00"
"117889",8558,"2026-03-06 14:35:46.169+00","40.31954000","71.77141000",NULL,"16.59",NULL,NULL,NULL,NULL,False,NULL,NULL,"53.05","2026-03-06 18:01:50.942352+00"
"117890",8558,"2026-03-06 14:35:46.169+00","40.31954000","71.77141000",NULL,"16.59",NULL,NULL,NULL,NULL,False,NULL,NULL,"0.00","2026-03-06 18:01:50.942352+00"
"117891",8558,"2026-03-06 14:35:46.169+00","40.31954000","71.77141000",NULL,"16.59",NULL,NULL,NULL,NULL,False,NULL,NULL,"0.00","2026-03-06 18:01:50.942353+00"
"117888",8558,"2026-03-06 14:35:43.157+00","40.31906330","71.77143500",NULL,"15.69",NULL,NULL,NULL,NULL,False,NULL,NULL,"50.77","2026-03-06 18:01:50.942352+00"
"117885",8558,"2026-03-06 14:35:40.158+00","40.31860830","71.77148500",NULL,"15.25",NULL,NULL,NULL,NULL,False,NULL,NULL,"47.22","2026-03-06 18:01:50.942351+00"
"117886",8558,"2026-03-06 14:35:40.158+00","40.31860830","71.77148500",NULL,"15.25",NULL,NULL,NULL,NULL,False,NULL,NULL,"0.00","2026-03-06 18:01:50.942352+00"
"117887",8558,"2026-03-06 14:35:40.158+00","40.31860830","71.77148500",NULL,"15.25",NULL,NULL,NULL,NULL,False,NULL,NULL,"0.00","2026-03-06 18:01:50.942352+00"
"117884",8558,"2026-03-06 14:35:37.157+00","40.31818500","71.77153000",NULL,"14.44",NULL,NULL,NULL,NULL,False,NULL,NULL,"57.65","2026-03-06 18:01:50.942351+00"
"117880",8558,"2026-03-06 14:35:32.158+00","40.31767000","71.77160830",NULL,"13.29",NULL,NULL,NULL,NULL,False,NULL,NULL,"36.15","2026-03-06 18:01:50.942349+00"
"117881",8558,"2026-03-06 14:35:32.158+00","40.31767000","71.77160830",NULL,"13.29",NULL,NULL,NULL,NULL,False,NULL,NULL,"0.00","2026-03-06 18:01:50.942349+00"
"117882",8558,"2026-03-06 14:35:32.158+00","40.31767000","71.77160830",NULL,"13.29",NULL,NULL,NULL,NULL,False,NULL,NULL,"0.00","2026-03-06 18:01:50.94235+00"
"117883",8558,"2026-03-06 14:35:32.158+00","40.31767000","71.77160830",NULL,"13.29",NULL,NULL,NULL,NULL,False,NULL,NULL,"0.00","2026-03-06 18:01:50.942351+00"
"117877",8558,"2026-03-06 14:35:30.156+00","40.31734500","71.77162000",NULL,"12.03",NULL,NULL,NULL,NULL,False,NULL,NULL,"35.89","2026-03-06 18:01:50.942348+00"
"117878",8558,"2026-03-06 14:35:30.156+00","40.31734500","71.77162000",NULL,"12.03",NULL,NULL,NULL,NULL,False,NULL,NULL,"0.00","2026-03-06 18:01:50.942349+00"
"117879",8558,"2026-03-06 14:35:30.156+00","40.31734500","71.77162000",NULL,"12.03",NULL,NULL,NULL,NULL,False,NULL,NULL,"0.00","2026-03-06 18:01:50.942349+00"
"117876",8558,"2026-03-06 14:35:27.157+00","40.31702330","71.77165500",NULL,"9.55",NULL,NULL,NULL,NULL,False,NULL,NULL,"34.29","2026-03-06 18:01:50.942348+00"
"117872",8558,"2026-03-06 14:35:24.158+00","40.31671500","71.77164830",NULL,"7.84",NULL,NULL,NULL,NULL,False,NULL,NULL,"31.77","2026-03-06 18:01:50.942347+00"
"117873",8558,"2026-03-06 14:35:24.158+00","40.31671500","71.77164830",NULL,"7.84",NULL,NULL,NULL,NULL,False,NULL,NULL,"0.00","2026-03-06 18:01:50.942347+00"
"117874",8558,"2026-03-06 14:35:24.158+00","40.31671500","71.77164830",NULL,"7.84",NULL,NULL,NULL,NULL,False,NULL,NULL,"0.00","2026-03-06 18:01:50.942348+00"
"117875",8558,"2026-03-06 14:35:24.158+00","40.31671500","71.77164830",NULL,"7.84",NULL,NULL,NULL,NULL,False,NULL,NULL,"0.00","2026-03-06 18:01:50.942348+00"
"117869",8558,"2026-03-06 14:35:20.159+00","40.31644000","71.77175000",NULL,"4.70",NULL,NULL,NULL,NULL,False,NULL,NULL,"31.42","2026-03-06 18:01:50.942346+00"
"117870",8558,"2026-03-06 14:35:20.159+00","40.31644000","71.77175000",NULL,"4.70",NULL,NULL,NULL,NULL,False,NULL,NULL,"0.00","2026-03-06 18:01:50.942347+00"
"117871",8558,"2026-03-06 14:35:20.159+00","40.31644000","71.77175000",NULL,"4.70",NULL,NULL,NULL,NULL,False,NULL,NULL,"0.00","2026-03-06 18:01:50.942347+00"
"117868",8558,"2026-03-06 14:35:07.158+00","40.31616000","71.77180000",NULL,"7.59",NULL,NULL,NULL,NULL,False,NULL,NULL,"33.59","2026-03-06 18:01:50.942346+00"
"117864",8558,"2026-03-06 14:35:03.157+00","40.31585830","71.77182000",NULL,"11.52",NULL,NULL,NULL,NULL,False,NULL,NULL,"49.25","2026-03-06 18:01:50.942345+00"
"117865",8558,"2026-03-06 14:35:03.157+00","40.31585830","71.77182000",NULL,"11.52",NULL,NULL,NULL,NULL,False,NULL,NULL,"0.00","2026-03-06 18:01:50.942345+00"
"117866",8558,"2026-03-06 14:35:03.157+00","40.31585830","71.77182000",NULL,"11.52",NULL,NULL,NULL,NULL,False,NULL,NULL,"0.00","2026-03-06 18:01:50.942345+00"
"117867",8558,"2026-03-06 14:35:03.157+00","40.31585830","71.77182000",NULL,"11.52",NULL,NULL,NULL,NULL,False,NULL,NULL,"0.00","2026-03-06 18:01:50.942346+00"
"117863",8558,"2026-03-06 14:34:59.658+00","40.31541670","71.77186500",NULL,"16.22",NULL,NULL,NULL,NULL,False,NULL,NULL,"43.85","2026-03-06 18:01:50.942344+00"
"117859",8558,"2026-03-06 14:34:57.157+00","40.31502500","71.77180500",NULL,"16.96",NULL,NULL,NULL,NULL,False,NULL,NULL,"71.07","2026-03-06 18:01:50.942343+00"
"117860",8558,"2026-03-06 14:34:57.157+00","40.31502500","71.77180500",NULL,"16.96",NULL,NULL,NULL,NULL,False,NULL,NULL,"0.00","2026-03-06 18:01:50.942343+00"
"117861",8558,"2026-03-06 14:34:57.157+00","40.31502500","71.77180500",NULL,"16.96",NULL,NULL,NULL,NULL,False,NULL,NULL,"0.00","2026-03-06 18:01:50.942343+00"
"117862",8558,"2026-03-06 14:34:57.157+00","40.31502500","71.77180500",NULL,"16.96",NULL,NULL,NULL,NULL,False,NULL,NULL,"0.00","2026-03-06 18:01:50.942343+00"
"117855",8558,"2026-03-06 14:34:53.157+00","40.31439170","71.77191830",NULL,"17.63",NULL,NULL,NULL,NULL,False,NULL,NULL,"50.94","2026-03-06 18:01:50.942341+00"
"117856",8558,"2026-03-06 14:34:53.157+00","40.31439170","71.77191830",NULL,"17.63",NULL,NULL,NULL,NULL,False,NULL,NULL,"0.00","2026-03-06 18:01:50.942342+00"
"117857",8558,"2026-03-06 14:34:53.157+00","40.31439170","71.77191830",NULL,"17.63",NULL,NULL,NULL,NULL,False,NULL,NULL,"0.00","2026-03-06 18:01:50.942342+00"
"117858",8558,"2026-03-06 14:34:53.157+00","40.31439170","71.77191830",NULL,"17.63",NULL,NULL,NULL,NULL,False,NULL,NULL,"0.00","2026-03-06 18:01:50.942342+00"
"117852",8558,"2026-03-06 14:34:50.157+00","40.31393500","71.77196500",NULL,"17.38",NULL,NULL,NULL,NULL,False,NULL,NULL,"47.20","2026-03-06 18:01:50.94234+00"
"117853",8558,"2026-03-06 14:34:50.157+00","40.31393500","71.77196500",NULL,"17.38",NULL,NULL,NULL,NULL,False,NULL,NULL,"0.00","2026-03-06 18:01:50.942341+00"
"117854",8558,"2026-03-06 14:34:50.157+00","40.31393500","71.77196500",NULL,"17.38",NULL,NULL,NULL,NULL,False,NULL,NULL,"0.00","2026-03-06 18:01:50.942341+00"
"117851",8558,"2026-03-06 14:34:47.386+00","40.31351170","71.77200670",NULL,"17.44",NULL,NULL,NULL,NULL,False,NULL,NULL,"41.03","2026-03-06 18:01:50.94234+00"
"117848",8558,"2026-03-06 14:34:45.158+00","40.31314330","71.77203500",NULL,"17.05",NULL,NULL,NULL,NULL,False,NULL,NULL,"50.43","2026-03-06 18:01:50.670808+00"
"117849",8558,"2026-03-06 14:34:45.158+00","40.31314330","71.77203500",NULL,"17.05",NULL,NULL,NULL,NULL,False,NULL,NULL,"0.00","2026-03-06 18:01:50.670809+00"
"117850",8558,"2026-03-06 14:34:45.158+00","40.31314330","71.77203500",NULL,"17.05",NULL,NULL,NULL,NULL,False,NULL,NULL,"0.00","2026-03-06 18:01:50.670809+00"
"117847",8558,"2026-03-06 14:34:42.159+00","40.31269170","71.77209000",NULL,"17.04",NULL,NULL,NULL,NULL,False,NULL,NULL,"49.88","2026-03-06 18:01:50.670806+00"
"117844",8558,"2026-03-06 14:34:39.156+00","40.31224500","71.77214330",NULL,"16.81",NULL,NULL,NULL,NULL,False,NULL,NULL,"49.68","2026-03-06 18:01:50.670804+00"
"117845",8558,"2026-03-06 14:34:39.156+00","40.31224500","71.77214330",NULL,"16.81",NULL,NULL,NULL,NULL,False,NULL,NULL,"0.00","2026-03-06 18:01:50.670805+00"
"117846",8558,"2026-03-06 14:34:39.156+00","40.31224500","71.77214330",NULL,"16.81",NULL,NULL,NULL,NULL,False,NULL,NULL,"0.00","2026-03-06 18:01:50.670805+00"
"117843",8558,"2026-03-06 14:34:36.157+00","40.31180000","71.77219500",NULL,"16.67",NULL,NULL,NULL,NULL,False,NULL,NULL,"54.49","2026-03-06 18:01:50.670803+00"
"117840",8558,"2026-03-06 14:34:33.157+00","40.31131000","71.77219330",NULL,"17.18",NULL,NULL,NULL,NULL,False,NULL,NULL,"42.27","2026-03-06 18:01:50.670801+00"
"117841",8558,"2026-03-06 14:34:33.157+00","40.31131000","71.77219330",NULL,"17.18",NULL,NULL,NULL,NULL,False,NULL,NULL,"0.00","2026-03-06 18:01:50.670802+00"
"117842",8558,"2026-03-06 14:34:33.157+00","40.31131000","71.77219330",NULL,"17.18",NULL,NULL,NULL,NULL,False,NULL,NULL,"0.00","2026-03-06 18:01:50.670802+00"
"117839",8558,"2026-03-06 14:34:31.158+00","40.31093000","71.77220500",NULL,"17.17",NULL,NULL,NULL,NULL,False,NULL,NULL,"46.69","2026-03-06 18:01:50.670801+00"
"117836",8558,"2026-03-06 14:34:28.158+00","40.31052670","71.77235830",NULL,"17.26",NULL,NULL,NULL,NULL,False,NULL,NULL,"54.23","2026-03-06 18:01:50.670799+00"
"117837",8558,"2026-03-06 14:34:28.158+00","40.31052670","71.77235830",NULL,"17.26",NULL,NULL,NULL,NULL,False,NULL,NULL,"0.00","2026-03-06 18:01:50.670799+00"
"117838",8558,"2026-03-06 14:34:28.158+00","40.31052670","71.77235830",NULL,"17.26",NULL,NULL,NULL,NULL,False,NULL,NULL,"0.00","2026-03-06 18:01:50.6708+00"
"117835",8558,"2026-03-06 14:34:25.159+00","40.31004170","71.77242500",NULL,"17.19",NULL,NULL,NULL,NULL,False,NULL,NULL,"47.70","2026-03-06 18:01:50.670798+00"
"117832",8558,"2026-03-06 14:34:22.157+00","40.30961500","71.77236670",NULL,"17.18",NULL,NULL,NULL,NULL,False,NULL,NULL,"51.45","2026-03-06 18:01:50.670796+00"
"117833",8558,"2026-03-06 14:34:22.157+00","40.30961500","71.77236670",NULL,"17.18",NULL,NULL,NULL,NULL,False,NULL,NULL,"0.00","2026-03-06 18:01:50.670796+00"
"117834",8558,"2026-03-06 14:34:22.157+00","40.30961500","71.77236670",NULL,"17.18",NULL,NULL,NULL,NULL,False,NULL,NULL,"0.00","2026-03-06 18:01:50.670797+00"
"117831",8558,"2026-03-06 14:34:19.168+00","40.30915330","71.77240670",NULL,"16.85",NULL,NULL,NULL,NULL,False,NULL,NULL,"49.96","2026-03-06 18:01:50.670795+00"
"117828",8558,"2026-03-06 14:34:16.172+00","40.30870830","71.77248830",NULL,"16.55",NULL,NULL,NULL,NULL,False,NULL,NULL,"51.74","2026-03-06 18:01:50.670791+00"
"117829",8558,"2026-03-06 14:34:16.172+00","40.30870830","71.77248830",NULL,"16.55",NULL,NULL,NULL,NULL,False,NULL,NULL,"0.00","2026-03-06 18:01:50.670792+00"
"117830",8558,"2026-03-06 14:34:16.172+00","40.30870830","71.77248830",NULL,"16.55",NULL,NULL,NULL,NULL,False,NULL,NULL,"0.00","2026-03-06 18:01:50.670792+00"
"117827",8558,"2026-03-06 14:34:13.157+00","40.30824500","71.77254500",NULL,"16.02",NULL,NULL,NULL,NULL,False,NULL,NULL,"45.61","2026-03-06 18:01:50.670791+00"
"117824",8558,"2026-03-06 14:34:10.159+00","40.30783670","71.77259670",NULL,"15.79",NULL,NULL,NULL,NULL,False,NULL,NULL,"47.56","2026-03-06 18:01:50.670789+00"
"117825",8558,"2026-03-06 14:34:10.159+00","40.30783670","71.77259670",NULL,"15.79",NULL,NULL,NULL,NULL,False,NULL,NULL,"0.00","2026-03-06 18:01:50.670789+00"
"117826",8558,"2026-03-06 14:34:10.159+00","40.30783670","71.77259670",NULL,"15.79",NULL,NULL,NULL,NULL,False,NULL,NULL,"0.00","2026-03-06 18:01:50.67079+00"
"117823",8558,"2026-03-06 14:34:07.157+00","40.30741170","71.77266000",NULL,"15.60",NULL,NULL,NULL,NULL,False,NULL,NULL,"45.34","2026-03-06 18:01:50.670788+00"
"117820",8558,"2026-03-06 14:34:04.16+00","40.30700830","71.77273830",NULL,"16.03",NULL,NULL,NULL,NULL,False,NULL,NULL,"47.60","2026-03-06 18:01:50.670786+00"
"117821",8558,"2026-03-06 14:34:04.16+00","40.30700830","71.77273830",NULL,"16.03",NULL,NULL,NULL,NULL,False,NULL,NULL,"0.00","2026-03-06 18:01:50.670787+00"
"117822",8558,"2026-03-06 14:34:04.16+00","40.30700830","71.77273830",NULL,"16.03",NULL,NULL,NULL,NULL,False,NULL,NULL,"0.00","2026-03-06 18:01:50.670787+00"
"117819",8558,"2026-03-06 14:34:01.16+00","40.30658330","71.77280500",NULL,"16.43",NULL,NULL,NULL,NULL,False,NULL,NULL,"46.71","2026-03-06 18:01:50.670785+00"
"117815",8558,"2026-03-06 14:33:58.158+00","40.30616330","71.77281670",NULL,"17.04",NULL,NULL,NULL,NULL,False,NULL,NULL,"73.12","2026-03-06 18:01:50.670783+00"
"117816",8558,"2026-03-06 14:33:58.158+00","40.30616330","71.77281670",NULL,"17.04",NULL,NULL,NULL,NULL,False,NULL,NULL,"0.00","2026-03-06 18:01:50.670783+00"
"117817",8558,"2026-03-06 14:33:58.158+00","40.30616330","71.77281670",NULL,"17.04",NULL,NULL,NULL,NULL,False,NULL,NULL,"0.00","2026-03-06 18:01:50.670784+00"
"117818",8558,"2026-03-06 14:33:58.158+00","40.30616330","71.77281670",NULL,"17.04",NULL,NULL,NULL,NULL,False,NULL,NULL,"0.00","2026-03-06 18:01:50.670785+00"
"117812",8558,"2026-03-06 14:33:54.159+00","40.30550670","71.77286330",NULL,"17.86",NULL,NULL,NULL,NULL,False,NULL,NULL,"55.01","2026-03-06 18:01:50.670781+00"
"117813",8558,"2026-03-06 14:33:54.159+00","40.30550670","71.77286330",NULL,"17.86",NULL,NULL,NULL,NULL,False,NULL,NULL,"0.00","2026-03-06 18:01:50.670781+00"
"117814",8558,"2026-03-06 14:33:54.159+00","40.30550670","71.77286330",NULL,"17.86",NULL,NULL,NULL,NULL,False,NULL,NULL,"0.00","2026-03-06 18:01:50.670782+00"
"117811",8558,"2026-03-06 14:33:51.158+00","40.30501330","71.77291000",NULL,"18.76",NULL,NULL,NULL,NULL,False,NULL,NULL,"55.30","2026-03-06 18:01:50.670777+00"
"117808",8558,"2026-03-06 14:33:48.158+00","40.30451830","71.77297330",NULL,"19.10",NULL,NULL,NULL,NULL,False,NULL,NULL,"56.37","2026-03-06 18:01:50.670775+00"
"117809",8558,"2026-03-06 14:33:48.158+00","40.30451830","71.77297330",NULL,"19.10",NULL,NULL,NULL,NULL,False,NULL,NULL,"0.00","2026-03-06 18:01:50.670775+00"
"117810",8558,"2026-03-06 14:33:48.158+00","40.30451830","71.77297330",NULL,"19.10",NULL,NULL,NULL,NULL,False,NULL,NULL,"0.00","2026-03-06 18:01:50.670776+00"
"117807",8558,"2026-03-06 14:33:45.159+00","40.30401330","71.77303170",NULL,"19.77",NULL,NULL,NULL,NULL,False,NULL,NULL,"68.87","2026-03-06 18:01:50.670774+00"
"117804",8558,"2026-03-06 14:33:42.157+00","40.30339500","71.77308000",NULL,"20.36",NULL,NULL,NULL,NULL,False,NULL,NULL,"68.52","2026-03-06 18:01:50.670771+00"
"117805",8558,"2026-03-06 14:33:42.157+00","40.30339500","71.77308000",NULL,"20.36",NULL,NULL,NULL,NULL,False,NULL,NULL,"0.00","2026-03-06 18:01:50.670772+00"
"117806",8558,"2026-03-06 14:33:42.157+00","40.30339500","71.77308000",NULL,"20.36",NULL,NULL,NULL,NULL,False,NULL,NULL,"0.00","2026-03-06 18:01:50.670773+00"
"117803",8558,"2026-03-06 14:33:39.157+00","40.30278000","71.77313000",NULL,"21.24",NULL,NULL,NULL,NULL,False,NULL,NULL,"78.87","2026-03-06 18:01:50.67077+00"
"117801",8558,"2026-03-06 14:33:35.158+00","40.30207330","71.77321000",NULL,"22.15",NULL,NULL,NULL,NULL,False,NULL,NULL,"0.00","2026-03-06 18:01:50.670766+00"
"117802",8558,"2026-03-06 14:33:35.158+00","40.30207330","71.77321000",NULL,"22.15",NULL,NULL,NULL,NULL,False,NULL,NULL,"0.00","2026-03-06 18:01:50.670768+00"
"117800",8558,"2026-03-06 14:33:35.158+00","40.30207330","71.77321000",NULL,"22.15",NULL,NULL,NULL,NULL,False,NULL,NULL,"53.01","2026-03-06 18:01:50.258226+00"
"117799",8558,"2026-03-06 14:33:32.657+00","40.30159670","71.77322330",NULL,"22.17",NULL,NULL,NULL,NULL,False,NULL,NULL,"57.11","2026-03-06 18:01:50.258226+00"
"117796",8558,"2026-03-06 14:33:30.157+00","40.30108500","71.77316500",NULL,"22.42",NULL,NULL,NULL,NULL,False,NULL,NULL,"66.49","2026-03-06 18:01:50.258225+00"
"117797",8558,"2026-03-06 14:33:30.157+00","40.30108500","71.77316500",NULL,"22.42",NULL,NULL,NULL,NULL,False,NULL,NULL,"0.00","2026-03-06 18:01:50.258226+00"
"117798",8558,"2026-03-06 14:33:30.157+00","40.30108500","71.77316500",NULL,"22.42",NULL,NULL,NULL,NULL,False,NULL,NULL,"0.00","2026-03-06 18:01:50.258226+00"
"117795",8558,"2026-03-06 14:33:27.157+00","40.30049330","71.77327830",NULL,"21.70",NULL,NULL,NULL,NULL,False,NULL,NULL,"66.18","2026-03-06 18:01:50.258225+00"
"117792",8558,"2026-03-06 14:33:24.157+00","40.29990500","71.77339670",NULL,"21.00",NULL,NULL,NULL,NULL,False,NULL,NULL,"57.27","2026-03-06 18:01:50.258222+00"
"117793",8558,"2026-03-06 14:33:24.157+00","40.29990500","71.77339670",NULL,"21.00",NULL,NULL,NULL,NULL,False,NULL,NULL,"0.00","2026-03-06 18:01:50.258225+00"
"117794",8558,"2026-03-06 14:33:24.157+00","40.29990500","71.77339670",NULL,"21.00",NULL,NULL,NULL,NULL,False,NULL,NULL,"0.00","2026-03-06 18:01:50.258225+00"
"117791",8558,"2026-03-06 14:33:21.165+00","40.29939000","71.77340330",NULL,"19.84",NULL,NULL,NULL,NULL,False,NULL,NULL,"57.50","2026-03-06 18:01:50.258222+00"
"117788",8558,"2026-03-06 14:33:18.172+00","40.29887670","71.77348500",NULL,"19.55",NULL,NULL,NULL,NULL,False,NULL,NULL,"56.60","2026-03-06 18:01:50.25822+00"
"117789",8558,"2026-03-06 14:33:18.172+00","40.29887670","71.77348500",NULL,"19.55",NULL,NULL,NULL,NULL,False,NULL,NULL,"0.00","2026-03-06 18:01:50.258221+00"
"117790",8558,"2026-03-06 14:33:18.172+00","40.29887670","71.77348500",NULL,"19.55",NULL,NULL,NULL,NULL,False,NULL,NULL,"0.00","2026-03-06 18:01:50.258222+00"
"117787",8558,"2026-03-06 14:33:15.168+00","40.29836830","71.77351830",NULL,"19.34",NULL,NULL,NULL,NULL,False,NULL,NULL,"66.34","2026-03-06 18:01:50.25822+00"
"117784",8558,"2026-03-06 14:33:12.173+00","40.29777170","71.77351670",NULL,"19.08",NULL,NULL,NULL,NULL,False,NULL,NULL,"57.50","2026-03-06 18:01:50.25822+00"
"117785",8558,"2026-03-06 14:33:12.173+00","40.29777170","71.77351670",NULL,"19.08",NULL,NULL,NULL,NULL,False,NULL,NULL,"0.00","2026-03-06 18:01:50.25822+00"
"117786",8558,"2026-03-06 14:33:12.173+00","40.29777170","71.77351670",NULL,"19.08",NULL,NULL,NULL,NULL,False,NULL,NULL,"0.00","2026-03-06 18:01:50.25822+00"
"117783",8558,"2026-03-06 14:33:09.171+00","40.29725670","71.77345500",NULL,"18.58",NULL,NULL,NULL,NULL,False,NULL,NULL,"69.32","2026-03-06 18:01:50.258219+00"
"117779",8558,"2026-03-06 14:33:05.171+00","40.29666000","71.77321830",NULL,"17.61",NULL,NULL,NULL,NULL,False,NULL,NULL,"53.78","2026-03-06 18:01:50.258219+00"
"117780",8558,"2026-03-06 14:33:05.171+00","40.29666000","71.77321830",NULL,"17.61",NULL,NULL,NULL,NULL,False,NULL,NULL,"0.00","2026-03-06 18:01:50.258219+00"
"117781",8558,"2026-03-06 14:33:05.171+00","40.29666000","71.77321830",NULL,"17.61",NULL,NULL,NULL,NULL,False,NULL,NULL,"0.00","2026-03-06 18:01:50.258219+00"
"117782",8558,"2026-03-06 14:33:05.171+00","40.29666000","71.77321830",NULL,"17.61",NULL,NULL,NULL,NULL,False,NULL,NULL,"0.00","2026-03-06 18:01:50.258219+00"
"117778",8558,"2026-03-06 14:33:02.171+00","40.29621500","71.77297000",NULL,"17.37",NULL,NULL,NULL,NULL,False,NULL,NULL,"68.78","2026-03-06 18:01:50.258219+00"
"117775",8558,"2026-03-06 14:32:58.169+00","40.29564830","71.77264500",NULL,"17.38",NULL,NULL,NULL,NULL,False,NULL,NULL,"53.55","2026-03-06 18:01:50.258218+00"
"117776",8558,"2026-03-06 14:32:58.169+00","40.29564830","71.77264500",NULL,"17.38",NULL,NULL,NULL,NULL,False,NULL,NULL,"0.00","2026-03-06 18:01:50.258218+00"
"117777",8558,"2026-03-06 14:32:58.169+00","40.29564830","71.77264500",NULL,"17.38",NULL,NULL,NULL,NULL,False,NULL,NULL,"0.00","2026-03-06 18:01:50.258218+00"
"117774",8558,"2026-03-06 14:32:55.17+00","40.29521000","71.77238330",NULL,"18.21",NULL,NULL,NULL,NULL,False,NULL,NULL,"73.79","2026-03-06 18:01:50.258218+00"
"117771",8558,"2026-03-06 14:32:51.17+00","40.29461000","71.77201170",NULL,"18.06",NULL,NULL,NULL,NULL,False,NULL,NULL,"54.17","2026-03-06 18:01:50.258217+00"
"117772",8558,"2026-03-06 14:32:51.17+00","40.29461000","71.77201170",NULL,"18.06",NULL,NULL,NULL,NULL,False,NULL,NULL,"0.00","2026-03-06 18:01:50.258218+00"
"117773",8558,"2026-03-06 14:32:51.17+00","40.29461000","71.77201170",NULL,"18.06",NULL,NULL,NULL,NULL,False,NULL,NULL,"0.00","2026-03-06 18:01:50.258218+00"
"117770",8558,"2026-03-06 14:32:48.171+00","40.29420500","71.77165670",NULL,"18.37",NULL,NULL,NULL,NULL,False,NULL,NULL,"55.83","2026-03-06 18:01:50.258216+00"
"117767",8558,"2026-03-06 14:32:45.171+00","40.29388000","71.77115500",NULL,"19.08",NULL,NULL,NULL,NULL,False,NULL,NULL,"58.94","2026-03-06 18:01:50.258216+00"
"117768",8558,"2026-03-06 14:32:45.171+00","40.29388000","71.77115500",NULL,"19.08",NULL,NULL,NULL,NULL,False,NULL,NULL,"0.00","2026-03-06 18:01:50.258216+00"
"117769",8558,"2026-03-06 14:32:45.171+00","40.29388000","71.77115500",NULL,"19.08",NULL,NULL,NULL,NULL,False,NULL,NULL,"0.00","2026-03-06 18:01:50.258216+00"
"117766",8558,"2026-03-06 14:32:42.171+00","40.29354330","71.77061830",NULL,"19.95",NULL,NULL,NULL,NULL,False,NULL,NULL,"51.76","2026-03-06 18:01:50.258216+00"
"117763",8558,"2026-03-06 14:32:39.172+00","40.29324330","71.77015170",NULL,"20.43",NULL,NULL,NULL,NULL,False,NULL,NULL,"57.72","2026-03-06 18:01:50.258215+00"
"117764",8558,"2026-03-06 14:32:39.172+00","40.29324330","71.77015170",NULL,"20.43",NULL,NULL,NULL,NULL,False,NULL,NULL,"0.00","2026-03-06 18:01:50.258215+00"
"117765",8558,"2026-03-06 14:32:39.172+00","40.29324330","71.77015170",NULL,"20.43",NULL,NULL,NULL,NULL,False,NULL,NULL,"0.00","2026-03-06 18:01:50.258215+00"
"117762",8558,"2026-03-06 14:32:36.171+00","40.29291000","71.76963000",NULL,"21.08",NULL,NULL,NULL,NULL,False,NULL,NULL,"50.92","2026-03-06 18:01:50.258215+00"
"117759",8558,"2026-03-06 14:32:34.169+00","40.29259170","71.76919830",NULL,"21.13",NULL,NULL,NULL,NULL,False,NULL,NULL,"62.64","2026-03-06 18:01:50.258214+00"
"117760",8558,"2026-03-06 14:32:34.169+00","40.29259170","71.76919830",NULL,"21.13",NULL,NULL,NULL,NULL,False,NULL,NULL,"0.00","2026-03-06 18:01:50.258215+00"
"117761",8558,"2026-03-06 14:32:34.169+00","40.29259170","71.76919830",NULL,"21.13",NULL,NULL,NULL,NULL,False,NULL,NULL,"0.00","2026-03-06 18:01:50.258215+00"
"117758",8558,"2026-03-06 14:32:31.171+00","40.29215500","71.76873170",NULL,"21.70",NULL,NULL,NULL,NULL,False,NULL,NULL,"53.60","2026-03-06 18:01:50.258214+00"
"117754",8558,"2026-03-06 14:32:29.171+00","40.29172670","71.76844170",NULL,"22.36",NULL,NULL,NULL,NULL,False,NULL,NULL,"64.64","2026-03-06 18:01:50.258213+00"
"117755",8558,"2026-03-06 14:32:29.171+00","40.29172670","71.76844170",NULL,"22.36",NULL,NULL,NULL,NULL,False,NULL,NULL,"0.00","2026-03-06 18:01:50.258213+00"
"117756",8558,"2026-03-06 14:32:29.171+00","40.29172670","71.76844170",NULL,"22.36",NULL,NULL,NULL,NULL,False,NULL,NULL,"0.00","2026-03-06 18:01:50.258214+00"
"117757",8558,"2026-03-06 14:32:29.171+00","40.29172670","71.76844170",NULL,"22.36",NULL,NULL,NULL,NULL,False,NULL,NULL,"0.00","2026-03-06 18:01:50.258214+00"
"117751",8558,"2026-03-06 14:32:26.172+00","40.29122500","71.76805670",NULL,"22.99",NULL,NULL,NULL,NULL,False,NULL,NULL,"72.77","2026-03-06 18:01:50.258209+00"
"117752",8558,"2026-03-06 14:32:26.172+00","40.29122500","71.76805670",NULL,"22.99",NULL,NULL,NULL,NULL,False,NULL,NULL,"0.00","2026-03-06 18:01:50.25821+00"
"117753",8558,"2026-03-06 14:32:26.172+00","40.29122500","71.76805670",NULL,"22.99",NULL,NULL,NULL,NULL,False,NULL,NULL,"0.00","2026-03-06 18:01:50.25821+00"
"117750",8558,"2026-03-06 14:32:23.172+00","40.29066170","71.76762000",NULL,"24.31",NULL,NULL,NULL,NULL,False,NULL,NULL,"71.97","2026-03-06 18:01:49.853402+00"
"117747",8558,"2026-03-06 14:32:20.169+00","40.29010830","71.76718000",NULL,"25.22",NULL,NULL,NULL,NULL,False,NULL,NULL,"75.23","2026-03-06 18:01:49.8534+00"
"117748",8558,"2026-03-06 14:32:20.169+00","40.29010830","71.76718000",NULL,"25.22",NULL,NULL,NULL,NULL,False,NULL,NULL,"0.00","2026-03-06 18:01:49.853401+00"
"117749",8558,"2026-03-06 14:32:20.169+00","40.29010830","71.76718000",NULL,"25.22",NULL,NULL,NULL,NULL,False,NULL,NULL,"0.00","2026-03-06 18:01:49.853401+00"
"117746",8558,"2026-03-06 14:32:17.17+00","40.28952830","71.76672330",NULL,"26.21",NULL,NULL,NULL,NULL,False,NULL,NULL,"82.64","2026-03-06 18:01:49.853399+00"
"117742",8558,"2026-03-06 14:32:14.172+00","40.28885830","71.76630170",NULL,"27.23",NULL,NULL,NULL,NULL,False,NULL,NULL,"85.01","2026-03-06 18:01:49.853397+00"
"117743",8558,"2026-03-06 14:32:14.172+00","40.28885830","71.76630170",NULL,"27.23",NULL,NULL,NULL,NULL,False,NULL,NULL,"0.00","2026-03-06 18:01:49.853398+00"
"117744",8558,"2026-03-06 14:32:14.172+00","40.28885830","71.76630170",NULL,"27.23",NULL,NULL,NULL,NULL,False,NULL,NULL,"0.00","2026-03-06 18:01:49.853398+00"
"117745",8558,"2026-03-06 14:32:14.172+00","40.28885830","71.76630170",NULL,"27.23",NULL,NULL,NULL,NULL,False,NULL,NULL,"0.00","2026-03-06 18:01:49.853399+00"
"117739",8558,"2026-03-06 14:32:11.17+00","40.28822000","71.76575000",NULL,"28.33",NULL,NULL,NULL,NULL,False,NULL,NULL,"88.97","2026-03-06 18:01:49.853395+00"
"117740",8558,"2026-03-06 14:32:11.17+00","40.28822000","71.76575000",NULL,"28.33",NULL,NULL,NULL,NULL,False,NULL,NULL,"0.00","2026-03-06 18:01:49.853396+00"
"117741",8558,"2026-03-06 14:32:11.17+00","40.28822000","71.76575000",NULL,"28.33",NULL,NULL,NULL,NULL,False,NULL,NULL,"0.00","2026-03-06 18:01:49.853396+00"
"117738",8558,"2026-03-06 14:32:08.169+00","40.28754500","71.76518670",NULL,"29.64",NULL,NULL,NULL,NULL,False,NULL,NULL,"84.35","2026-03-06 18:01:49.853394+00"
"117734",8558,"2026-03-06 14:32:05.169+00","40.28692170","71.76462000",NULL,"31.38",NULL,NULL,NULL,NULL,False,NULL,NULL,"95.10","2026-03-06 18:01:49.85339+00"
"117735",8558,"2026-03-06 14:32:05.169+00","40.28692170","71.76462000",NULL,"31.38",NULL,NULL,NULL,NULL,False,NULL,NULL,"0.00","2026-03-06 18:01:49.853391+00"
"117736",8558,"2026-03-06 14:32:05.169+00","40.28692170","71.76462000",NULL,"31.38",NULL,NULL,NULL,NULL,False,NULL,NULL,"0.00","2026-03-06 18:01:49.853393+00"
"117737",8558,"2026-03-06 14:32:05.169+00","40.28692170","71.76462000",NULL,"31.38",NULL,NULL,NULL,NULL,False,NULL,NULL,"0.00","2026-03-06 18:01:49.853394+00"
"117731",8558,"2026-03-06 14:32:02.171+00","40.28614000","71.76416500",NULL,"32.71",NULL,NULL,NULL,NULL,False,NULL,NULL,"100.00","2026-03-06 18:01:49.853388+00"
"117732",8558,"2026-03-06 14:32:02.171+00","40.28614000","71.76416500",NULL,"32.71",NULL,NULL,NULL,NULL,False,NULL,NULL,"0.00","2026-03-06 18:01:49.853389+00"
"117733",8558,"2026-03-06 14:32:02.171+00","40.28614000","71.76416500",NULL,"32.71",NULL,NULL,NULL,NULL,False,NULL,NULL,"0.00","2026-03-06 18:01:49.853389+00"
"117730",8558,"2026-03-06 14:31:59.169+00","40.28533670","71.76363500",NULL,"34.37",NULL,NULL,NULL,NULL,False,NULL,NULL,"105.61","2026-03-06 18:01:49.853387+00"
"117727",8558,"2026-03-06 14:31:56.172+00","40.28447670","71.76310670",NULL,"33.86",NULL,NULL,NULL,NULL,False,NULL,NULL,"100.80","2026-03-06 18:01:49.853385+00"
"117728",8558,"2026-03-06 14:31:56.172+00","40.28447670","71.76310670",NULL,"33.86",NULL,NULL,NULL,NULL,False,NULL,NULL,"0.00","2026-03-06 18:01:49.853386+00"
"117729",8558,"2026-03-06 14:31:56.172+00","40.28447670","71.76310670",NULL,"33.86",NULL,NULL,NULL,NULL,False,NULL,NULL,"0.00","2026-03-06 18:01:49.853386+00"
"117726",8558,"2026-03-06 14:31:53.169+00","40.28365670","71.76260000",NULL,"33.21",NULL,NULL,NULL,NULL,False,NULL,NULL,"100.22","2026-03-06 18:01:49.853385+00"
"117723",8558,"2026-03-06 14:31:50.168+00","40.28285500","71.76206000",NULL,"32.75",NULL,NULL,NULL,NULL,False,NULL,NULL,"97.05","2026-03-06 18:01:49.853383+00"
"117724",8558,"2026-03-06 14:31:50.168+00","40.28285500","71.76206000",NULL,"32.75",NULL,NULL,NULL,NULL,False,NULL,NULL,"0.00","2026-03-06 18:01:49.853383+00"
"117725",8558,"2026-03-06 14:31:50.168+00","40.28285500","71.76206000",NULL,"32.75",NULL,NULL,NULL,NULL,False,NULL,NULL,"0.00","2026-03-06 18:01:49.853384+00"
"117722",8558,"2026-03-06 14:31:47.169+00","40.28207000","71.76156000",NULL,"32.18",NULL,NULL,NULL,NULL,False,NULL,NULL,"89.91","2026-03-06 18:01:49.853382+00"
"117719",8558,"2026-03-06 14:31:44.171+00","40.28133670","71.76111330",NULL,"31.10",NULL,NULL,NULL,NULL,False,NULL,NULL,"92.42","2026-03-06 18:01:49.85338+00"
"117720",8558,"2026-03-06 14:31:44.171+00","40.28133670","71.76111330",NULL,"31.10",NULL,NULL,NULL,NULL,False,NULL,NULL,"0.00","2026-03-06 18:01:49.85338+00"
"117721",8558,"2026-03-06 14:31:44.171+00","40.28133670","71.76111330",NULL,"31.10",NULL,NULL,NULL,NULL,False,NULL,NULL,"0.00","2026-03-06 18:01:49.853381+00"
"117718",8558,"2026-03-06 14:31:41.169+00","40.28059500","71.76062170",NULL,"30.40",NULL,NULL,NULL,NULL,False,NULL,NULL,"93.31","2026-03-06 18:01:49.853379+00"
"117715",8558,"2026-03-06 14:31:38.172+00","40.27984500","71.76012830",NULL,"29.87",NULL,NULL,NULL,NULL,False,NULL,NULL,"87.74","2026-03-06 18:01:49.853375+00"
"117716",8558,"2026-03-06 14:31:38.172+00","40.27984500","71.76012830",NULL,"29.87",NULL,NULL,NULL,NULL,False,NULL,NULL,"0.00","2026-03-06 18:01:49.853376+00"
"117717",8558,"2026-03-06 14:31:38.172+00","40.27984500","71.76012830",NULL,"29.87",NULL,NULL,NULL,NULL,False,NULL,NULL,"0.00","2026-03-06 18:01:49.853376+00"
"117714",8558,"2026-03-06 14:31:35.169+00","40.27913830","71.75966830",NULL,"28.38",NULL,NULL,NULL,NULL,False,NULL,NULL,"80.67","2026-03-06 18:01:49.853374+00"
"117710",8558,"2026-03-06 14:31:32.169+00","40.27847330","71.75928830",NULL,"27.81",NULL,NULL,NULL,NULL,False,NULL,NULL,"62.59","2026-03-06 18:01:49.853366+00"
"117711",8558,"2026-03-06 14:31:32.169+00","40.27847330","71.75928830",NULL,"27.81",NULL,NULL,NULL,NULL,False,NULL,NULL,"0.00","2026-03-06 18:01:49.853366+00"
"117712",8558,"2026-03-06 14:31:32.169+00","40.27847330","71.75928830",NULL,"27.81",NULL,NULL,NULL,NULL,False,NULL,NULL,"0.00","2026-03-06 18:01:49.853373+00"
"117713",8558,"2026-03-06 14:31:32.169+00","40.27847330","71.75928830",NULL,"27.81",NULL,NULL,NULL,NULL,False,NULL,NULL,"0.00","2026-03-06 18:01:49.853374+00"
"117707",8558,"2026-03-06 14:31:30.168+00","40.27796670","71.75896670",NULL,"27.14",NULL,NULL,NULL,NULL,False,NULL,NULL,"84.03","2026-03-06 18:01:49.853363+00"
"117708",8558,"2026-03-06 14:31:30.168+00","40.27796670","71.75896670",NULL,"27.14",NULL,NULL,NULL,NULL,False,NULL,NULL,"0.00","2026-03-06 18:01:49.853364+00"
"117709",8558,"2026-03-06 14:31:30.168+00","40.27796670","71.75896670",NULL,"27.14",NULL,NULL,NULL,NULL,False,NULL,NULL,"0.00","2026-03-06 18:01:49.853365+00"
"117706",8558,"2026-03-06 14:31:27.171+00","40.27728000","71.75855330",NULL,"26.11",NULL,NULL,NULL,NULL,False,NULL,NULL,"70.44","2026-03-06 18:01:49.853356+00"
"117703",8558,"2026-03-06 14:31:24.17+00","40.27667670","71.75830000",NULL,"25.83",NULL,NULL,NULL,NULL,False,NULL,NULL,"77.27","2026-03-06 18:01:49.853353+00"
"117704",8558,"2026-03-06 14:31:24.17+00","40.27667670","71.75830000",NULL,"25.83",NULL,NULL,NULL,NULL,False,NULL,NULL,"0.00","2026-03-06 18:01:49.853354+00"
"117705",8558,"2026-03-06 14:31:24.17+00","40.27667670","71.75830000",NULL,"25.83",NULL,NULL,NULL,NULL,False,NULL,NULL,"0.00","2026-03-06 18:01:49.853354+00"
"117702",8558,"2026-03-06 14:31:21.172+00","40.27600330","71.75807500",NULL,"25.00",NULL,NULL,NULL,NULL,False,NULL,NULL,"74.95","2026-03-06 18:01:49.853352+00"
"117701",8558,"2026-03-06 14:31:18.17+00","40.27534830","71.75786670",NULL,"24.41",NULL,NULL,NULL,NULL,False,NULL,NULL,"0.00","2026-03-06 18:01:49.853349+00"
"117699",8558,"2026-03-06 14:31:18.17+00","40.27534830","71.75786670",NULL,"24.41",NULL,NULL,NULL,NULL,False,NULL,NULL,"71.99","2026-03-06 18:01:49.544166+00"
"117700",8558,"2026-03-06 14:31:18.17+00","40.27534830","71.75786670",NULL,"24.41",NULL,NULL,NULL,NULL,False,NULL,NULL,"0.00","2026-03-06 18:01:49.544166+00"
"117698",8558,"2026-03-06 14:31:15.171+00","40.27471670","71.75768000",NULL,"23.20",NULL,NULL,NULL,NULL,False,NULL,NULL,"69.66","2026-03-06 18:01:49.544166+00"
"117694",8558,"2026-03-06 14:31:12.169+00","40.27411170","71.75746670",NULL,"22.58",NULL,NULL,NULL,NULL,False,NULL,NULL,"65.66","2026-03-06 18:01:49.544165+00"
"117695",8558,"2026-03-06 14:31:12.169+00","40.27411170","71.75746670",NULL,"22.58",NULL,NULL,NULL,NULL,False,NULL,NULL,"0.00","2026-03-06 18:01:49.544165+00"
"117696",8558,"2026-03-06 14:31:12.169+00","40.27411170","71.75746670",NULL,"22.58",NULL,NULL,NULL,NULL,False,NULL,NULL,"0.00","2026-03-06 18:01:49.544165+00"
"117697",8558,"2026-03-06 14:31:12.169+00","40.27411170","71.75746670",NULL,"22.58",NULL,NULL,NULL,NULL,False,NULL,NULL,"0.00","2026-03-06 18:01:49.544165+00"
"117691",8558,"2026-03-06 14:31:09.171+00","40.27353000","71.75733330",NULL,"22.12",NULL,NULL,NULL,NULL,False,NULL,NULL,"65.73","2026-03-06 18:01:49.544163+00"
"117692",8558,"2026-03-06 14:31:09.171+00","40.27353000","71.75733330",NULL,"22.12",NULL,NULL,NULL,NULL,False,NULL,NULL,"0.00","2026-03-06 18:01:49.544163+00"
"117693",8558,"2026-03-06 14:31:09.171+00","40.27353000","71.75733330",NULL,"22.12",NULL,NULL,NULL,NULL,False,NULL,NULL,"0.00","2026-03-06 18:01:49.544164+00"
"117690",8558,"2026-03-06 14:31:06.173+00","40.27295330","71.75716330",NULL,"21.69",NULL,NULL,NULL,NULL,False,NULL,NULL,"63.91","2026-03-06 18:01:49.544163+00"
"117687",8558,"2026-03-06 14:31:03.171+00","40.27239170","71.75700330",NULL,"20.96",NULL,NULL,NULL,NULL,False,NULL,NULL,"63.10","2026-03-06 18:01:49.544162+00"
"117688",8558,"2026-03-06 14:31:03.171+00","40.27239170","71.75700330",NULL,"20.96",NULL,NULL,NULL,NULL,False,NULL,NULL,"0.00","2026-03-06 18:01:49.544162+00"
"117689",8558,"2026-03-06 14:31:03.171+00","40.27239170","71.75700330",NULL,"20.96",NULL,NULL,NULL,NULL,False,NULL,NULL,"0.00","2026-03-06 18:01:49.544163+00"
"117686",8558,"2026-03-06 14:31:00.172+00","40.27183670","71.75684830",NULL,"20.42",NULL,NULL,NULL,NULL,False,NULL,NULL,"61.01","2026-03-06 18:01:49.544162+00"
"117683",8558,"2026-03-06 14:30:57.172+00","40.27130330","71.75668000",NULL,"19.43",NULL,NULL,NULL,NULL,False,NULL,NULL,"58.06","2026-03-06 18:01:49.544161+00"
"117684",8558,"2026-03-06 14:30:57.172+00","40.27130330","71.75668000",NULL,"19.43",NULL,NULL,NULL,NULL,False,NULL,NULL,"0.00","2026-03-06 18:01:49.544161+00"
"117685",8558,"2026-03-06 14:30:57.172+00","40.27130330","71.75668000",NULL,"19.43",NULL,NULL,NULL,NULL,False,NULL,NULL,"0.00","2026-03-06 18:01:49.544162+00"
"117682",8558,"2026-03-06 14:30:54.169+00","40.27079330","71.75653330",NULL,"18.86",NULL,NULL,NULL,NULL,False,NULL,NULL,"54.59","2026-03-06 18:01:49.544161+00"
"117679",8558,"2026-03-06 14:30:51.171+00","40.27031170","71.75640830",NULL,"18.72",NULL,NULL,NULL,NULL,False,NULL,NULL,"54.89","2026-03-06 18:01:49.54416+00"
"117680",8558,"2026-03-06 14:30:51.171+00","40.27031170","71.75640830",NULL,"18.72",NULL,NULL,NULL,NULL,False,NULL,NULL,"0.00","2026-03-06 18:01:49.54416+00"
"117681",8558,"2026-03-06 14:30:51.171+00","40.27031170","71.75640830",NULL,"18.72",NULL,NULL,NULL,NULL,False,NULL,NULL,"0.00","2026-03-06 18:01:49.54416+00"
"117678",8558,"2026-03-06 14:30:48.168+00","40.26983000","71.75626670",NULL,"17.86",NULL,NULL,NULL,NULL,False,NULL,NULL,"53.74","2026-03-06 18:01:49.54416+00"
"117675",8558,"2026-03-06 14:30:45.168+00","40.26937500","71.75605330",NULL,"18.27",NULL,NULL,NULL,NULL,False,NULL,NULL,"55.35","2026-03-06 18:01:49.544159+00"
"117676",8558,"2026-03-06 14:30:45.168+00","40.26937500","71.75605330",NULL,"18.27",NULL,NULL,NULL,NULL,False,NULL,NULL,"0.00","2026-03-06 18:01:49.544159+00"
"117677",8558,"2026-03-06 14:30:45.168+00","40.26937500","71.75605330",NULL,"18.27",NULL,NULL,NULL,NULL,False,NULL,NULL,"0.00","2026-03-06 18:01:49.544159+00"
"117674",8558,"2026-03-06 14:30:42.17+00","40.26889000","71.75590670",NULL,"18.76",NULL,NULL,NULL,NULL,False,NULL,NULL,"58.62","2026-03-06 18:01:49.544158+00"
"117671",8558,"2026-03-06 14:30:39.172+00","40.26838000","71.75573170",NULL,"18.82",NULL,NULL,NULL,NULL,False,NULL,NULL,"56.51","2026-03-06 18:01:49.544157+00"
"117672",8558,"2026-03-06 14:30:39.172+00","40.26838000","71.75573170",NULL,"18.82",NULL,NULL,NULL,NULL,False,NULL,NULL,"0.00","2026-03-06 18:01:49.544157+00"
"117673",8558,"2026-03-06 14:30:39.172+00","40.26838000","71.75573170",NULL,"18.82",NULL,NULL,NULL,NULL,False,NULL,NULL,"0.00","2026-03-06 18:01:49.544157+00"
"117670",8558,"2026-03-06 14:30:36.159+00","40.26789000","71.75555500",NULL,"18.55",NULL,NULL,NULL,NULL,False,NULL,NULL,"54.89","2026-03-06 18:01:49.544157+00"
"117666",8558,"2026-03-06 14:30:33.161+00","40.26739830","71.75549830",NULL,"17.60",NULL,NULL,NULL,NULL,False,NULL,NULL,"53.74","2026-03-06 18:01:49.544156+00"
"117667",8558,"2026-03-06 14:30:33.161+00","40.26739830","71.75549830",NULL,"17.60",NULL,NULL,NULL,NULL,False,NULL,NULL,"0.00","2026-03-06 18:01:49.544156+00"
"117668",8558,"2026-03-06 14:30:33.161+00","40.26739830","71.75549830",NULL,"17.60",NULL,NULL,NULL,NULL,False,NULL,NULL,"0.00","2026-03-06 18:01:49.544156+00"
"117669",8558,"2026-03-06 14:30:33.161+00","40.26739830","71.75549830",NULL,"17.60",NULL,NULL,NULL,NULL,False,NULL,NULL,"0.00","2026-03-06 18:01:49.544156+00"
"117663",8558,"2026-03-06 14:30:30.161+00","40.26692670","71.75536000",NULL,"16.30",NULL,NULL,NULL,NULL,False,NULL,NULL,"45.82","2026-03-06 18:01:49.544155+00"
"117664",8558,"2026-03-06 14:30:30.161+00","40.26692670","71.75536000",NULL,"16.30",NULL,NULL,NULL,NULL,False,NULL,NULL,"0.00","2026-03-06 18:01:49.544155+00"
"117665",8558,"2026-03-06 14:30:30.161+00","40.26692670","71.75536000",NULL,"16.30",NULL,NULL,NULL,NULL,False,NULL,NULL,"0.00","2026-03-06 18:01:49.544155+00"
"117662",8558,"2026-03-06 14:30:27.169+00","40.26652000","71.75527330",NULL,"14.93",NULL,NULL,NULL,NULL,False,NULL,NULL,"44.61","2026-03-06 18:01:49.544155+00"
"117658",8558,"2026-03-06 14:30:24.168+00","40.26614170","71.75509830",NULL,"14.43",NULL,NULL,NULL,NULL,False,NULL,NULL,"40.95","2026-03-06 18:01:49.544153+00"
"117659",8558,"2026-03-06 14:30:24.168+00","40.26614170","71.75509830",NULL,"14.43",NULL,NULL,NULL,NULL,False,NULL,NULL,"0.00","2026-03-06 18:01:49.544153+00"
"117660",8558,"2026-03-06 14:30:24.168+00","40.26614170","71.75509830",NULL,"14.43",NULL,NULL,NULL,NULL,False,NULL,NULL,"0.00","2026-03-06 18:01:49.544154+00"
"117661",8558,"2026-03-06 14:30:24.168+00","40.26614170","71.75509830",NULL,"14.43",NULL,NULL,NULL,NULL,False,NULL,NULL,"0.00","2026-03-06 18:01:49.544154+00"
"117657",8558,"2026-03-06 14:30:21.168+00","40.26578670","71.75497000",NULL,"11.94",NULL,NULL,NULL,NULL,False,NULL,NULL,"35.04","2026-03-06 18:01:49.544149+00"
"117656",8558,"2026-03-06 14:30:18.171+00","40.26552670","71.75473670",NULL,"10.85",NULL,NULL,NULL,NULL,False,NULL,NULL,"30.78","2026-03-06 18:01:49.544148+00"
"117652",8558,"2026-03-06 14:30:16.17+00","40.26525670","71.75481670",NULL,"9.29",NULL,NULL,NULL,NULL,False,NULL,NULL,"24.66","2026-03-06 18:01:49.544147+00"
"117653",8558,"2026-03-06 14:30:16.17+00","40.26525670","71.75481670",NULL,"9.29",NULL,NULL,NULL,NULL,False,NULL,NULL,"0.00","2026-03-06 18:01:49.544147+00"
"117654",8558,"2026-03-06 14:30:16.17+00","40.26525670","71.75481670",NULL,"9.29",NULL,NULL,NULL,NULL,False,NULL,NULL,"0.00","2026-03-06 18:01:49.544147+00"
"117655",8558,"2026-03-06 14:30:16.17+00","40.26525670","71.75481670",NULL,"9.29",NULL,NULL,NULL,NULL,False,NULL,NULL,"0.00","2026-03-06 18:01:49.544148+00"
"117651",8558,"2026-03-06 14:30:13.448+00","40.26504500","71.75473000",NULL,"7.34",NULL,NULL,NULL,NULL,False,NULL,NULL,"24.28","2026-03-06 18:01:49.544146+00"
"117647",8558,"2026-03-06 14:30:11.169+00","40.26482670","71.75473500",NULL,"7.06",NULL,NULL,NULL,NULL,False,NULL,NULL,"35.19","2026-03-06 18:01:49.203061+00"
"117648",8558,"2026-03-06 14:30:11.169+00","40.26482670","71.75473500",NULL,"7.06",NULL,NULL,NULL,NULL,False,NULL,NULL,"0.00","2026-03-06 18:01:49.203061+00"
"117649",8558,"2026-03-06 14:30:11.169+00","40.26482670","71.75473500",NULL,"7.06",NULL,NULL,NULL,NULL,False,NULL,NULL,"0.00","2026-03-06 18:01:49.203061+00"
"117650",8558,"2026-03-06 14:30:11.169+00","40.26482670","71.75473500",NULL,"7.06",NULL,NULL,NULL,NULL,False,NULL,NULL,"0.00","2026-03-06 18:01:49.203061+00"
"117646",8558,"2026-03-06 14:30:00.172+00","40.26451500","71.75466330",NULL,"8.50",NULL,NULL,NULL,NULL,False,NULL,NULL,"33.75","2026-03-06 18:01:49.203061+00"
"117642",8558,"2026-03-06 14:29:56.171+00","40.26422330","71.75455330",NULL,"12.06",NULL,NULL,NULL,NULL,False,NULL,NULL,"45.15","2026-03-06 18:01:49.20306+00"
"117643",8558,"2026-03-06 14:29:56.171+00","40.26422330","71.75455330",NULL,"12.06",NULL,NULL,NULL,NULL,False,NULL,NULL,"0.00","2026-03-06 18:01:49.20306+00"
"117644",8558,"2026-03-06 14:29:56.171+00","40.26422330","71.75455330",NULL,"12.06",NULL,NULL,NULL,NULL,False,NULL,NULL,"0.00","2026-03-06 18:01:49.20306+00"
"117645",8558,"2026-03-06 14:29:56.171+00","40.26422330","71.75455330",NULL,"12.06",NULL,NULL,NULL,NULL,False,NULL,NULL,"0.00","2026-03-06 18:01:49.20306+00"
"117641",8558,"2026-03-06 14:29:53.172+00","40.26382330","71.75446170",NULL,"16.61",NULL,NULL,NULL,NULL,False,NULL,NULL,"67.98","2026-03-06 18:01:49.20306+00"
"117637",8558,"2026-03-06 14:29:49.174+00","40.26322670","71.75428670",NULL,"16.73",NULL,NULL,NULL,NULL,False,NULL,NULL,"51.46","2026-03-06 18:01:49.203059+00"
"117638",8558,"2026-03-06 14:29:49.174+00","40.26322670","71.75428670",NULL,"16.73",NULL,NULL,NULL,NULL,False,NULL,NULL,"0.00","2026-03-06 18:01:49.203059+00"
"117639",8558,"2026-03-06 14:29:49.174+00","40.26322670","71.75428670",NULL,"16.73",NULL,NULL,NULL,NULL,False,NULL,NULL,"0.00","2026-03-06 18:01:49.203059+00"
"117640",8558,"2026-03-06 14:29:49.174+00","40.26322670","71.75428670",NULL,"16.73",NULL,NULL,NULL,NULL,False,NULL,NULL,"0.00","2026-03-06 18:01:49.20306+00"
"117636",8558,"2026-03-06 14:29:46.173+00","40.26277830","71.75413670",NULL,"18.14",NULL,NULL,NULL,NULL,False,NULL,NULL,"57.79","2026-03-06 18:01:49.203059+00"
"117633",8558,"2026-03-06 14:29:43.172+00","40.26226330","71.75404500",NULL,"18.46",NULL,NULL,NULL,NULL,False,NULL,NULL,"56.60","2026-03-06 18:01:49.203057+00"
"117634",8558,"2026-03-06 14:29:43.172+00","40.26226330","71.75404500",NULL,"18.46",NULL,NULL,NULL,NULL,False,NULL,NULL,"0.00","2026-03-06 18:01:49.203058+00"
"117635",8558,"2026-03-06 14:29:43.172+00","40.26226330","71.75404500",NULL,"18.46",NULL,NULL,NULL,NULL,False,NULL,NULL,"0.00","2026-03-06 18:01:49.203058+00"
"117632",8558,"2026-03-06 14:29:40.171+00","40.26176170","71.75393170",NULL,"17.65",NULL,NULL,NULL,NULL,False,NULL,NULL,"50.39","2026-03-06 18:01:49.203057+00"
"117629",8558,"2026-03-06 14:29:37.173+00","40.26134500","71.75369830",NULL,"18.57",NULL,NULL,NULL,NULL,False,NULL,NULL,"56.10","2026-03-06 18:01:49.203057+00"
"117630",8558,"2026-03-06 14:29:37.173+00","40.26134500","71.75369830",NULL,"18.57",NULL,NULL,NULL,NULL,False,NULL,NULL,"0.00","2026-03-06 18:01:49.203057+00"
"117631",8558,"2026-03-06 14:29:37.173+00","40.26134500","71.75369830",NULL,"18.57",NULL,NULL,NULL,NULL,False,NULL,NULL,"0.00","2026-03-06 18:01:49.203057+00"
"117628",8558,"2026-03-06 14:29:34.17+00","40.26085330","71.75355000",NULL,"19.09",NULL,NULL,NULL,NULL,False,NULL,NULL,"58.09","2026-03-06 18:01:49.203057+00"
"117625",8558,"2026-03-06 14:29:31.17+00","40.26034170","71.75341170",NULL,"19.39",NULL,NULL,NULL,NULL,False,NULL,NULL,"58.97","2026-03-06 18:01:49.203056+00"
"117626",8558,"2026-03-06 14:29:31.17+00","40.26034170","71.75341170",NULL,"19.39",NULL,NULL,NULL,NULL,False,NULL,NULL,"0.00","2026-03-06 18:01:49.203056+00"
"117627",8558,"2026-03-06 14:29:31.17+00","40.26034170","71.75341170",NULL,"19.39",NULL,NULL,NULL,NULL,False,NULL,NULL,"0.00","2026-03-06 18:01:49.203056+00"
"117624",8558,"2026-03-06 14:29:28.169+00","40.25982500","71.75325500",NULL,"19.86",NULL,NULL,NULL,NULL,False,NULL,NULL,"59.53","2026-03-06 18:01:49.203056+00"
"117621",8558,"2026-03-06 14:29:25.169+00","40.25930170","71.75310670",NULL,"19.84",NULL,NULL,NULL,NULL,False,NULL,NULL,"60.00","2026-03-06 18:01:49.203055+00"
"117622",8558,"2026-03-06 14:29:25.169+00","40.25930170","71.75310670",NULL,"19.84",NULL,NULL,NULL,NULL,False,NULL,NULL,"0.00","2026-03-06 18:01:49.203056+00"
"117623",8558,"2026-03-06 14:29:25.169+00","40.25930170","71.75310670",NULL,"19.84",NULL,NULL,NULL,NULL,False,NULL,NULL,"0.00","2026-03-06 18:01:49.203056+00"
"117620",8558,"2026-03-06 14:29:22.171+00","40.25877330","71.75296330",NULL,"20.43",NULL,NULL,NULL,NULL,False,NULL,NULL,"63.53","2026-03-06 18:01:49.203055+00"
"117617",8558,"2026-03-06 14:29:19.17+00","40.25822000","71.75277670",NULL,"20.36",NULL,NULL,NULL,NULL,False,NULL,NULL,"62.96","2026-03-06 18:01:49.203054+00"
"117618",8558,"2026-03-06 14:29:19.17+00","40.25822000","71.75277670",NULL,"20.36",NULL,NULL,NULL,NULL,False,NULL,NULL,"0.00","2026-03-06 18:01:49.203054+00"
"117619",8558,"2026-03-06 14:29:19.17+00","40.25822000","71.75277670",NULL,"20.36",NULL,NULL,NULL,NULL,False,NULL,NULL,"0.00","2026-03-06 18:01:49.203055+00"
"117616",8558,"2026-03-06 14:29:16.171+00","40.25767170","71.75259170",NULL,"20.98",NULL,NULL,NULL,NULL,False,NULL,NULL,"61.35","2026-03-06 18:01:49.203053+00"
"117613",8558,"2026-03-06 14:29:13.169+00","40.25713170","71.75244330",NULL,"20.89",NULL,NULL,NULL,NULL,False,NULL,NULL,"57.00","2026-03-06 18:01:49.203053+00"
"117614",8558,"2026-03-06 14:29:13.169+00","40.25713170","71.75244330",NULL,"20.89",NULL,NULL,NULL,NULL,False,NULL,NULL,"0.00","2026-03-06 18:01:49.203053+00"
"117615",8558,"2026-03-06 14:29:13.169+00","40.25713170","71.75244330",NULL,"20.89",NULL,NULL,NULL,NULL,False,NULL,NULL,"0.00","2026-03-06 18:01:49.203053+00"
"117612",8558,"2026-03-06 14:29:10.438+00","40.25663170","71.75229500",NULL,"21.58",NULL,NULL,NULL,NULL,False,NULL,NULL,"50.80","2026-03-06 18:01:49.203053+00"
"117609",8558,"2026-03-06 14:29:08.171+00","40.25618170","71.75219170",NULL,"21.56",NULL,NULL,NULL,NULL,False,NULL,NULL,"65.10","2026-03-06 18:01:49.203052+00"
"117610",8558,"2026-03-06 14:29:08.171+00","40.25618170","71.75219170",NULL,"21.56",NULL,NULL,NULL,NULL,False,NULL,NULL,"0.00","2026-03-06 18:01:49.203052+00"
"117611",8558,"2026-03-06 14:29:08.171+00","40.25618170","71.75219170",NULL,"21.56",NULL,NULL,NULL,NULL,False,NULL,NULL,"0.00","2026-03-06 18:01:49.203052+00"
"117608",8558,"2026-03-06 14:29:05.169+00","40.25560830","71.75203670",NULL,"21.46",NULL,NULL,NULL,NULL,False,NULL,NULL,"65.82","2026-03-06 18:01:49.203052+00"
"117605",8558,"2026-03-06 14:29:02.171+00","40.25502830","71.75188170",NULL,"21.66",NULL,NULL,NULL,NULL,False,NULL,NULL,"65.16","2026-03-06 18:01:49.203051+00"
"117606",8558,"2026-03-06 14:29:02.171+00","40.25502830","71.75188170",NULL,"21.66",NULL,NULL,NULL,NULL,False,NULL,NULL,"0.00","2026-03-06 18:01:49.203052+00"
"117607",8558,"2026-03-06 14:29:02.171+00","40.25502830","71.75188170",NULL,"21.66",NULL,NULL,NULL,NULL,False,NULL,NULL,"0.00","2026-03-06 18:01:49.203052+00"
"117604",8558,"2026-03-06 14:28:59.169+00","40.25445170","71.75174500",NULL,"21.75",NULL,NULL,NULL,NULL,False,NULL,NULL,"64.97","2026-03-06 18:01:49.203051+00"
"117601",8558,"2026-03-06 14:28:56.17+00","40.25387500","71.75162170",NULL,"21.35",NULL,NULL,NULL,NULL,False,NULL,NULL,"65.07","2026-03-06 18:01:49.20305+00"
"117602",8558,"2026-03-06 14:28:56.17+00","40.25387500","71.75162170",NULL,"21.35",NULL,NULL,NULL,NULL,False,NULL,NULL,"0.00","2026-03-06 18:01:49.203051+00"
"117603",8558,"2026-03-06 14:28:56.17+00","40.25387500","71.75162170",NULL,"21.35",NULL,NULL,NULL,NULL,False,NULL,NULL,"0.00","2026-03-06 18:01:49.203051+00"
"117600",8558,"2026-03-06 14:28:53.167+00","40.25329170","71.75156000",NULL,"21.19",NULL,NULL,NULL,NULL,False,NULL,NULL,"71.47","2026-03-06 18:01:48.92768+00"
"117597",8558,"2026-03-06 14:28:49.168+00","40.25265170","71.75148170",NULL,"20.97",NULL,NULL,NULL,NULL,False,NULL,NULL,"58.75","2026-03-06 18:01:48.927679+00"
"117598",8558,"2026-03-06 14:28:49.168+00","40.25265170","71.75148170",NULL,"20.97",NULL,NULL,NULL,NULL,False,NULL,NULL,"0.00","2026-03-06 18:01:48.927679+00"
"117599",8558,"2026-03-06 14:28:49.168+00","40.25265170","71.75148170",NULL,"20.97",NULL,NULL,NULL,NULL,False,NULL,NULL,"0.00","2026-03-06 18:01:48.927679+00"
"117596",8558,"2026-03-06 14:28:46.17+00","40.25213830","71.75131830",NULL,"20.98",NULL,NULL,NULL,NULL,False,NULL,NULL,"56.01","2026-03-06 18:01:48.927679+00"
"117593",8558,"2026-03-06 14:28:44.171+00","40.25163670","71.75125830",NULL,"21.09",NULL,NULL,NULL,NULL,False,NULL,NULL,"62.95","2026-03-06 18:01:48.927678+00"
"117594",8558,"2026-03-06 14:28:44.171+00","40.25163670","71.75125830",NULL,"21.09",NULL,NULL,NULL,NULL,False,NULL,NULL,"0.00","2026-03-06 18:01:48.927678+00"
"117595",8558,"2026-03-06 14:28:44.171+00","40.25163670","71.75125830",NULL,"21.09",NULL,NULL,NULL,NULL,False,NULL,NULL,"0.00","2026-03-06 18:01:48.927678+00"
"117592",8558,"2026-03-06 14:28:41.172+00","40.25108170","71.75111170",NULL,"21.28",NULL,NULL,NULL,NULL,False,NULL,NULL,"66.01","2026-03-06 18:01:48.927678+00"
"117589",8558,"2026-03-06 14:28:38.168+00","40.25051830","71.75086670",NULL,"21.27",NULL,NULL,NULL,NULL,False,NULL,NULL,"57.91","2026-03-06 18:01:48.927677+00"
"117590",8558,"2026-03-06 14:28:38.168+00","40.25051830","71.75086670",NULL,"21.27",NULL,NULL,NULL,NULL,False,NULL,NULL,"0.00","2026-03-06 18:01:48.927677+00"
"117591",8558,"2026-03-06 14:28:38.168+00","40.25051830","71.75086670",NULL,"21.27",NULL,NULL,NULL,NULL,False,NULL,NULL,"0.00","2026-03-06 18:01:48.927677+00"
"117588",8558,"2026-03-06 14:28:35.456+00","40.25000830","71.75072830",NULL,"20.93",NULL,NULL,NULL,NULL,False,NULL,NULL,"67.75","2026-03-06 18:01:48.927677+00"
"117585",8558,"2026-03-06 14:28:32.17+00","40.24942330","71.75050500",NULL,"20.63",NULL,NULL,NULL,NULL,False,NULL,NULL,"61.28","2026-03-06 18:01:48.927676+00"
"117586",8558,"2026-03-06 14:28:32.17+00","40.24942330","71.75050500",NULL,"20.63",NULL,NULL,NULL,NULL,False,NULL,NULL,"0.00","2026-03-06 18:01:48.927676+00"
"117587",8558,"2026-03-06 14:28:32.17+00","40.24942330","71.75050500",NULL,"20.63",NULL,NULL,NULL,NULL,False,NULL,NULL,"0.00","2026-03-06 18:01:48.927676+00"
"117584",8558,"2026-03-06 14:28:29.171+00","40.24888500","71.75035000",NULL,"20.43",NULL,NULL,NULL,NULL,False,NULL,NULL,"62.62","2026-03-06 18:01:48.927675+00"
"117581",8558,"2026-03-06 14:28:26.167+00","40.24833670","71.75018170",NULL,"20.79",NULL,NULL,NULL,NULL,False,NULL,NULL,"62.16","2026-03-06 18:01:48.927674+00"
"117582",8558,"2026-03-06 14:28:26.167+00","40.24833670","71.75018170",NULL,"20.79",NULL,NULL,NULL,NULL,False,NULL,NULL,"0.00","2026-03-06 18:01:48.927674+00"
"117583",8558,"2026-03-06 14:28:26.167+00","40.24833670","71.75018170",NULL,"20.79",NULL,NULL,NULL,NULL,False,NULL,NULL,"0.00","2026-03-06 18:01:48.927674+00"
"117580",8558,"2026-03-06 14:28:23.169+00","40.24779330","71.75001000",NULL,"20.61",NULL,NULL,NULL,NULL,False,NULL,NULL,"83.86","2026-03-06 18:01:48.927674+00"
"117577",8558,"2026-03-06 14:28:19.17+00","40.24706500","71.74975330",NULL,"20.63",NULL,NULL,NULL,NULL,False,NULL,NULL,"142.77","2026-03-06 18:01:48.927673+00"
"117578",8558,"2026-03-06 14:28:19.17+00","40.24706500","71.74975330",NULL,"20.63",NULL,NULL,NULL,NULL,False,NULL,NULL,"0.00","2026-03-06 18:01:48.927673+00"
"117579",8558,"2026-03-06 14:28:19.17+00","40.24706500","71.74975330",NULL,"20.63",NULL,NULL,NULL,NULL,False,NULL,NULL,"0.00","2026-03-06 18:01:48.927673+00"
"117575",8558,"2026-03-06 14:28:15.172+00","40.24580000","71.74946500",NULL,"21.23",NULL,NULL,NULL,NULL,False,NULL,NULL,"53.87","2026-03-06 18:01:48.927673+00"
"117576",8558,"2026-03-06 14:28:15.172+00","40.24580000","71.74946500",NULL,"21.23",NULL,NULL,NULL,NULL,False,NULL,NULL,"0.00","2026-03-06 18:01:48.927673+00"
"117574",8558,"2026-03-06 14:28:14.499+00","40.24532330","71.74935170",NULL,"20.98",NULL,NULL,NULL,NULL,False,NULL,NULL,"72.65","2026-03-06 18:01:48.927672+00"
"117571",8558,"2026-03-06 14:28:13.172+00","40.24597330","71.74943830",NULL,"21.38",NULL,NULL,NULL,NULL,False,NULL,NULL,"61.25","2026-03-06 18:01:48.927671+00"
"117572",8558,"2026-03-06 14:28:13.172+00","40.24597330","71.74943830",NULL,"21.38",NULL,NULL,NULL,NULL,False,NULL,NULL,"0.00","2026-03-06 18:01:48.927672+00"
"117573",8558,"2026-03-06 14:28:13.172+00","40.24597330","71.74943830",NULL,"21.38",NULL,NULL,NULL,NULL,False,NULL,NULL,"0.00","2026-03-06 18:01:48.927672+00"
"117570",8558,"2026-03-06 14:28:10.168+00","40.24543830","71.74926670",NULL,"21.12",NULL,NULL,NULL,NULL,False,NULL,NULL,"66.51","2026-03-06 18:01:48.927671+00"
"117567",8558,"2026-03-06 14:28:07.17+00","40.24485830","71.74907500",NULL,"21.17",NULL,NULL,NULL,NULL,False,NULL,NULL,"62.59","2026-03-06 18:01:48.927669+00"
"117568",8558,"2026-03-06 14:28:07.17+00","40.24485830","71.74907500",NULL,"21.17",NULL,NULL,NULL,NULL,False,NULL,NULL,"0.00","2026-03-06 18:01:48.927671+00"
"117569",8558,"2026-03-06 14:28:07.17+00","40.24485830","71.74907500",NULL,"21.17",NULL,NULL,NULL,NULL,False,NULL,NULL,"0.00","2026-03-06 18:01:48.927671+00"
"117566",8558,"2026-03-06 14:28:04.172+00","40.24431000","71.74890830",NULL,"20.89",NULL,NULL,NULL,NULL,False,NULL,NULL,"61.82","2026-03-06 18:01:48.927669+00"
"117563",8558,"2026-03-06 14:28:01.166+00","40.24377500","71.74871000",NULL,"20.87",NULL,NULL,NULL,NULL,False,NULL,NULL,"60.73","2026-03-06 18:01:48.927668+00"
"117564",8558,"2026-03-06 14:28:01.166+00","40.24377500","71.74871000",NULL,"20.87",NULL,NULL,NULL,NULL,False,NULL,NULL,"0.00","2026-03-06 18:01:48.927668+00"
"117565",8558,"2026-03-06 14:28:01.166+00","40.24377500","71.74871000",NULL,"20.87",NULL,NULL,NULL,NULL,False,NULL,NULL,"0.00","2026-03-06 18:01:48.927669+00"
"117562",8558,"2026-03-06 14:27:58.171+00","40.24325330","71.74849830",NULL,"20.62",NULL,NULL,NULL,NULL,False,NULL,NULL,"68.65","2026-03-06 18:01:48.927668+00"
"117559",8558,"2026-03-06 14:27:55.171+00","40.24264000","71.74840500",NULL,"20.84",NULL,NULL,NULL,NULL,False,NULL,NULL,"63.10","2026-03-06 18:01:48.927667+00"
"117560",8558,"2026-03-06 14:27:55.171+00","40.24264000","71.74840500",NULL,"20.84",NULL,NULL,NULL,NULL,False,NULL,NULL,"0.00","2026-03-06 18:01:48.927667+00"
"117561",8558,"2026-03-06 14:27:55.171+00","40.24264000","71.74840500",NULL,"20.84",NULL,NULL,NULL,NULL,False,NULL,NULL,"0.00","2026-03-06 18:01:48.927668+00"
"117558",8558,"2026-03-06 14:27:52.17+00","40.24208670","71.74824000",NULL,"20.83",NULL,NULL,NULL,NULL,False,NULL,NULL,"60.40","2026-03-06 18:01:48.927667+00"
"117555",8558,"2026-03-06 14:27:49.172+00","40.24156500","71.74804170",NULL,"20.55",NULL,NULL,NULL,NULL,False,NULL,NULL,"61.72","2026-03-06 18:01:48.927666+00"
"117556",8558,"2026-03-06 14:27:49.172+00","40.24156500","71.74804170",NULL,"20.55",NULL,NULL,NULL,NULL,False,NULL,NULL,"0.00","2026-03-06 18:01:48.927666+00"
"117557",8558,"2026-03-06 14:27:49.172+00","40.24156500","71.74804170",NULL,"20.55",NULL,NULL,NULL,NULL,False,NULL,NULL,"0.00","2026-03-06 18:01:48.927666+00"
"117554",8558,"2026-03-06 14:27:46.168+00","40.24102330","71.74788330",NULL,"20.40",NULL,NULL,NULL,NULL,False,NULL,NULL,"59.09","2026-03-06 18:01:48.927665+00"
"117551",8558,"2026-03-06 14:27:43.173+00","40.24050670","71.74772000",NULL,"19.76",NULL,NULL,NULL,NULL,False,NULL,NULL,"59.27","2026-03-06 18:01:48.927664+00"
"117552",8558,"2026-03-06 14:27:43.173+00","40.24050670","71.74772000",NULL,"19.76",NULL,NULL,NULL,NULL,False,NULL,NULL,"0.00","2026-03-06 18:01:48.927665+00"
"117553",8558,"2026-03-06 14:27:43.173+00","40.24050670","71.74772000",NULL,"19.76",NULL,NULL,NULL,NULL,False,NULL,NULL,"0.00","2026-03-06 18:01:48.927665+00"
"117550",8558,"2026-03-06 14:27:40.169+00","40.23998670","71.74756670",NULL,"19.44",NULL,NULL,NULL,NULL,False,NULL,NULL,"56.12","2026-03-06 18:01:48.624348+00"
"117547",8558,"2026-03-06 14:27:37.169+00","40.23949830","71.74740000",NULL,"19.27",NULL,NULL,NULL,NULL,False,NULL,NULL,"57.64","2026-03-06 18:01:48.624348+00"
"117548",8558,"2026-03-06 14:27:37.169+00","40.23949830","71.74740000",NULL,"19.27",NULL,NULL,NULL,NULL,False,NULL,NULL,"0.00","2026-03-06 18:01:48.624348+00"
"117549",8558,"2026-03-06 14:27:37.169+00","40.23949830","71.74740000",NULL,"19.27",NULL,NULL,NULL,NULL,False,NULL,NULL,"0.00","2026-03-06 18:01:48.624348+00"
"117546",8558,"2026-03-06 14:27:34.169+00","40.23899000","71.74726670",NULL,"19.51",NULL,NULL,NULL,NULL,False,NULL,NULL,"60.67","2026-03-06 18:01:48.624347+00"
"117543",8558,"2026-03-06 14:27:31.175+00","40.23847170","71.74704330",NULL,"19.20",NULL,NULL,NULL,NULL,False,NULL,NULL,"58.69","2026-03-06 18:01:48.624347+00"
"117544",8558,"2026-03-06 14:27:31.175+00","40.23847170","71.74704330",NULL,"19.20",NULL,NULL,NULL,NULL,False,NULL,NULL,"0.00","2026-03-06 18:01:48.624347+00"
"117545",8558,"2026-03-06 14:27:31.175+00","40.23847170","71.74704330",NULL,"19.20",NULL,NULL,NULL,NULL,False,NULL,NULL,"0.00","2026-03-06 18:01:48.624347+00"
"117542",8558,"2026-03-06 14:27:28.174+00","40.23795670","71.74689170",NULL,"19.40",NULL,NULL,NULL,NULL,False,NULL,NULL,"77.55","2026-03-06 18:01:48.624346+00"
"117539",8558,"2026-03-06 14:27:24.169+00","40.23728170","71.74666170",NULL,"19.49",NULL,NULL,NULL,NULL,False,NULL,NULL,"59.19","2026-03-06 18:01:48.624346+00"
"117540",8558,"2026-03-06 14:27:24.169+00","40.23728170","71.74666170",NULL,"19.49",NULL,NULL,NULL,NULL,False,NULL,NULL,"0.00","2026-03-06 18:01:48.624346+00"
"117541",8558,"2026-03-06 14:27:24.169+00","40.23728170","71.74666170",NULL,"19.49",NULL,NULL,NULL,NULL,False,NULL,NULL,"0.00","2026-03-06 18:01:48.624346+00"
"117538",8558,"2026-03-06 14:27:21.167+00","40.23676330","71.74650330",NULL,"19.76",NULL,NULL,NULL,NULL,False,NULL,NULL,"58.01","2026-03-06 18:01:48.624345+00"
"117535",8558,"2026-03-06 14:27:18.168+00","40.23626000","71.74632330",NULL,"19.80",NULL,NULL,NULL,NULL,False,NULL,NULL,"59.95","2026-03-06 18:01:48.624344+00"
"117536",8558,"2026-03-06 14:27:18.168+00","40.23626000","71.74632330",NULL,"19.80",NULL,NULL,NULL,NULL,False,NULL,NULL,"0.00","2026-03-06 18:01:48.624344+00"
"117537",8558,"2026-03-06 14:27:18.168+00","40.23626000","71.74632330",NULL,"19.80",NULL,NULL,NULL,NULL,False,NULL,NULL,"0.00","2026-03-06 18:01:48.624344+00"
"117534",8558,"2026-03-06 14:27:15.169+00","40.23573670","71.74615330",NULL,"19.69",NULL,NULL,NULL,NULL,False,NULL,NULL,"61.77","2026-03-06 18:01:48.624343+00"
"117531",8558,"2026-03-06 14:27:12.168+00","40.23520330","71.74595000",NULL,"19.73",NULL,NULL,NULL,NULL,False,NULL,NULL,"59.21","2026-03-06 18:01:48.624343+00"
"117532",8558,"2026-03-06 14:27:12.168+00","40.23520330","71.74595000",NULL,"19.73",NULL,NULL,NULL,NULL,False,NULL,NULL,"0.00","2026-03-06 18:01:48.624343+00"
"117533",8558,"2026-03-06 14:27:12.168+00","40.23520330","71.74595000",NULL,"19.73",NULL,NULL,NULL,NULL,False,NULL,NULL,"0.00","2026-03-06 18:01:48.624343+00"
"117530",8558,"2026-03-06 14:27:09.171+00","40.23469170","71.74575670",NULL,"19.36",NULL,NULL,NULL,NULL,False,NULL,NULL,"57.86","2026-03-06 18:01:48.624342+00"
"117527",8558,"2026-03-06 14:27:06.169+00","40.23418330","71.74561170",NULL,"19.24",NULL,NULL,NULL,NULL,False,NULL,NULL,"58.34","2026-03-06 18:01:48.624342+00"
"117528",8558,"2026-03-06 14:27:06.169+00","40.23418330","71.74561170",NULL,"19.24",NULL,NULL,NULL,NULL,False,NULL,NULL,"0.00","2026-03-06 18:01:48.624342+00"
"117529",8558,"2026-03-06 14:27:06.169+00","40.23418330","71.74561170",NULL,"19.24",NULL,NULL,NULL,NULL,False,NULL,NULL,"0.00","2026-03-06 18:01:48.624342+00"
"117526",8558,"2026-03-06 14:27:03.171+00","40.23369170","71.74537170",NULL,"18.90",NULL,NULL,NULL,NULL,False,NULL,NULL,"55.95","2026-03-06 18:01:48.624341+00"
"117522",8558,"2026-03-06 14:27:00.167+00","40.23322670","71.74512000",NULL,"18.44",NULL,NULL,NULL,NULL,False,NULL,NULL,"52.38","2026-03-06 18:01:48.624341+00"
"117523",8558,"2026-03-06 14:27:00.167+00","40.23322670","71.74512000",NULL,"18.44",NULL,NULL,NULL,NULL,False,NULL,NULL,"0.00","2026-03-06 18:01:48.624341+00"
"117524",8558,"2026-03-06 14:27:00.167+00","40.23322670","71.74512000",NULL,"18.44",NULL,NULL,NULL,NULL,False,NULL,NULL,"0.00","2026-03-06 18:01:48.624341+00"
"117525",8558,"2026-03-06 14:27:00.167+00","40.23322670","71.74512000",NULL,"18.44",NULL,NULL,NULL,NULL,False,NULL,NULL,"0.00","2026-03-06 18:01:48.624341+00"
"117519",8558,"2026-03-06 14:26:57.172+00","40.23279170","71.74488330",NULL,"17.18",NULL,NULL,NULL,NULL,False,NULL,NULL,"50.97","2026-03-06 18:01:48.624339+00"
"117520",8558,"2026-03-06 14:26:57.172+00","40.23279170","71.74488330",NULL,"17.18",NULL,NULL,NULL,NULL,False,NULL,NULL,"0.00","2026-03-06 18:01:48.62434+00"
"117521",8558,"2026-03-06 14:26:57.172+00","40.23279170","71.74488330",NULL,"17.18",NULL,NULL,NULL,NULL,False,NULL,NULL,"0.00","2026-03-06 18:01:48.62434+00"
"117518",8558,"2026-03-06 14:26:54.168+00","40.23236830","71.74465330",NULL,"15.12",NULL,NULL,NULL,NULL,False,NULL,NULL,"65.74","2026-03-06 18:01:48.624338+00"
"117514",8558,"2026-03-06 14:26:50.173+00","40.23183170","71.74432830",NULL,"13.10",NULL,NULL,NULL,NULL,False,NULL,NULL,"33.98","2026-03-06 18:01:48.624337+00"
"117515",8558,"2026-03-06 14:26:50.173+00","40.23183170","71.74432830",NULL,"13.10",NULL,NULL,NULL,NULL,False,NULL,NULL,"0.00","2026-03-06 18:01:48.624337+00"
"117516",8558,"2026-03-06 14:26:50.173+00","40.23183170","71.74432830",NULL,"13.10",NULL,NULL,NULL,NULL,False,NULL,NULL,"0.00","2026-03-06 18:01:48.624338+00"
"117517",8558,"2026-03-06 14:26:50.173+00","40.23183170","71.74432830",NULL,"13.10",NULL,NULL,NULL,NULL,False,NULL,NULL,"0.00","2026-03-06 18:01:48.624338+00"
"117513",8558,"2026-03-06 14:26:47.169+00","40.23155000","71.74417330",NULL,"8.33",NULL,NULL,NULL,NULL,False,NULL,NULL,"37.85","2026-03-06 18:01:48.624337+00"
"117509",8558,"2026-03-06 14:26:24.168+00","40.23122330","71.74404830",NULL,"8.42",NULL,NULL,NULL,NULL,False,NULL,NULL,"41.33","2026-03-06 18:01:48.624336+00"
"117510",8558,"2026-03-06 14:26:24.168+00","40.23122330","71.74404830",NULL,"8.42",NULL,NULL,NULL,NULL,False,NULL,NULL,"0.00","2026-03-06 18:01:48.624336+00"
"117511",8558,"2026-03-06 14:26:24.168+00","40.23122330","71.74404830",NULL,"8.42",NULL,NULL,NULL,NULL,False,NULL,NULL,"0.00","2026-03-06 18:01:48.624336+00"
"117512",8558,"2026-03-06 14:26:24.168+00","40.23122330","71.74404830",NULL,"8.42",NULL,NULL,NULL,NULL,False,NULL,NULL,"0.00","2026-03-06 18:01:48.624337+00"
"117508",8558,"2026-03-06 14:26:20.171+00","40.23088330","71.74385170",NULL,"15.42",NULL,NULL,NULL,NULL,False,NULL,NULL,"46.37","2026-03-06 18:01:48.624336+00"
"117504",8558,"2026-03-06 14:26:17.167+00","40.23048500","71.74369000",NULL,"17.41",NULL,NULL,NULL,NULL,False,NULL,NULL,"50.60","2026-03-06 18:01:48.624334+00"
"117505",8558,"2026-03-06 14:26:17.167+00","40.23048500","71.74369000",NULL,"17.41",NULL,NULL,NULL,NULL,False,NULL,NULL,"0.00","2026-03-06 18:01:48.624334+00"
"117506",8558,"2026-03-06 14:26:17.167+00","40.23048500","71.74369000",NULL,"17.41",NULL,NULL,NULL,NULL,False,NULL,NULL,"0.00","2026-03-06 18:01:48.624335+00"
"117507",8558,"2026-03-06 14:26:17.167+00","40.23048500","71.74369000",NULL,"17.41",NULL,NULL,NULL,NULL,False,NULL,NULL,"0.00","2026-03-06 18:01:48.624335+00"
"117501",8558,"2026-03-06 14:26:14.17+00","40.23013330","71.74331170",NULL,"17.68",NULL,NULL,NULL,NULL,False,NULL,NULL,"54.35","2026-03-06 18:01:48.62433+00"
"117502",8558,"2026-03-06 14:26:14.17+00","40.23013330","71.74331170",NULL,"17.68",NULL,NULL,NULL,NULL,False,NULL,NULL,"0.00","2026-03-06 18:01:48.624334+00"
"117503",8558,"2026-03-06 14:26:14.17+00","40.23013330","71.74331170",NULL,"17.68",NULL,NULL,NULL,NULL,False,NULL,NULL,"0.00","2026-03-06 18:01:48.624334+00"
"117500",8558,"2026-03-06 14:26:11.167+00","40.22968330","71.74306170",NULL,"18.11",NULL,NULL,NULL,NULL,False,NULL,NULL,"67.02","2026-03-06 18:01:48.293391+00"
"117497",8558,"2026-03-06 14:26:07.171+00","40.22914000","71.74272000",NULL,"18.12",NULL,NULL,NULL,NULL,False,NULL,NULL,"52.82","2026-03-06 18:01:48.293389+00"
"117498",8558,"2026-03-06 14:26:07.171+00","40.22914000","71.74272000",NULL,"18.12",NULL,NULL,NULL,NULL,False,NULL,NULL,"0.00","2026-03-06 18:01:48.293389+00"
"117499",8558,"2026-03-06 14:26:07.171+00","40.22914000","71.74272000",NULL,"18.12",NULL,NULL,NULL,NULL,False,NULL,NULL,"0.00","2026-03-06 18:01:48.29339+00"
"117496",8558,"2026-03-06 14:26:04.168+00","40.22870670","71.74246500",NULL,"17.97",NULL,NULL,NULL,NULL,False,NULL,NULL,"62.54","2026-03-06 18:01:48.293388+00"
"117493",8558,"2026-03-06 14:26:01.17+00","40.22819830","71.74215000",NULL,"18.04",NULL,NULL,NULL,NULL,False,NULL,NULL,"54.91","2026-03-06 18:01:48.293385+00"
"117494",8558,"2026-03-06 14:26:01.17+00","40.22819830","71.74215000",NULL,"18.04",NULL,NULL,NULL,NULL,False,NULL,NULL,"0.00","2026-03-06 18:01:48.293387+00"
"117495",8558,"2026-03-06 14:26:01.17+00","40.22819830","71.74215000",NULL,"18.04",NULL,NULL,NULL,NULL,False,NULL,NULL,"0.00","2026-03-06 18:01:48.293387+00"
"117492",8558,"2026-03-06 14:25:58.168+00","40.22774500","71.74189330",NULL,"18.41",NULL,NULL,NULL,NULL,False,NULL,NULL,"63.18","2026-03-06 18:01:48.293384+00"
"117489",8558,"2026-03-06 14:25:54.166+00","40.22727000","71.74148500",NULL,"18.96",NULL,NULL,NULL,NULL,False,NULL,NULL,"53.65","2026-03-06 18:01:48.293382+00"
"117490",8558,"2026-03-06 14:25:54.166+00","40.22727000","71.74148500",NULL,"18.96",NULL,NULL,NULL,NULL,False,NULL,NULL,"0.00","2026-03-06 18:01:48.293383+00"
"117491",8558,"2026-03-06 14:25:54.166+00","40.22727000","71.74148500",NULL,"18.96",NULL,NULL,NULL,NULL,False,NULL,NULL,"0.00","2026-03-06 18:01:48.293383+00"
"117488",8558,"2026-03-06 14:25:51.167+00","40.22684000","71.74119830",NULL,"18.91",NULL,NULL,NULL,NULL,False,NULL,NULL,"54.72","2026-03-06 18:01:48.293381+00"
"117485",8558,"2026-03-06 14:25:49.17+00","40.22635830","71.74106670",NULL,"18.58",NULL,NULL,NULL,NULL,False,NULL,NULL,"58.50","2026-03-06 18:01:48.293379+00"
"117486",8558,"2026-03-06 14:25:49.17+00","40.22635830","71.74106670",NULL,"18.58",NULL,NULL,NULL,NULL,False,NULL,NULL,"0.00","2026-03-06 18:01:48.29338+00"
"117487",8558,"2026-03-06 14:25:49.17+00","40.22635830","71.74106670",NULL,"18.58",NULL,NULL,NULL,NULL,False,NULL,NULL,"0.00","2026-03-06 18:01:48.29338+00"
"117484",8558,"2026-03-06 14:25:46.17+00","40.22589170","71.74074830",NULL,"18.18",NULL,NULL,NULL,NULL,False,NULL,NULL,"70.83","2026-03-06 18:01:48.293379+00"
"117480",8558,"2026-03-06 14:25:42.168+00","40.22531170","71.74040330",NULL,"17.83",NULL,NULL,NULL,NULL,False,NULL,NULL,"54.58","2026-03-06 18:01:48.293376+00"
"117481",8558,"2026-03-06 14:25:42.168+00","40.22531170","71.74040330",NULL,"17.83",NULL,NULL,NULL,NULL,False,NULL,NULL,"0.00","2026-03-06 18:01:48.293376+00"
"117482",8558,"2026-03-06 14:25:42.168+00","40.22531170","71.74040330",NULL,"17.83",NULL,NULL,NULL,NULL,False,NULL,NULL,"0.00","2026-03-06 18:01:48.293377+00"
"117483",8558,"2026-03-06 14:25:42.168+00","40.22531170","71.74040330",NULL,"17.83",NULL,NULL,NULL,NULL,False,NULL,NULL,"0.00","2026-03-06 18:01:48.293377+00"
"117477",8558,"2026-03-06 14:25:39.173+00","40.22486330","71.74014170",NULL,"17.09",NULL,NULL,NULL,NULL,False,NULL,NULL,"51.10","2026-03-06 18:01:48.293374+00"
"117478",8558,"2026-03-06 14:25:39.173+00","40.22486330","71.74014170",NULL,"17.09",NULL,NULL,NULL,NULL,False,NULL,NULL,"0.00","2026-03-06 18:01:48.293375+00"
"117479",8558,"2026-03-06 14:25:39.173+00","40.22486330","71.74014170",NULL,"17.09",NULL,NULL,NULL,NULL,False,NULL,NULL,"0.00","2026-03-06 18:01:48.293375+00"
"117476",8558,"2026-03-06 14:25:36.173+00","40.22444830","71.73988330",NULL,"16.08",NULL,NULL,NULL,NULL,False,NULL,NULL,"56.00","2026-03-06 18:01:48.293373+00"
"117473",8558,"2026-03-06 14:25:32.171+00","40.22398170","71.73963500",NULL,"15.58",NULL,NULL,NULL,NULL,False,NULL,NULL,"46.04","2026-03-06 18:01:48.29337+00"
"117474",8558,"2026-03-06 14:25:32.171+00","40.22398170","71.73963500",NULL,"15.58",NULL,NULL,NULL,NULL,False,NULL,NULL,"0.00","2026-03-06 18:01:48.29337+00"
"117475",8558,"2026-03-06 14:25:32.171+00","40.22398170","71.73963500",NULL,"15.58",NULL,NULL,NULL,NULL,False,NULL,NULL,"0.00","2026-03-06 18:01:48.293371+00"
"117472",8558,"2026-03-06 14:25:29.167+00","40.22360500","71.73941000",NULL,"15.53",NULL,NULL,NULL,NULL,False,NULL,NULL,"51.03","2026-03-06 18:01:48.293369+00"
"117469",8558,"2026-03-06 14:25:26.171+00","40.22319500","71.73914000",NULL,"15.92",NULL,NULL,NULL,NULL,False,NULL,NULL,"47.89","2026-03-06 18:01:48.293367+00"
"117470",8558,"2026-03-06 14:25:26.171+00","40.22319500","71.73914000",NULL,"15.92",NULL,NULL,NULL,NULL,False,NULL,NULL,"0.00","2026-03-06 18:01:48.293367+00"
"117471",8558,"2026-03-06 14:25:26.171+00","40.22319500","71.73914000",NULL,"15.92",NULL,NULL,NULL,NULL,False,NULL,NULL,"0.00","2026-03-06 18:01:48.293368+00"
"117468",8558,"2026-03-06 14:25:23.171+00","40.22280170","71.73891000",NULL,"15.59",NULL,NULL,NULL,NULL,False,NULL,NULL,"49.88","2026-03-06 18:01:48.293366+00"
"117465",8558,"2026-03-06 14:25:20.17+00","40.22239170","71.73867170",NULL,"16.45",NULL,NULL,NULL,NULL,False,NULL,NULL,"48.87","2026-03-06 18:01:48.293364+00"
"117466",8558,"2026-03-06 14:25:20.17+00","40.22239170","71.73867170",NULL,"16.45",NULL,NULL,NULL,NULL,False,NULL,NULL,"0.00","2026-03-06 18:01:48.293364+00"
"117467",8558,"2026-03-06 14:25:20.17+00","40.22239170","71.73867170",NULL,"16.45",NULL,NULL,NULL,NULL,False,NULL,NULL,"0.00","2026-03-06 18:01:48.293365+00"
"117464",8558,"2026-03-06 14:25:17.168+00","40.22199170","71.73843330",NULL,"16.63",NULL,NULL,NULL,NULL,False,NULL,NULL,"50.73","2026-03-06 18:01:48.293363+00"
"117460",8558,"2026-03-06 14:25:14.168+00","40.22158670","71.73815830",NULL,"17.49",NULL,NULL,NULL,NULL,False,NULL,NULL,"54.54","2026-03-06 18:01:48.293361+00"
"117461",8558,"2026-03-06 14:25:14.168+00","40.22158670","71.73815830",NULL,"17.49",NULL,NULL,NULL,NULL,False,NULL,NULL,"0.00","2026-03-06 18:01:48.293361+00"
"117462",8558,"2026-03-06 14:25:14.168+00","40.22158670","71.73815830",NULL,"17.49",NULL,NULL,NULL,NULL,False,NULL,NULL,"0.00","2026-03-06 18:01:48.293362+00"
"117463",8558,"2026-03-06 14:25:14.168+00","40.22158670","71.73815830",NULL,"17.49",NULL,NULL,NULL,NULL,False,NULL,NULL,"0.00","2026-03-06 18:01:48.293362+00"
"117459",8558,"2026-03-06 14:25:11.161+00","40.22113330","71.73791330",NULL,"18.28",NULL,NULL,NULL,NULL,False,NULL,NULL,"53.73","2026-03-06 18:01:48.293359+00"
"117456",8558,"2026-03-06 14:25:08.158+00","40.22069330","71.73765170",NULL,"18.61",NULL,NULL,NULL,NULL,False,NULL,NULL,"53.91","2026-03-06 18:01:48.293352+00"
"117457",8558,"2026-03-06 14:25:08.158+00","40.22069330","71.73765170",NULL,"18.61",NULL,NULL,NULL,NULL,False,NULL,NULL,"0.00","2026-03-06 18:01:48.293353+00"
"117458",8558,"2026-03-06 14:25:08.158+00","40.22069330","71.73765170",NULL,"18.61",NULL,NULL,NULL,NULL,False,NULL,NULL,"0.00","2026-03-06 18:01:48.293359+00"
"117455",8558,"2026-03-06 14:25:05.159+00","40.22025330","71.73738500",NULL,"18.10",NULL,NULL,NULL,NULL,False,NULL,NULL,"55.31","2026-03-06 18:01:48.29335+00"
"117452",8558,"2026-03-06 14:25:02.168+00","40.21980000","71.73711670",NULL,"17.78",NULL,NULL,NULL,NULL,False,NULL,NULL,"54.60","2026-03-06 18:01:48.293348+00"
"117453",8558,"2026-03-06 14:25:02.168+00","40.21980000","71.73711670",NULL,"17.78",NULL,NULL,NULL,NULL,False,NULL,NULL,"0.00","2026-03-06 18:01:48.293349+00"
"117454",8558,"2026-03-06 14:25:02.168+00","40.21980000","71.73711670",NULL,"17.78",NULL,NULL,NULL,NULL,False,NULL,NULL,"0.00","2026-03-06 18:01:48.293349+00"
"117451",8558,"2026-03-06 14:24:59.169+00","40.21935500","71.73684500",NULL,"18.24",NULL,NULL,NULL,NULL,False,NULL,NULL,"53.61","2026-03-06 18:01:48.293346+00"
"117448",8558,"2026-03-06 14:24:56.171+00","40.21890500","71.73661830",NULL,"18.17",NULL,NULL,NULL,NULL,False,NULL,NULL,"55.65","2026-03-06 18:01:48.019144+00"
"117449",8558,"2026-03-06 14:24:56.171+00","40.21890500","71.73661830",NULL,"18.17",NULL,NULL,NULL,NULL,False,NULL,NULL,"0.00","2026-03-06 18:01:48.019144+00"
"117450",8558,"2026-03-06 14:24:56.171+00","40.21890500","71.73661830",NULL,"18.17",NULL,NULL,NULL,NULL,False,NULL,NULL,"0.00","2026-03-06 18:01:48.019144+00"
"117447",8558,"2026-03-06 14:24:53.169+00","40.21844670","71.73635500",NULL,"18.88",NULL,NULL,NULL,NULL,False,NULL,NULL,"59.52","2026-03-06 18:01:48.019143+00"
"117444",8558,"2026-03-06 14:24:50.168+00","40.21795330","71.73608330",NULL,"19.33",NULL,NULL,NULL,NULL,False,NULL,NULL,"60.58","2026-03-06 18:01:48.019143+00"
"117445",8558,"2026-03-06 14:24:50.168+00","40.21795330","71.73608330",NULL,"19.33",NULL,NULL,NULL,NULL,False,NULL,NULL,"0.00","2026-03-06 18:01:48.019143+00"
"117446",8558,"2026-03-06 14:24:50.168+00","40.21795330","71.73608330",NULL,"19.33",NULL,NULL,NULL,NULL,False,NULL,NULL,"0.00","2026-03-06 18:01:48.019143+00"
"117443",8558,"2026-03-06 14:24:47.165+00","40.21745000","71.73581000",NULL,"20.05",NULL,NULL,NULL,NULL,False,NULL,NULL,"56.45","2026-03-06 18:01:48.019142+00"
"117440",8558,"2026-03-06 14:24:44.168+00","40.21701000","71.73547830",NULL,"20.28",NULL,NULL,NULL,NULL,False,NULL,NULL,"60.86","2026-03-06 18:01:48.019142+00"
"117441",8558,"2026-03-06 14:24:44.168+00","40.21701000","71.73547830",NULL,"20.28",NULL,NULL,NULL,NULL,False,NULL,NULL,"0.00","2026-03-06 18:01:48.019142+00"
"117442",8558,"2026-03-06 14:24:44.168+00","40.21701000","71.73547830",NULL,"20.28",NULL,NULL,NULL,NULL,False,NULL,NULL,"0.00","2026-03-06 18:01:48.019142+00"
"117439",8558,"2026-03-06 14:24:41.17+00","40.21650830","71.73519170",NULL,"20.66",NULL,NULL,NULL,NULL,False,NULL,NULL,"81.88","2026-03-06 18:01:48.019141+00"
"117436",8558,"2026-03-06 14:24:37.171+00","40.21583830","71.73479170",NULL,"20.29",NULL,NULL,NULL,NULL,False,NULL,NULL,"62.06","2026-03-06 18:01:48.019141+00"
"117437",8558,"2026-03-06 14:24:37.171+00","40.21583830","71.73479170",NULL,"20.29",NULL,NULL,NULL,NULL,False,NULL,NULL,"0.00","2026-03-06 18:01:48.019141+00"
"117438",8558,"2026-03-06 14:24:37.171+00","40.21583830","71.73479170",NULL,"20.29",NULL,NULL,NULL,NULL,False,NULL,NULL,"0.00","2026-03-06 18:01:48.019141+00"
"117435",8558,"2026-03-06 14:24:34.168+00","40.21533170","71.73448500",NULL,"20.66",NULL,NULL,NULL,NULL,False,NULL,NULL,"80.91","2026-03-06 18:01:48.01914+00"
"117432",8558,"2026-03-06 14:24:30.17+00","40.21466170","71.73411330",NULL,"20.74",NULL,NULL,NULL,NULL,False,NULL,NULL,"60.94","2026-03-06 18:01:48.019139+00"
"117433",8558,"2026-03-06 14:24:30.17+00","40.21466170","71.73411330",NULL,"20.74",NULL,NULL,NULL,NULL,False,NULL,NULL,"0.00","2026-03-06 18:01:48.019139+00"
"117434",8558,"2026-03-06 14:24:30.17+00","40.21466170","71.73411330",NULL,"20.74",NULL,NULL,NULL,NULL,False,NULL,NULL,"0.00","2026-03-06 18:01:48.019139+00"
"117431",8558,"2026-03-06 14:24:27.171+00","40.21412830","71.73394830",NULL,"21.32",NULL,NULL,NULL,NULL,False,NULL,NULL,"57.60","2026-03-06 18:01:48.019138+00"
"117427",8558,"2026-03-06 14:24:25.169+00","40.21362170","71.73380670",NULL,"22.21",NULL,NULL,NULL,NULL,False,NULL,NULL,"79.36","2026-03-06 18:01:48.019138+00"
"117428",8558,"2026-03-06 14:24:25.169+00","40.21362170","71.73380670",NULL,"22.21",NULL,NULL,NULL,NULL,False,NULL,NULL,"0.00","2026-03-06 18:01:48.019138+00"
"117429",8558,"2026-03-06 14:24:25.169+00","40.21362170","71.73380670",NULL,"22.21",NULL,NULL,NULL,NULL,False,NULL,NULL,"0.00","2026-03-06 18:01:48.019138+00"
"117430",8558,"2026-03-06 14:24:25.169+00","40.21362170","71.73380670",NULL,"22.21",NULL,NULL,NULL,NULL,False,NULL,NULL,"0.00","2026-03-06 18:01:48.019138+00"
"117423",8558,"2026-03-06 14:24:21.168+00","40.21290830","71.73377830",NULL,"22.60",NULL,NULL,NULL,NULL,False,NULL,NULL,"68.61","2026-03-06 18:01:48.019137+00"
"117424",8558,"2026-03-06 14:24:21.168+00","40.21290830","71.73377830",NULL,"22.60",NULL,NULL,NULL,NULL,False,NULL,NULL,"0.00","2026-03-06 18:01:48.019137+00"
"117425",8558,"2026-03-06 14:24:21.168+00","40.21290830","71.73377830",NULL,"22.60",NULL,NULL,NULL,NULL,False,NULL,NULL,"0.00","2026-03-06 18:01:48.019137+00"
"117426",8558,"2026-03-06 14:24:21.168+00","40.21290830","71.73377830",NULL,"22.60",NULL,NULL,NULL,NULL,False,NULL,NULL,"0.00","2026-03-06 18:01:48.019137+00"
"117420",8558,"2026-03-06 14:24:18.171+00","40.21229330","71.73371330",NULL,"22.43",NULL,NULL,NULL,NULL,False,NULL,NULL,"66.63","2026-03-06 18:01:48.019136+00"
"117421",8558,"2026-03-06 14:24:18.171+00","40.21229330","71.73371330",NULL,"22.43",NULL,NULL,NULL,NULL,False,NULL,NULL,"0.00","2026-03-06 18:01:48.019136+00"
"117422",8558,"2026-03-06 14:24:18.171+00","40.21229330","71.73371330",NULL,"22.43",NULL,NULL,NULL,NULL,False,NULL,NULL,"0.00","2026-03-06 18:01:48.019136+00"
"117419",8558,"2026-03-06 14:24:15.157+00","40.21169830","71.73362000",NULL,"22.41",NULL,NULL,NULL,NULL,False,NULL,NULL,"58.56","2026-03-06 18:01:48.019136+00"
"117416",8558,"2026-03-06 14:24:12.158+00","40.21117170","71.73362830",NULL,"21.31",NULL,NULL,NULL,NULL,False,NULL,NULL,"56.44","2026-03-06 18:01:48.019134+00"
"117417",8558,"2026-03-06 14:24:12.158+00","40.21117170","71.73362830",NULL,"21.31",NULL,NULL,NULL,NULL,False,NULL,NULL,"0.00","2026-03-06 18:01:48.019134+00"
"117418",8558,"2026-03-06 14:24:12.158+00","40.21117170","71.73362830",NULL,"21.31",NULL,NULL,NULL,NULL,False,NULL,NULL,"0.00","2026-03-06 18:01:48.019135+00"
"117415",8558,"2026-03-06 14:24:09.441+00","40.21066500","71.73358830",NULL,"21.11",NULL,NULL,NULL,NULL,False,NULL,NULL,"64.72","2026-03-06 18:01:48.019133+00"
"117411",8558,"2026-03-06 14:24:07.169+00","40.21009330","71.73344500",NULL,"19.67",NULL,NULL,NULL,NULL,False,NULL,NULL,"52.60","2026-03-06 18:01:48.019133+00"
"117412",8558,"2026-03-06 14:24:07.169+00","40.21009330","71.73344500",NULL,"19.67",NULL,NULL,NULL,NULL,False,NULL,NULL,"0.00","2026-03-06 18:01:48.019133+00"
"117413",8558,"2026-03-06 14:24:07.169+00","40.21009330","71.73344500",NULL,"19.67",NULL,NULL,NULL,NULL,False,NULL,NULL,"0.00","2026-03-06 18:01:48.019133+00"
"117414",8558,"2026-03-06 14:24:07.169+00","40.21009330","71.73344500",NULL,"19.67",NULL,NULL,NULL,NULL,False,NULL,NULL,"0.00","2026-03-06 18:01:48.019133+00"
"117408",8558,"2026-03-06 14:24:04.169+00","40.20963000","71.73332000",NULL,"16.97",NULL,NULL,NULL,NULL,False,NULL,NULL,"47.07","2026-03-06 18:01:48.019132+00"
"117409",8558,"2026-03-06 14:24:04.169+00","40.20963000","71.73332000",NULL,"16.97",NULL,NULL,NULL,NULL,False,NULL,NULL,"0.00","2026-03-06 18:01:48.019132+00"
"117410",8558,"2026-03-06 14:24:04.169+00","40.20963000","71.73332000",NULL,"16.97",NULL,NULL,NULL,NULL,False,NULL,NULL,"0.00","2026-03-06 18:01:48.019132+00"
"117407",8558,"2026-03-06 14:24:01.169+00","40.20921170","71.73323500",NULL,"16.87",NULL,NULL,NULL,NULL,False,NULL,NULL,"55.58","2026-03-06 18:01:48.019131+00"
"117404",8558,"2026-03-06 14:23:58.166+00","40.20871330","71.73328500",NULL,"17.13",NULL,NULL,NULL,NULL,False,NULL,NULL,"49.56","2026-03-06 18:01:48.01913+00"
"117405",8558,"2026-03-06 14:23:58.166+00","40.20871330","71.73328500",NULL,"17.13",NULL,NULL,NULL,NULL,False,NULL,NULL,"0.00","2026-03-06 18:01:48.01913+00"
"117406",8558,"2026-03-06 14:23:58.166+00","40.20871330","71.73328500",NULL,"17.13",NULL,NULL,NULL,NULL,False,NULL,NULL,"0.00","2026-03-06 18:01:48.019131+00"
"117403",8558,"2026-03-06 14:23:55.171+00","40.20827000","71.73322500",NULL,"16.95",NULL,NULL,NULL,NULL,False,NULL,NULL,"56.87","2026-03-06 18:01:48.01913+00"
"117401",8558,"2026-03-06 14:23:52.171+00","40.20776000","71.73317500",NULL,"16.33",NULL,NULL,NULL,NULL,False,NULL,NULL,"0.00","2026-03-06 18:01:48.019129+00"
"117402",8558,"2026-03-06 14:23:52.171+00","40.20776000","71.73317500",NULL,"16.33",NULL,NULL,NULL,NULL,False,NULL,NULL,"0.00","2026-03-06 18:01:48.019129+00"
"117400",8558,"2026-03-06 14:23:52.171+00","40.20776000","71.73317500",NULL,"16.33",NULL,NULL,NULL,NULL,False,NULL,NULL,"52.87","2026-03-06 18:01:47.742694+00"
"117399",8558,"2026-03-06 14:23:49.168+00","40.20728670","71.73311500",NULL,"17.31",NULL,NULL,NULL,NULL,False,NULL,NULL,"54.56","2026-03-06 18:01:47.742693+00"
"117397",8558,"2026-03-06 14:23:45.935+00","40.20680000","71.73303330",NULL,"17.04",NULL,NULL,NULL,NULL,False,NULL,NULL,"27.25","2026-03-06 18:01:47.742693+00"
"117398",8558,"2026-03-06 14:23:45.935+00","40.20680000","71.73303330",NULL,"17.04",NULL,NULL,NULL,NULL,False,NULL,NULL,"0.00","2026-03-06 18:01:47.742693+00"
"117396",8558,"2026-03-06 14:23:44.157+00","40.20655500","71.73302500",NULL,"17.80",NULL,NULL,NULL,NULL,False,NULL,NULL,"53.49","2026-03-06 18:01:47.742693+00"
"117395",8558,"2026-03-06 14:23:41.171+00","40.20607500","71.73298330",NULL,"16.51",NULL,NULL,NULL,NULL,False,NULL,NULL,"48.39","2026-03-06 18:01:47.742693+00"
"117392",8558,"2026-03-06 14:23:38.17+00","40.20564330","71.73291170",NULL,"16.78",NULL,NULL,NULL,NULL,False,NULL,NULL,"55.63","2026-03-06 18:01:47.742692+00"
"117393",8558,"2026-03-06 14:23:38.17+00","40.20564330","71.73291170",NULL,"16.78",NULL,NULL,NULL,NULL,False,NULL,NULL,"0.00","2026-03-06 18:01:47.742692+00"
"117394",8558,"2026-03-06 14:23:38.17+00","40.20564330","71.73291170",NULL,"16.78",NULL,NULL,NULL,NULL,False,NULL,NULL,"0.00","2026-03-06 18:01:47.742693+00"
"117391",8558,"2026-03-06 14:23:35.172+00","40.20514330","71.73288830",NULL,"16.11",NULL,NULL,NULL,NULL,False,NULL,NULL,"46.11","2026-03-06 18:01:47.742692+00"
"117388",8558,"2026-03-06 14:23:32.169+00","40.20473830","71.73277170",NULL,"15.59",NULL,NULL,NULL,NULL,False,NULL,NULL,"47.99","2026-03-06 18:01:47.742692+00"
"117389",8558,"2026-03-06 14:23:32.169+00","40.20473830","71.73277170",NULL,"15.59",NULL,NULL,NULL,NULL,False,NULL,NULL,"0.00","2026-03-06 18:01:47.742692+00"
"117390",8558,"2026-03-06 14:23:32.169+00","40.20473830","71.73277170",NULL,"15.59",NULL,NULL,NULL,NULL,False,NULL,NULL,"0.00","2026-03-06 18:01:47.742692+00"
"117387",8558,"2026-03-06 14:23:29.172+00","40.20431000","71.73270170",NULL,"15.71",NULL,NULL,NULL,NULL,False,NULL,NULL,"60.88","2026-03-06 18:01:47.742691+00"
"117384",8558,"2026-03-06 14:23:25.17+00","40.20378170","71.73251330",NULL,"15.61",NULL,NULL,NULL,NULL,False,NULL,NULL,"46.87","2026-03-06 18:01:47.74269+00"
"117385",8558,"2026-03-06 14:23:25.17+00","40.20378170","71.73251330",NULL,"15.61",NULL,NULL,NULL,NULL,False,NULL,NULL,"0.00","2026-03-06 18:01:47.74269+00"
"117386",8558,"2026-03-06 14:23:25.17+00","40.20378170","71.73251330",NULL,"15.61",NULL,NULL,NULL,NULL,False,NULL,NULL,"0.00","2026-03-06 18:01:47.742691+00"
"117383",8558,"2026-03-06 14:23:22.168+00","40.20336500","71.73243000",NULL,"15.56",NULL,NULL,NULL,NULL,False,NULL,NULL,"43.41","2026-03-06 18:01:47.742689+00"
"117380",8558,"2026-03-06 14:23:19.157+00","40.20297500","71.73240830",NULL,"14.83",NULL,NULL,NULL,NULL,False,NULL,NULL,"40.65","2026-03-06 18:01:47.742689+00"
"117381",8558,"2026-03-06 14:23:19.157+00","40.20297500","71.73240830",NULL,"14.83",NULL,NULL,NULL,NULL,False,NULL,NULL,"0.00","2026-03-06 18:01:47.742689+00"
"117382",8558,"2026-03-06 14:23:19.157+00","40.20297500","71.73240830",NULL,"14.83",NULL,NULL,NULL,NULL,False,NULL,NULL,"0.00","2026-03-06 18:01:47.742689+00"
"117379",8558,"2026-03-06 14:23:16.159+00","40.20261000","71.73238170",NULL,"15.69",NULL,NULL,NULL,NULL,False,NULL,NULL,"40.52","2026-03-06 18:01:47.742689+00"
"117376",8558,"2026-03-06 14:23:14.157+00","40.20227000","71.73221000",NULL,"15.34",NULL,NULL,NULL,NULL,False,NULL,NULL,"47.89","2026-03-06 18:01:47.742688+00"
"117377",8558,"2026-03-06 14:23:14.157+00","40.20227000","71.73221000",NULL,"15.34",NULL,NULL,NULL,NULL,False,NULL,NULL,"0.00","2026-03-06 18:01:47.742688+00"
"117378",8558,"2026-03-06 14:23:14.157+00","40.20227000","71.73221000",NULL,"15.34",NULL,NULL,NULL,NULL,False,NULL,NULL,"0.00","2026-03-06 18:01:47.742689+00"
"117375",8558,"2026-03-06 14:23:11.158+00","40.20184330","71.73213330",NULL,"16.93",NULL,NULL,NULL,NULL,False,NULL,NULL,"53.80","2026-03-06 18:01:47.742688+00"
"117371",8558,"2026-03-06 14:23:08.16+00","40.20137830","71.73195830",NULL,"17.18",NULL,NULL,NULL,NULL,False,NULL,NULL,"51.23","2026-03-06 18:01:47.742687+00"
"117372",8558,"2026-03-06 14:23:08.16+00","40.20137830","71.73195830",NULL,"17.18",NULL,NULL,NULL,NULL,False,NULL,NULL,"0.00","2026-03-06 18:01:47.742688+00"
"117373",8558,"2026-03-06 14:23:08.16+00","40.20137830","71.73195830",NULL,"17.18",NULL,NULL,NULL,NULL,False,NULL,NULL,"0.00","2026-03-06 18:01:47.742688+00"
"117374",8558,"2026-03-06 14:23:08.16+00","40.20137830","71.73195830",NULL,"17.18",NULL,NULL,NULL,NULL,False,NULL,NULL,"0.00","2026-03-06 18:01:47.742688+00"
"117368",8558,"2026-03-06 14:23:05.158+00","40.20092000","71.73189670",NULL,"18.45",NULL,NULL,NULL,NULL,False,NULL,NULL,"54.37","2026-03-06 18:01:47.742687+00"
"117369",8558,"2026-03-06 14:23:05.158+00","40.20092000","71.73189670",NULL,"18.45",NULL,NULL,NULL,NULL,False,NULL,NULL,"0.00","2026-03-06 18:01:47.742687+00"
"117370",8558,"2026-03-06 14:23:05.158+00","40.20092000","71.73189670",NULL,"18.45",NULL,NULL,NULL,NULL,False,NULL,NULL,"0.00","2026-03-06 18:01:47.742687+00"
"117367",8558,"2026-03-06 14:23:02.158+00","40.20043500","71.73181500",NULL,"18.10",NULL,NULL,NULL,NULL,False,NULL,NULL,"59.38","2026-03-06 18:01:47.742686+00"
"117364",8558,"2026-03-06 14:22:59.158+00","40.19991670","71.73164670",NULL,"18.53",NULL,NULL,NULL,NULL,False,NULL,NULL,"55.83","2026-03-06 18:01:47.742685+00"
"117365",8558,"2026-03-06 14:22:59.158+00","40.19991670","71.73164670",NULL,"18.53",NULL,NULL,NULL,NULL,False,NULL,NULL,"0.00","2026-03-06 18:01:47.742685+00"
"117366",8558,"2026-03-06 14:22:59.158+00","40.19991670","71.73164670",NULL,"18.53",NULL,NULL,NULL,NULL,False,NULL,NULL,"0.00","2026-03-06 18:01:47.742685+00"
"117363",8558,"2026-03-06 14:22:56.158+00","40.19942170","71.73153670",NULL,"17.72",NULL,NULL,NULL,NULL,False,NULL,NULL,"66.55","2026-03-06 18:01:47.742685+00"
"117360",8558,"2026-03-06 14:22:52.17+00","40.19883170","71.73140500",NULL,"18.41",NULL,NULL,NULL,NULL,False,NULL,NULL,"54.60","2026-03-06 18:01:47.742684+00"
"117361",8558,"2026-03-06 14:22:52.17+00","40.19883170","71.73140500",NULL,"18.41",NULL,NULL,NULL,NULL,False,NULL,NULL,"0.00","2026-03-06 18:01:47.742685+00"
"117362",8558,"2026-03-06 14:22:52.17+00","40.19883170","71.73140500",NULL,"18.41",NULL,NULL,NULL,NULL,False,NULL,NULL,"0.00","2026-03-06 18:01:47.742685+00"
"117359",8558,"2026-03-06 14:22:49.156+00","40.19835000","71.73128000",NULL,"18.32",NULL,NULL,NULL,NULL,False,NULL,NULL,"79.15","2026-03-06 18:01:47.742684+00"
"117356",8558,"2026-03-06 14:22:45.158+00","40.19766500","71.73102670",NULL,"18.44",NULL,NULL,NULL,NULL,False,NULL,NULL,"66.29","2026-03-06 18:01:47.742684+00"
"117357",8558,"2026-03-06 14:22:45.158+00","40.19766500","71.73102670",NULL,"18.44",NULL,NULL,NULL,NULL,False,NULL,NULL,"0.00","2026-03-06 18:01:47.742684+00"
"117358",8558,"2026-03-06 14:22:45.158+00","40.19766500","71.73102670",NULL,"18.44",NULL,NULL,NULL,NULL,False,NULL,NULL,"0.00","2026-03-06 18:01:47.742684+00"
"117355",8558,"2026-03-06 14:22:41.158+00","40.19707000","71.73097830",NULL,"18.61",NULL,NULL,NULL,NULL,False,NULL,NULL,"57.46","2026-03-06 18:01:47.742683+00"
"117352",8558,"2026-03-06 14:22:38.156+00","40.19655330","71.73098500",NULL,"17.91",NULL,NULL,NULL,NULL,False,NULL,NULL,"55.47","2026-03-06 18:01:47.742682+00"
"117353",8558,"2026-03-06 14:22:38.156+00","40.19655330","71.73098500",NULL,"17.91",NULL,NULL,NULL,NULL,False,NULL,NULL,"0.00","2026-03-06 18:01:47.742683+00"
"117354",8558,"2026-03-06 14:22:38.156+00","40.19655330","71.73098500",NULL,"17.91",NULL,NULL,NULL,NULL,False,NULL,NULL,"0.00","2026-03-06 18:01:47.742683+00"
"117351",8558,"2026-03-06 14:22:35.157+00","40.19605500","71.73101670",NULL,"18.09",NULL,NULL,NULL,NULL,False,NULL,NULL,"51.34","2026-03-06 18:01:47.742682+00"
"117347",8558,"2026-03-06 14:22:32.157+00","40.19559330","71.73101500",NULL,"17.52",NULL,NULL,NULL,NULL,False,NULL,NULL,"47.87","2026-03-06 18:01:47.403219+00"
"117348",8558,"2026-03-06 14:22:32.157+00","40.19559330","71.73101500",NULL,"17.52",NULL,NULL,NULL,NULL,False,NULL,NULL,"0.00","2026-03-06 18:01:47.403219+00"
"117349",8558,"2026-03-06 14:22:32.157+00","40.19559330","71.73101500",NULL,"17.52",NULL,NULL,NULL,NULL,False,NULL,NULL,"0.00","2026-03-06 18:01:47.40322+00"
"117350",8558,"2026-03-06 14:22:32.157+00","40.19559330","71.73101500",NULL,"17.52",NULL,NULL,NULL,NULL,False,NULL,NULL,"0.00","2026-03-06 18:01:47.40322+00"
"117343",8558,"2026-03-06 14:22:29.158+00","40.19517500","71.73088170",NULL,"17.07",NULL,NULL,NULL,NULL,False,NULL,NULL,"63.14","2026-03-06 18:01:47.403217+00"
"117344",8558,"2026-03-06 14:22:29.158+00","40.19517500","71.73088170",NULL,"17.07",NULL,NULL,NULL,NULL,False,NULL,NULL,"0.00","2026-03-06 18:01:47.403217+00"
"117345",8558,"2026-03-06 14:22:29.158+00","40.19517500","71.73088170",NULL,"17.07",NULL,NULL,NULL,NULL,False,NULL,NULL,"0.00","2026-03-06 18:01:47.403218+00"
"117346",8558,"2026-03-06 14:22:29.158+00","40.19517500","71.73088170",NULL,"17.07",NULL,NULL,NULL,NULL,False,NULL,NULL,"0.00","2026-03-06 18:01:47.403218+00"
"117339",8558,"2026-03-06 14:22:26.158+00","40.19460830","71.73092830",NULL,"17.50",NULL,NULL,NULL,NULL,False,NULL,NULL,"48.79","2026-03-06 18:01:47.403214+00"
"117340",8558,"2026-03-06 14:22:26.158+00","40.19460830","71.73092830",NULL,"17.50",NULL,NULL,NULL,NULL,False,NULL,NULL,"0.00","2026-03-06 18:01:47.403215+00"
"117341",8558,"2026-03-06 14:22:26.158+00","40.19460830","71.73092830",NULL,"17.50",NULL,NULL,NULL,NULL,False,NULL,NULL,"0.00","2026-03-06 18:01:47.403215+00"
"117342",8558,"2026-03-06 14:22:26.158+00","40.19460830","71.73092830",NULL,"17.50",NULL,NULL,NULL,NULL,False,NULL,NULL,"0.00","2026-03-06 18:01:47.403216+00"
"117336",8558,"2026-03-06 14:22:23.158+00","40.19418000","71.73080330",NULL,"16.74",NULL,NULL,NULL,NULL,False,NULL,NULL,"48.68","2026-03-06 18:01:47.403211+00"
"117337",8558,"2026-03-06 14:22:23.158+00","40.19418000","71.73080330",NULL,"16.74",NULL,NULL,NULL,NULL,False,NULL,NULL,"0.00","2026-03-06 18:01:47.403211+00"
"117338",8558,"2026-03-06 14:22:23.158+00","40.19418000","71.73080330",NULL,"16.74",NULL,NULL,NULL,NULL,False,NULL,NULL,"0.00","2026-03-06 18:01:47.403212+00"
"117335",8558,"2026-03-06 14:22:20.166+00","40.19374500","71.73073830",NULL,"16.06",NULL,NULL,NULL,NULL,False,NULL,NULL,"45.52","2026-03-06 18:01:47.40321+00"
"117331",8558,"2026-03-06 14:22:17.169+00","40.19333670","71.73070000",NULL,"16.33",NULL,NULL,NULL,NULL,False,NULL,NULL,"120.17","2026-03-06 18:01:47.403207+00"
"117332",8558,"2026-03-06 14:22:17.169+00","40.19333670","71.73070000",NULL,"16.33",NULL,NULL,NULL,NULL,False,NULL,NULL,"0.00","2026-03-06 18:01:47.403208+00"
"117333",8558,"2026-03-06 14:22:17.169+00","40.19333670","71.73070000",NULL,"16.33",NULL,NULL,NULL,NULL,False,NULL,NULL,"0.00","2026-03-06 18:01:47.403208+00"
"117334",8558,"2026-03-06 14:22:17.169+00","40.19333670","71.73070000",NULL,"16.33",NULL,NULL,NULL,NULL,False,NULL,NULL,"0.00","2026-03-06 18:01:47.403209+00"
"117327",8558,"2026-03-06 14:22:10.171+00","40.19226000","71.73057830",NULL,"17.51",NULL,NULL,NULL,NULL,False,NULL,NULL,"50.86","2026-03-06 18:01:47.403205+00"
"117328",8558,"2026-03-06 14:22:10.171+00","40.19226000","71.73057830",NULL,"17.51",NULL,NULL,NULL,NULL,False,NULL,NULL,"0.00","2026-03-06 18:01:47.403205+00"
"117329",8558,"2026-03-06 14:22:10.171+00","40.19226000","71.73057830",NULL,"17.51",NULL,NULL,NULL,NULL,False,NULL,NULL,"0.00","2026-03-06 18:01:47.403206+00"
"117330",8558,"2026-03-06 14:22:10.171+00","40.19226000","71.73057830",NULL,"17.51",NULL,NULL,NULL,NULL,False,NULL,NULL,"0.00","2026-03-06 18:01:47.403206+00"
"117326",8558,"2026-03-06 14:22:07.168+00","40.19180670","71.73049830",NULL,"16.42",NULL,NULL,NULL,NULL,False,NULL,NULL,"53.79","2026-03-06 18:01:47.403204+00"
"117323",8558,"2026-03-06 14:22:04.168+00","40.19133330","71.73036830",NULL,"16.83",NULL,NULL,NULL,NULL,False,NULL,NULL,"49.53","2026-03-06 18:01:47.403202+00"
"117324",8558,"2026-03-06 14:22:04.168+00","40.19133330","71.73036830",NULL,"16.83",NULL,NULL,NULL,NULL,False,NULL,NULL,"0.00","2026-03-06 18:01:47.403202+00"
"117325",8558,"2026-03-06 14:22:04.168+00","40.19133330","71.73036830",NULL,"16.83",NULL,NULL,NULL,NULL,False,NULL,NULL,"0.00","2026-03-06 18:01:47.403203+00"
"117322",8558,"2026-03-06 14:22:01.17+00","40.19090500","71.73020830",NULL,"16.83",NULL,NULL,NULL,NULL,False,NULL,NULL,"54.69","2026-03-06 18:01:47.403201+00"
"117319",8558,"2026-03-06 14:21:58.167+00","40.19043830","71.73000500",NULL,"16.53",NULL,NULL,NULL,NULL,False,NULL,NULL,"47.35","2026-03-06 18:01:47.403197+00"
"117320",8558,"2026-03-06 14:21:58.167+00","40.19043830","71.73000500",NULL,"16.53",NULL,NULL,NULL,NULL,False,NULL,NULL,"0.00","2026-03-06 18:01:47.403198+00"
"117321",8558,"2026-03-06 14:21:58.167+00","40.19043830","71.73000500",NULL,"16.53",NULL,NULL,NULL,NULL,False,NULL,NULL,"0.00","2026-03-06 18:01:47.4032+00"
"117318",8558,"2026-03-06 14:21:55.168+00","40.19001830","71.72991330",NULL,"16.04",NULL,NULL,NULL,NULL,False,NULL,NULL,"52.32","2026-03-06 18:01:47.403197+00"
"117317",8558,"2026-03-06 14:21:52.168+00","40.18954830","71.72988500",NULL,"16.75",NULL,NULL,NULL,NULL,False,NULL,NULL,"0.00","2026-03-06 18:01:47.403196+00"
"117315",8558,"2026-03-06 14:21:52.168+00","40.18954830","71.72988500",NULL,"16.75",NULL,NULL,NULL,NULL,False,NULL,NULL,"51.89","2026-03-06 18:01:47.403195+00"
"117316",8558,"2026-03-06 14:21:52.168+00","40.18954830","71.72988500",NULL,"16.75",NULL,NULL,NULL,NULL,False,NULL,NULL,"0.00","2026-03-06 18:01:47.403195+00"
"117314",8558,"2026-03-06 14:21:49.171+00","40.18908170","71.72987830",NULL,"16.29",NULL,NULL,NULL,NULL,False,NULL,NULL,"45.76","2026-03-06 18:01:47.403194+00"
"117310",8558,"2026-03-06 14:21:46.17+00","40.18868830","71.72972000",NULL,"13.06",NULL,NULL,NULL,NULL,False,NULL,NULL,"38.29","2026-03-06 18:01:47.403191+00"
"117311",8558,"2026-03-06 14:21:46.17+00","40.18868830","71.72972000",NULL,"13.06",NULL,NULL,NULL,NULL,False,NULL,NULL,"0.00","2026-03-06 18:01:47.403192+00"
"117312",8558,"2026-03-06 14:21:46.17+00","40.18868830","71.72972000",NULL,"13.06",NULL,NULL,NULL,NULL,False,NULL,NULL,"0.00","2026-03-06 18:01:47.403192+00"
"117313",8558,"2026-03-06 14:21:46.17+00","40.18868830","71.72972000",NULL,"13.06",NULL,NULL,NULL,NULL,False,NULL,NULL,"0.00","2026-03-06 18:01:47.403193+00"
"117309",8558,"2026-03-06 14:21:43.156+00","40.18834830","71.72964830",NULL,"11.17",NULL,NULL,NULL,NULL,False,NULL,NULL,"34.91","2026-03-06 18:01:47.40319+00"
"117305",8558,"2026-03-06 14:21:40.157+00","40.18803830","71.72958330",NULL,"7.55",NULL,NULL,NULL,NULL,False,NULL,NULL,"20.69","2026-03-06 18:01:47.403187+00"
"117306",8558,"2026-03-06 14:21:40.157+00","40.18803830","71.72958330",NULL,"7.55",NULL,NULL,NULL,NULL,False,NULL,NULL,"0.00","2026-03-06 18:01:47.403188+00"
"117307",8558,"2026-03-06 14:21:40.157+00","40.18803830","71.72958330",NULL,"7.55",NULL,NULL,NULL,NULL,False,NULL,NULL,"0.00","2026-03-06 18:01:47.403189+00"
"117308",8558,"2026-03-06 14:21:40.157+00","40.18803830","71.72958330",NULL,"7.55",NULL,NULL,NULL,NULL,False,NULL,NULL,"0.00","2026-03-06 18:01:47.403189+00"
"117303",8558,"2026-03-06 14:21:34.165+00","40.18785830","71.72952170",NULL,"7.01",NULL,NULL,NULL,NULL,False,NULL,NULL,"30.85","2026-03-06 18:01:47.403182+00"
"117304",8558,"2026-03-06 14:21:34.165+00","40.18785830","71.72952170",NULL,"7.01",NULL,NULL,NULL,NULL,False,NULL,NULL,"0.00","2026-03-06 18:01:47.403186+00"
"117301",8558,"2026-03-06 14:21:30.167+00","40.18758170","71.72955000",NULL,"12.02",NULL,NULL,NULL,NULL,False,NULL,NULL,"0.00","2026-03-06 18:01:47.403179+00"
"117302",8558,"2026-03-06 14:21:30.167+00","40.18758170","71.72955000",NULL,"12.02",NULL,NULL,NULL,NULL,False,NULL,NULL,"0.00","2026-03-06 18:01:47.40318+00"
"117299",8558,"2026-03-06 14:21:30.167+00","40.18758170","71.72955000",NULL,"12.02",NULL,NULL,NULL,NULL,False,NULL,NULL,"40.52","2026-03-06 18:01:47.079904+00"
"117300",8558,"2026-03-06 14:21:30.167+00","40.18758170","71.72955000",NULL,"12.02",NULL,NULL,NULL,NULL,False,NULL,NULL,"0.00","2026-03-06 18:01:47.079904+00"
"117298",8558,"2026-03-06 14:21:27.171+00","40.18721830","71.72951500",NULL,"16.09",NULL,NULL,NULL,NULL,False,NULL,NULL,"48.56","2026-03-06 18:01:47.079904+00"
"117295",8558,"2026-03-06 14:21:24.168+00","40.18678170","71.72952670",NULL,"16.50",NULL,NULL,NULL,NULL,False,NULL,NULL,"55.04","2026-03-06 18:01:47.079903+00"
"117296",8558,"2026-03-06 14:21:24.168+00","40.18678170","71.72952670",NULL,"16.50",NULL,NULL,NULL,NULL,False,NULL,NULL,"0.00","2026-03-06 18:01:47.079903+00"
"117297",8558,"2026-03-06 14:21:24.168+00","40.18678170","71.72952670",NULL,"16.50",NULL,NULL,NULL,NULL,False,NULL,NULL,"0.00","2026-03-06 18:01:47.079904+00"
"117294",8558,"2026-03-06 14:21:20.982+00","40.18628670","71.72952500",NULL,"15.54",NULL,NULL,NULL,NULL,False,NULL,NULL,"62.58","2026-03-06 18:01:47.079903+00"
"117290",8558,"2026-03-06 14:21:18.713+00","40.18628500","71.72878830",NULL,"14.91",NULL,NULL,NULL,NULL,False,NULL,NULL,"74.65","2026-03-06 18:01:47.079902+00"
"117291",8558,"2026-03-06 14:21:18.713+00","40.18628500","71.72878830",NULL,"14.91",NULL,NULL,NULL,NULL,False,NULL,NULL,"0.00","2026-03-06 18:01:47.079902+00"
"117292",8558,"2026-03-06 14:21:18.713+00","40.18628500","71.72878830",NULL,"14.91",NULL,NULL,NULL,NULL,False,NULL,NULL,"0.00","2026-03-06 18:01:47.079902+00"
"117293",8558,"2026-03-06 14:21:18.713+00","40.18628500","71.72878830",NULL,"14.91",NULL,NULL,NULL,NULL,False,NULL,NULL,"0.00","2026-03-06 18:01:47.079902+00"
"117286",8558,"2026-03-06 14:21:17.45+00","40.18585830","71.72946670",NULL,"17.94",NULL,NULL,NULL,NULL,False,NULL,NULL,"48.19","2026-03-06 18:01:47.0799+00"
"117287",8558,"2026-03-06 14:21:17.45+00","40.18585830","71.72946670",NULL,"17.94",NULL,NULL,NULL,NULL,False,NULL,NULL,"0.00","2026-03-06 18:01:47.0799+00"
"117288",8558,"2026-03-06 14:21:17.45+00","40.18585830","71.72946670",NULL,"17.94",NULL,NULL,NULL,NULL,False,NULL,NULL,"0.00","2026-03-06 18:01:47.0799+00"
"117289",8558,"2026-03-06 14:21:17.45+00","40.18585830","71.72946670",NULL,"17.94",NULL,NULL,NULL,NULL,False,NULL,NULL,"0.00","2026-03-06 18:01:47.079901+00"
"117282",8558,"2026-03-06 14:21:16.17+00","40.18542500","71.72948000",NULL,"17.24",NULL,NULL,NULL,NULL,False,NULL,NULL,"74.13","2026-03-06 18:01:47.079899+00"
"117283",8558,"2026-03-06 14:21:16.17+00","40.18542500","71.72948000",NULL,"17.24",NULL,NULL,NULL,NULL,False,NULL,NULL,"0.00","2026-03-06 18:01:47.079899+00"
"117284",8558,"2026-03-06 14:21:16.17+00","40.18542500","71.72948000",NULL,"17.24",NULL,NULL,NULL,NULL,False,NULL,NULL,"0.00","2026-03-06 18:01:47.079899+00"
"117285",8558,"2026-03-06 14:21:16.17+00","40.18542500","71.72948000",NULL,"17.24",NULL,NULL,NULL,NULL,False,NULL,NULL,"0.00","2026-03-06 18:01:47.0799+00"
"117280",8558,"2026-03-06 14:21:10.559+00","40.18476330","71.72958670",NULL,"17.58",NULL,NULL,NULL,NULL,False,NULL,NULL,"31.56","2026-03-06 18:01:47.079898+00"
"117281",8558,"2026-03-06 14:21:10.559+00","40.18476330","71.72958670",NULL,"17.58",NULL,NULL,NULL,NULL,False,NULL,NULL,"0.00","2026-03-06 18:01:47.079898+00"
"117276",8558,"2026-03-06 14:21:09.157+00","40.18448000","71.72956500",NULL,"17.40",NULL,NULL,NULL,NULL,False,NULL,NULL,"71.16","2026-03-06 18:01:47.079897+00"
"117277",8558,"2026-03-06 14:21:09.157+00","40.18448000","71.72956500",NULL,"17.40",NULL,NULL,NULL,NULL,False,NULL,NULL,"0.00","2026-03-06 18:01:47.079898+00"
"117278",8558,"2026-03-06 14:21:09.157+00","40.18448000","71.72956500",NULL,"17.40",NULL,NULL,NULL,NULL,False,NULL,NULL,"0.00","2026-03-06 18:01:47.079898+00"
"117279",8558,"2026-03-06 14:21:09.157+00","40.18448000","71.72956500",NULL,"17.40",NULL,NULL,NULL,NULL,False,NULL,NULL,"0.00","2026-03-06 18:01:47.079898+00"
"117272",8558,"2026-03-06 14:21:05.159+00","40.18384000","71.72956670",NULL,"17.51",NULL,NULL,NULL,NULL,False,NULL,NULL,"51.71","2026-03-06 18:01:47.079896+00"
"117273",8558,"2026-03-06 14:21:05.159+00","40.18384000","71.72956670",NULL,"17.51",NULL,NULL,NULL,NULL,False,NULL,NULL,"0.00","2026-03-06 18:01:47.079897+00"
"117274",8558,"2026-03-06 14:21:05.159+00","40.18384000","71.72956670",NULL,"17.51",NULL,NULL,NULL,NULL,False,NULL,NULL,"0.00","2026-03-06 18:01:47.079897+00"
"117275",8558,"2026-03-06 14:21:05.159+00","40.18384000","71.72956670",NULL,"17.51",NULL,NULL,NULL,NULL,False,NULL,NULL,"0.00","2026-03-06 18:01:47.079897+00"
"117271",8558,"2026-03-06 14:21:02.158+00","40.18337500","71.72957330",NULL,"17.03",NULL,NULL,NULL,NULL,False,NULL,NULL,"46.10","2026-03-06 18:01:47.079896+00"
"117268",8558,"2026-03-06 14:20:59.158+00","40.18296170","71.72953000",NULL,"17.24",NULL,NULL,NULL,NULL,False,NULL,NULL,"49.17","2026-03-06 18:01:47.079889+00"
"117269",8558,"2026-03-06 14:20:59.158+00","40.18296170","71.72953000",NULL,"17.24",NULL,NULL,NULL,NULL,False,NULL,NULL,"0.00","2026-03-06 18:01:47.079894+00"
"117270",8558,"2026-03-06 14:20:59.158+00","40.18296170","71.72953000",NULL,"17.24",NULL,NULL,NULL,NULL,False,NULL,NULL,"0.00","2026-03-06 18:01:47.079894+00"
"117267",8558,"2026-03-06 14:20:56.163+00","40.18252830","71.72941500",NULL,"17.08",NULL,NULL,NULL,NULL,False,NULL,NULL,"44.44","2026-03-06 18:01:47.079888+00"
"117264",8558,"2026-03-06 14:20:54.158+00","40.18215500","71.72960170",NULL,"16.80",NULL,NULL,NULL,NULL,False,NULL,NULL,"50.99","2026-03-06 18:01:47.079887+00"
"117265",8558,"2026-03-06 14:20:54.158+00","40.18215500","71.72960170",NULL,"16.80",NULL,NULL,NULL,NULL,False,NULL,NULL,"0.00","2026-03-06 18:01:47.079888+00"
"117266",8558,"2026-03-06 14:20:54.158+00","40.18215500","71.72960170",NULL,"16.80",NULL,NULL,NULL,NULL,False,NULL,NULL,"0.00","2026-03-06 18:01:47.079888+00"
"117263",8558,"2026-03-06 14:20:51.157+00","40.18169670","71.72958000",NULL,"17.47",NULL,NULL,NULL,NULL,False,NULL,NULL,"60.13","2026-03-06 18:01:47.079887+00"
"117259",8558,"2026-03-06 14:20:47.17+00","40.18116000","71.72966670",NULL,"17.40",NULL,NULL,NULL,NULL,False,NULL,NULL,"59.17","2026-03-06 18:01:47.079886+00"
"117260",8558,"2026-03-06 14:20:47.17+00","40.18116000","71.72966670",NULL,"17.40",NULL,NULL,NULL,NULL,False,NULL,NULL,"0.00","2026-03-06 18:01:47.079886+00"
"117261",8558,"2026-03-06 14:20:47.17+00","40.18116000","71.72966670",NULL,"17.40",NULL,NULL,NULL,NULL,False,NULL,NULL,"0.00","2026-03-06 18:01:47.079886+00"
"117262",8558,"2026-03-06 14:20:47.17+00","40.18116000","71.72966670",NULL,"17.40",NULL,NULL,NULL,NULL,False,NULL,NULL,"0.00","2026-03-06 18:01:47.079887+00"
"117255",8558,"2026-03-06 14:20:44.172+00","40.18063000","71.72960500",NULL,"17.65",NULL,NULL,NULL,NULL,False,NULL,NULL,"50.49","2026-03-06 18:01:47.079885+00"
"117256",8558,"2026-03-06 14:20:44.172+00","40.18063000","71.72960500",NULL,"17.65",NULL,NULL,NULL,NULL,False,NULL,NULL,"0.00","2026-03-06 18:01:47.079885+00"
"117257",8558,"2026-03-06 14:20:44.172+00","40.18063000","71.72960500",NULL,"17.65",NULL,NULL,NULL,NULL,False,NULL,NULL,"0.00","2026-03-06 18:01:47.079885+00"
"117258",8558,"2026-03-06 14:20:44.172+00","40.18063000","71.72960500",NULL,"17.65",NULL,NULL,NULL,NULL,False,NULL,NULL,"0.00","2026-03-06 18:01:47.079886+00"
"117254",8558,"2026-03-06 14:20:41.17+00","40.18019000","71.72945830",NULL,"17.27",NULL,NULL,NULL,NULL,False,NULL,NULL,"42.77","2026-03-06 18:01:47.079884+00"
"117251",8558,"2026-03-06 14:20:39.17+00","40.17985830","71.72971330",NULL,"16.83",NULL,NULL,NULL,NULL,False,NULL,NULL,"51.89","2026-03-06 18:01:47.079879+00"
"117252",8558,"2026-03-06 14:20:39.17+00","40.17985830","71.72971330",NULL,"16.83",NULL,NULL,NULL,NULL,False,NULL,NULL,"0.00","2026-03-06 18:01:47.07988+00"
"117253",8558,"2026-03-06 14:20:39.17+00","40.17985830","71.72971330",NULL,"16.83",NULL,NULL,NULL,NULL,False,NULL,NULL,"0.00","2026-03-06 18:01:47.07988+00"
"117250",8558,"2026-03-06 14:20:36.167+00","40.17939170","71.72972170",NULL,"17.06",NULL,NULL,NULL,NULL,False,NULL,NULL,"40.07","2026-03-06 18:01:46.793789+00"
"117247",8558,"2026-03-06 14:20:34.169+00","40.17903170","71.72970000",NULL,"16.26",NULL,NULL,NULL,NULL,False,NULL,NULL,"47.90","2026-03-06 18:01:46.793787+00"
"117248",8558,"2026-03-06 14:20:34.169+00","40.17903170","71.72970000",NULL,"16.26",NULL,NULL,NULL,NULL,False,NULL,NULL,"0.00","2026-03-06 18:01:46.793787+00"
"117249",8558,"2026-03-06 14:20:34.169+00","40.17903170","71.72970000",NULL,"16.26",NULL,NULL,NULL,NULL,False,NULL,NULL,"0.00","2026-03-06 18:01:46.793789+00"
"117246",8558,"2026-03-06 14:20:31.168+00","40.17860170","71.72973330",NULL,"14.28",NULL,NULL,NULL,NULL,False,NULL,NULL,"52.49","2026-03-06 18:01:46.793787+00"
"117243",8558,"2026-03-06 14:20:27.158+00","40.17813330","71.72965670",NULL,"13.66",NULL,NULL,NULL,NULL,False,NULL,NULL,"57.30","2026-03-06 18:01:46.793786+00"
"117244",8558,"2026-03-06 14:20:27.158+00","40.17813330","71.72965670",NULL,"13.66",NULL,NULL,NULL,NULL,False,NULL,NULL,"0.00","2026-03-06 18:01:46.793787+00"
"117245",8558,"2026-03-06 14:20:27.158+00","40.17813330","71.72965670",NULL,"13.66",NULL,NULL,NULL,NULL,False,NULL,NULL,"0.00","2026-03-06 18:01:46.793787+00"
"117240",8558,"2026-03-06 14:20:23.16+00","40.17762670","71.72978000",NULL,"14.27",NULL,NULL,NULL,NULL,False,NULL,NULL,"43.74","2026-03-06 18:01:46.793786+00"
"117241",8558,"2026-03-06 14:20:23.16+00","40.17762670","71.72978000",NULL,"14.27",NULL,NULL,NULL,NULL,False,NULL,NULL,"0.00","2026-03-06 18:01:46.793786+00"
"117242",8558,"2026-03-06 14:20:23.16+00","40.17762670","71.72978000",NULL,"14.27",NULL,NULL,NULL,NULL,False,NULL,NULL,"0.00","2026-03-06 18:01:46.793786+00"
"117239",8558,"2026-03-06 14:20:20.169+00","40.17723500","71.72982670",NULL,"14.87",NULL,NULL,NULL,NULL,False,NULL,NULL,"44.37","2026-03-06 18:01:46.793785+00"
"117236",8558,"2026-03-06 14:20:17.17+00","40.17683830","71.72988330",NULL,"14.94",NULL,NULL,NULL,NULL,False,NULL,NULL,"45.04","2026-03-06 18:01:46.793785+00"
"117237",8558,"2026-03-06 14:20:17.17+00","40.17683830","71.72988330",NULL,"14.94",NULL,NULL,NULL,NULL,False,NULL,NULL,"0.00","2026-03-06 18:01:46.793785+00"
"117238",8558,"2026-03-06 14:20:17.17+00","40.17683830","71.72988330",NULL,"14.94",NULL,NULL,NULL,NULL,False,NULL,NULL,"0.00","2026-03-06 18:01:46.793785+00"
"117235",8558,"2026-03-06 14:20:14.165+00","40.17643330","71.72987330",NULL,"15.18",NULL,NULL,NULL,NULL,False,NULL,NULL,"62.93","2026-03-06 18:01:46.793784+00"
"117232",8558,"2026-03-06 14:20:10.17+00","40.17587170","71.72978170",NULL,"15.83",NULL,NULL,NULL,NULL,False,NULL,NULL,"47.61","2026-03-06 18:01:46.793784+00"
"117233",8558,"2026-03-06 14:20:10.17+00","40.17587170","71.72978170",NULL,"15.83",NULL,NULL,NULL,NULL,False,NULL,NULL,"0.00","2026-03-06 18:01:46.793784+00"
"117234",8558,"2026-03-06 14:20:10.17+00","40.17587170","71.72978170",NULL,"15.83",NULL,NULL,NULL,NULL,False,NULL,NULL,"0.00","2026-03-06 18:01:46.793784+00"
"117231",8558,"2026-03-06 14:20:07.166+00","40.17544500","71.72973500",NULL,"16.22",NULL,NULL,NULL,NULL,False,NULL,NULL,"47.65","2026-03-06 18:01:46.793783+00"
"117228",8558,"2026-03-06 14:20:04.169+00","40.17502330","71.72963500",NULL,"16.33",NULL,NULL,NULL,NULL,False,NULL,NULL,"43.99","2026-03-06 18:01:46.793782+00"
"117229",8558,"2026-03-06 14:20:04.169+00","40.17502330","71.72963500",NULL,"16.33",NULL,NULL,NULL,NULL,False,NULL,NULL,"0.00","2026-03-06 18:01:46.793782+00"
"117230",8558,"2026-03-06 14:20:04.169+00","40.17502330","71.72963500",NULL,"16.33",NULL,NULL,NULL,NULL,False,NULL,NULL,"0.00","2026-03-06 18:01:46.793782+00"
"117227",8558,"2026-03-06 14:20:01.168+00","40.17463330","71.72954830",NULL,"14.44",NULL,NULL,NULL,NULL,False,NULL,NULL,"49.43","2026-03-06 18:01:46.793781+00"
"117223",8558,"2026-03-06 14:19:58.168+00","40.17419000","71.72959170",NULL,"12.81",NULL,NULL,NULL,NULL,False,NULL,NULL,"32.22","2026-03-06 18:01:46.79378+00"
"117224",8558,"2026-03-06 14:19:58.168+00","40.17419000","71.72959170",NULL,"12.81",NULL,NULL,NULL,NULL,False,NULL,NULL,"0.00","2026-03-06 18:01:46.793781+00"
"117225",8558,"2026-03-06 14:19:58.168+00","40.17419000","71.72959170",NULL,"12.81",NULL,NULL,NULL,NULL,False,NULL,NULL,"0.00","2026-03-06 18:01:46.793781+00"
"117226",8558,"2026-03-06 14:19:58.168+00","40.17419000","71.72959170",NULL,"12.81",NULL,NULL,NULL,NULL,False,NULL,NULL,"0.00","2026-03-06 18:01:46.793781+00"
"117219",8558,"2026-03-06 14:19:56.172+00","40.17390170","71.72955330",NULL,"10.52",NULL,NULL,NULL,NULL,False,NULL,NULL,"30.24","2026-03-06 18:01:46.79378+00"
"117220",8558,"2026-03-06 14:19:56.172+00","40.17390170","71.72955330",NULL,"10.52",NULL,NULL,NULL,NULL,False,NULL,NULL,"0.00","2026-03-06 18:01:46.79378+00"
"117221",8558,"2026-03-06 14:19:56.172+00","40.17390170","71.72955330",NULL,"10.52",NULL,NULL,NULL,NULL,False,NULL,NULL,"0.00","2026-03-06 18:01:46.79378+00"
"117222",8558,"2026-03-06 14:19:56.172+00","40.17390170","71.72955330",NULL,"10.52",NULL,NULL,NULL,NULL,False,NULL,NULL,"0.00","2026-03-06 18:01:46.79378+00"
"117217",8558,"2026-03-06 14:19:52.171+00","40.17363000","71.72953830",NULL,"6.39",NULL,NULL,NULL,NULL,False,NULL,NULL,"15.85","2026-03-06 18:01:46.793779+00"
"117218",8558,"2026-03-06 14:19:52.171+00","40.17363000","71.72953830",NULL,"6.39",NULL,NULL,NULL,NULL,False,NULL,NULL,"0.00","2026-03-06 18:01:46.793779+00"
"117216",8558,"2026-03-06 14:19:44.158+00","40.17348830","71.72951830",NULL,"0.18",NULL,NULL,NULL,NULL,False,NULL,NULL,"10.53","2026-03-06 18:01:46.793779+00"
"117213",8558,"2026-03-06 14:19:41.037+00","40.17341830","71.72960170",NULL,"1.01",NULL,NULL,NULL,NULL,False,NULL,NULL,"645.70","2026-03-06 18:01:46.793778+00"
"117214",8558,"2026-03-06 14:19:41.037+00","40.17341830","71.72960170",NULL,"1.01",NULL,NULL,NULL,NULL,False,NULL,NULL,"0.00","2026-03-06 18:01:46.793778+00"
"117215",8558,"2026-03-06 14:19:41.037+00","40.17341830","71.72960170",NULL,"1.01",NULL,NULL,NULL,NULL,False,NULL,NULL,"0.00","2026-03-06 18:01:46.793778+00"
"117212",8558,"2026-03-06 14:09:34.16+00","40.16791670","71.73203330",NULL,"0.00",NULL,NULL,NULL,NULL,False,NULL,NULL,"2.81","2026-03-06 18:01:46.793776+00"
"117211",8558,"2026-03-06 14:00:32.173+00","40.16794170","71.73203830",NULL,"0.00",NULL,NULL,NULL,NULL,False,NULL,NULL,"3.51","2026-03-06 18:01:46.793775+00"
"117210",8558,"2026-03-06 13:52:39.168+00","40.16792500","71.73207330",NULL,"0.48",NULL,NULL,NULL,NULL,False,NULL,NULL,"9.98","2026-03-06 18:01:46.793775+00"
"117209",8558,"2026-03-06 13:52:16.159+00","40.16790670","71.73195830",NULL,"0.00",NULL,NULL,NULL,NULL,False,NULL,NULL,"10.47","2026-03-06 18:01:46.793774+00"
"117208",8558,"2026-03-06 13:52:01.171+00","40.16784670","71.73186330",NULL,"0.00",NULL,NULL,NULL,NULL,False,NULL,NULL,"10.02","2026-03-06 18:01:46.793774+00"
"117206",8558,"2026-03-06 13:51:19.162+00","40.16775670","71.73185670",NULL,"2.33",NULL,NULL,NULL,NULL,False,NULL,NULL,"31.48","2026-03-06 18:01:46.793774+00"
"117207",8558,"2026-03-06 13:51:19.162+00","40.16775670","71.73185670",NULL,"2.33",NULL,NULL,NULL,NULL,False,NULL,NULL,"0.00","2026-03-06 18:01:46.793774+00"
"117204",8558,"2026-03-06 13:51:10.168+00","40.16796670","71.73160830",NULL,"9.76",NULL,NULL,NULL,NULL,False,NULL,NULL,"40.84","2026-03-06 18:01:46.793773+00"
"117205",8558,"2026-03-06 13:51:10.168+00","40.16796670","71.73160830",NULL,"9.76",NULL,NULL,NULL,NULL,False,NULL,NULL,"0.00","2026-03-06 18:01:46.793773+00"
"117203",8558,"2026-03-06 13:51:07.169+00","40.16833170","71.73166170",NULL,"16.56",NULL,NULL,NULL,NULL,False,NULL,NULL,"43.33","2026-03-06 18:01:46.793772+00"
"117201",8558,"2026-03-06 13:51:04.17+00","40.16872000","71.73170500",NULL,"13.45",NULL,NULL,NULL,NULL,False,NULL,NULL,"46.89","2026-03-06 18:01:46.793771+00"
"117202",8558,"2026-03-06 13:51:04.17+00","40.16872000","71.73170500",NULL,"13.45",NULL,NULL,NULL,NULL,False,NULL,NULL,"0.00","2026-03-06 18:01:46.793772+00"
"117199",8558,"2026-03-06 13:51:01.168+00","40.16914170","71.73169830",NULL,"11.03",NULL,NULL,NULL,NULL,False,NULL,NULL,"30.59","2026-03-06 18:01:46.44259+00"
"117200",8558,"2026-03-06 13:51:01.168+00","40.16914170","71.73169830",NULL,"11.03",NULL,NULL,NULL,NULL,False,NULL,NULL,"0.00","2026-03-06 18:01:46.442591+00"
"117197",8558,"2026-03-06 13:50:57.172+00","40.16941670","71.73170670",NULL,"4.37",NULL,NULL,NULL,NULL,False,NULL,NULL,"13.17","2026-03-06 18:01:46.442589+00"
"117198",8558,"2026-03-06 13:50:57.172+00","40.16941670","71.73170670",NULL,"4.37",NULL,NULL,NULL,NULL,False,NULL,NULL,"0.00","2026-03-06 18:01:46.44259+00"
"117196",8558,"2026-03-06 13:50:49.166+00","40.16953000","71.73175170",NULL,"0.49",NULL,NULL,NULL,NULL,False,NULL,NULL,"11.51","2026-03-06 18:01:46.442587+00"
"117195",8558,"2026-03-06 13:50:47.919+00","40.16956670","71.73187830",NULL,"1.00",NULL,NULL,NULL,NULL,False,NULL,NULL,"14.40","2026-03-06 18:01:46.442586+00"
"117194",8558,"2026-03-06 13:50:47.229+00","40.16950170","71.73173170",NULL,"-1.00",NULL,NULL,NULL,NULL,False,NULL,NULL,"0.00","2026-03-06 18:01:46.442585+00"
"117193",8558,"2026-03-06 13:50:47.16+00","40.16950170","71.73173170",NULL,"1.67",NULL,NULL,NULL,NULL,False,NULL,NULL,"41.00","2026-03-06 18:01:46.442584+00"
"117191",8558,"2026-03-06 13:50:40.168+00","40.16987000","71.73175500",NULL,"13.07",NULL,NULL,NULL,NULL,False,NULL,NULL,"39.68","2026-03-06 18:01:46.442583+00"
"117192",8558,"2026-03-06 13:50:40.168+00","40.16987000","71.73175500",NULL,"13.07",NULL,NULL,NULL,NULL,False,NULL,NULL,"0.00","2026-03-06 18:01:46.442584+00"
"117189",8558,"2026-03-06 13:50:37.166+00","40.17022670","71.73176830",NULL,"11.14",NULL,NULL,NULL,NULL,False,NULL,NULL,"30.74","2026-03-06 18:01:46.442582+00"
"117190",8558,"2026-03-06 13:50:37.166+00","40.17022670","71.73176830",NULL,"11.14",NULL,NULL,NULL,NULL,False,NULL,NULL,"0.00","2026-03-06 18:01:46.442582+00"
"117188",8558,"2026-03-06 13:50:34.167+00","40.17047830","71.73161830",NULL,"7.27",NULL,NULL,NULL,NULL,False,NULL,NULL,"21.17","2026-03-06 18:01:46.442581+00"
"117186",8558,"2026-03-06 13:50:32.166+00","40.17057670","71.73140500",NULL,"4.70",NULL,NULL,NULL,NULL,False,NULL,NULL,"41.14","2026-03-06 18:01:46.442579+00"
"117187",8558,"2026-03-06 13:50:32.166+00","40.17057670","71.73140500",NULL,"4.70",NULL,NULL,NULL,NULL,False,NULL,NULL,"0.00","2026-03-06 18:01:46.44258+00"
"117184",8558,"2026-03-06 13:50:23.174+00","40.17092500","71.73156830",NULL,"16.82",NULL,NULL,NULL,NULL,False,NULL,NULL,"56.92","2026-03-06 18:01:46.442578+00"
"117185",8558,"2026-03-06 13:50:23.174+00","40.17092500","71.73156830",NULL,"16.82",NULL,NULL,NULL,NULL,False,NULL,NULL,"0.00","2026-03-06 18:01:46.442579+00"
"117183",8558,"2026-03-06 13:50:20.173+00","40.17135670","71.73192830",NULL,"20.40",NULL,NULL,NULL,NULL,False,NULL,NULL,"62.00","2026-03-06 18:01:46.442577+00"
"117182",8558,"2026-03-06 13:50:17.17+00","40.17181170","71.73235000",NULL,"19.73",NULL,NULL,NULL,NULL,False,NULL,NULL,"59.84","2026-03-06 18:01:46.442576+00"
"117181",8558,"2026-03-06 13:50:14.17+00","40.17220670","71.73282830",NULL,"19.06",NULL,NULL,NULL,NULL,False,NULL,NULL,"57.04","2026-03-06 18:01:46.442575+00"
"117180",8558,"2026-03-06 13:50:11.172+00","40.17268330","71.73307670",NULL,"19.49",NULL,NULL,NULL,NULL,False,NULL,NULL,"57.75","2026-03-06 18:01:46.442575+00"
"117179",8558,"2026-03-06 13:50:08.175+00","40.17320000","71.73314500",NULL,"19.06",NULL,NULL,NULL,NULL,False,NULL,NULL,"55.11","2026-03-06 18:01:46.442574+00"
"117178",8558,"2026-03-06 13:50:05.173+00","40.17369500","71.73317670",NULL,"18.39",NULL,NULL,NULL,NULL,False,NULL,NULL,"53.51","2026-03-06 18:01:46.442571+00"
"117177",8558,"2026-03-06 13:50:02.171+00","40.17415500","71.73336170",NULL,"18.38",NULL,NULL,NULL,NULL,False,NULL,NULL,"50.05","2026-03-06 18:01:46.44257+00"
"117175",8558,"2026-03-06 13:50:00.168+00","40.17455500","71.73363170",NULL,"19.19",NULL,NULL,NULL,NULL,False,NULL,NULL,"58.06","2026-03-06 18:01:46.442569+00"
"117176",8558,"2026-03-06 13:50:00.168+00","40.17455500","71.73363170",NULL,"19.19",NULL,NULL,NULL,NULL,False,NULL,NULL,"0.00","2026-03-06 18:01:46.442569+00"
"117174",8558,"2026-03-06 13:49:57.169+00","40.17501500","71.73395500",NULL,"17.40",NULL,NULL,NULL,NULL,False,NULL,NULL,"50.35","2026-03-06 18:01:46.442568+00"
"117172",8558,"2026-03-06 13:49:54.171+00","40.17542000","71.73422000",NULL,"15.48",NULL,NULL,NULL,NULL,False,NULL,NULL,"30.87","2026-03-06 18:01:46.442567+00"
"117173",8558,"2026-03-06 13:49:54.171+00","40.17542000","71.73422000",NULL,"15.48",NULL,NULL,NULL,NULL,False,NULL,NULL,"0.00","2026-03-06 18:01:46.442567+00"
"117171",8558,"2026-03-06 13:49:52.17+00","40.17567170","71.73437330",NULL,"10.71",NULL,NULL,NULL,NULL,False,NULL,NULL,"34.07","2026-03-06 18:01:46.442566+00"
"117169",8558,"2026-03-06 13:49:49.172+00","40.17590170","71.73463830",NULL,"8.08",NULL,NULL,NULL,NULL,False,NULL,NULL,"25.93","2026-03-06 18:01:46.442564+00"
"117170",8558,"2026-03-06 13:49:49.172+00","40.17590170","71.73463830",NULL,"8.08",NULL,NULL,NULL,NULL,False,NULL,NULL,"0.00","2026-03-06 18:01:46.442565+00"
"117167",8558,"2026-03-06 13:49:46.172+00","40.17598830","71.73492170",NULL,"7.07",NULL,NULL,NULL,NULL,False,NULL,NULL,"31.26","2026-03-06 18:01:46.442563+00"
"117168",8558,"2026-03-06 13:49:46.172+00","40.17598830","71.73492170",NULL,"7.07",NULL,NULL,NULL,NULL,False,NULL,NULL,"0.00","2026-03-06 18:01:46.442563+00"
"117166",8558,"2026-03-06 13:49:40.17+00","40.17623830","71.73509000",NULL,"9.39",NULL,NULL,NULL,NULL,False,NULL,NULL,"33.51","2026-03-06 18:01:46.442562+00"
"117164",8558,"2026-03-06 13:49:37.171+00","40.17652330","71.73496170",NULL,"12.25",NULL,NULL,NULL,NULL,False,NULL,NULL,"49.49","2026-03-06 18:01:46.44256+00"
"117165",8558,"2026-03-06 13:49:37.171+00","40.17652330","71.73496170",NULL,"12.25",NULL,NULL,NULL,NULL,False,NULL,NULL,"0.00","2026-03-06 18:01:46.442561+00"
"117162",8558,"2026-03-06 13:49:33.169+00","40.17695830","71.73508500",NULL,"13.22",NULL,NULL,NULL,NULL,False,NULL,NULL,"37.40","2026-03-06 18:01:46.442559+00"
"117163",8558,"2026-03-06 13:49:33.169+00","40.17695830","71.73508500",NULL,"13.22",NULL,NULL,NULL,NULL,False,NULL,NULL,"0.00","2026-03-06 18:01:46.442559+00"
"117161",8558,"2026-03-06 13:49:30.172+00","40.17729330","71.73512500",NULL,"10.56",NULL,NULL,NULL,NULL,False,NULL,NULL,"40.91","2026-03-06 18:01:46.442558+00"
"117160",8558,"2026-03-06 13:49:26.172+00","40.17765670","71.73505000",NULL,"8.00",NULL,NULL,NULL,NULL,False,NULL,NULL,"36.82","2026-03-06 18:01:46.44255+00"
"117159",8558,"2026-03-06 13:49:22.17+00","40.17797830","71.73515330",NULL,"11.85",NULL,NULL,NULL,NULL,False,NULL,NULL,"38.16","2026-03-06 18:01:46.442549+00"
"117158",8558,"2026-03-06 13:49:19.159+00","40.17831670","71.73522830",NULL,"12.07",NULL,NULL,NULL,NULL,False,NULL,NULL,"38.23","2026-03-06 18:01:46.442548+00"
"117157",8558,"2026-03-06 13:49:16.168+00","40.17865670","71.73516170",NULL,"12.13",NULL,NULL,NULL,NULL,False,NULL,NULL,"35.03","2026-03-06 18:01:46.442548+00"
"117156",8558,"2026-03-06 13:49:13.17+00","40.17896500","71.73507670",NULL,"10.05",NULL,NULL,NULL,NULL,False,NULL,NULL,"30.12","2026-03-06 18:01:46.442546+00"
"117155",8558,"2026-03-06 13:49:10.171+00","40.17923500","71.73510500",NULL,"9.59",NULL,NULL,NULL,NULL,False,NULL,NULL,"30.83","2026-03-06 18:01:46.442545+00"
"117154",8558,"2026-03-06 13:49:07.168+00","40.17950000","71.73521170",NULL,"10.65",NULL,NULL,NULL,NULL,False,NULL,NULL,"33.88","2026-03-06 18:01:46.442544+00"
"117153",8558,"2026-03-06 13:49:04.17+00","40.17978670","71.73534670",NULL,"10.56",NULL,NULL,NULL,NULL,False,NULL,NULL,"31.78","2026-03-06 18:01:46.442543+00"
"117151",8558,"2026-03-06 13:49:01.171+00","40.18006500","71.73543170",NULL,"9.56",NULL,NULL,NULL,NULL,False,NULL,NULL,"27.06","2026-03-06 18:01:46.44254+00"
"117152",8558,"2026-03-06 13:49:01.171+00","40.18006500","71.73543170",NULL,"9.56",NULL,NULL,NULL,NULL,False,NULL,NULL,"0.00","2026-03-06 18:01:46.442542+00"
"117150",8558,"2026-03-06 13:48:58.17+00","40.18030830","71.73544000",NULL,"7.08",NULL,NULL,NULL,NULL,False,NULL,NULL,"23.54","2026-03-06 18:01:46.060799+00"
"117148",8558,"2026-03-06 13:48:54.171+00","40.18051830","71.73540500",NULL,"5.53",NULL,NULL,NULL,NULL,False,NULL,NULL,"34.02","2026-03-06 18:01:46.060799+00"
"117149",8558,"2026-03-06 13:48:54.171+00","40.18051830","71.73540500",NULL,"5.53",NULL,NULL,NULL,NULL,False,NULL,NULL,"0.00","2026-03-06 18:01:46.060799+00"
"117147",8558,"2026-03-06 13:48:48.157+00","40.18082330","71.73537330",NULL,"9.31",NULL,NULL,NULL,NULL,False,NULL,NULL,"32.11","2026-03-06 18:01:46.060799+00"
"117146",8558,"2026-03-06 13:48:45.158+00","40.18111170","71.73539170",NULL,"11.41",NULL,NULL,NULL,NULL,False,NULL,NULL,"34.66","2026-03-06 18:01:46.060798+00"
"117145",8558,"2026-03-06 13:48:42.157+00","40.18142330","71.73540000",NULL,"11.54",NULL,NULL,NULL,NULL,False,NULL,NULL,"33.13","2026-03-06 18:01:46.060798+00"
"117144",8558,"2026-03-06 13:48:39.157+00","40.18172000","71.73543500",NULL,"10.27",NULL,NULL,NULL,NULL,False,NULL,NULL,"30.97","2026-03-06 18:01:46.060798+00"
"117143",8558,"2026-03-06 13:48:36.158+00","40.18199330","71.73550500",NULL,"10.39",NULL,NULL,NULL,NULL,False,NULL,NULL,"33.13","2026-03-06 18:01:46.060798+00"
"117142",8558,"2026-03-06 13:48:33.156+00","40.18227330","71.73563830",NULL,"11.27",NULL,NULL,NULL,NULL,False,NULL,NULL,"35.53","2026-03-06 18:01:46.060797+00"
"117141",8558,"2026-03-06 13:48:30.156+00","40.18256170","71.73581830",NULL,"10.30",NULL,NULL,NULL,NULL,False,NULL,NULL,"31.39","2026-03-06 18:01:46.060797+00"
"117140",8558,"2026-03-06 13:48:27.157+00","40.18284170","71.73586500",NULL,"9.80",NULL,NULL,NULL,NULL,False,NULL,NULL,"30.71","2026-03-06 18:01:46.060797+00"
"117139",8558,"2026-03-06 13:48:24.157+00","40.18311500","71.73581330",NULL,"10.41",NULL,NULL,NULL,NULL,False,NULL,NULL,"32.03","2026-03-06 18:01:46.060797+00"
"117138",8558,"2026-03-06 13:48:21.156+00","40.18340000","71.73586830",NULL,"11.28",NULL,NULL,NULL,NULL,False,NULL,NULL,"35.00","2026-03-06 18:01:46.060796+00"
"117137",8558,"2026-03-06 13:48:18.157+00","40.18370330","71.73597830",NULL,"10.76",NULL,NULL,NULL,NULL,False,NULL,NULL,"36.69","2026-03-06 18:01:46.060796+00"
"117135",8558,"2026-03-06 13:48:16.159+00","40.18402170","71.73609170",NULL,"9.93",NULL,NULL,NULL,NULL,False,NULL,NULL,"27.02","2026-03-06 18:01:46.060796+00"
"117136",8558,"2026-03-06 13:48:16.159+00","40.18402170","71.73609170",NULL,"9.93",NULL,NULL,NULL,NULL,False,NULL,NULL,"0.00","2026-03-06 18:01:46.060796+00"
"117134",8558,"2026-03-06 13:48:13.159+00","40.18424830","71.73620670",NULL,"7.24",NULL,NULL,NULL,NULL,False,NULL,NULL,"23.49","2026-03-06 18:01:46.060796+00"
"117133",8558,"2026-03-06 13:48:10.157+00","40.18444670","71.73630170",NULL,"5.08",NULL,NULL,NULL,NULL,False,NULL,NULL,"21.42","2026-03-06 18:01:46.060794+00"
"117131",8558,"2026-03-06 13:48:07.157+00","40.18463500","71.73635500",NULL,"4.49",NULL,NULL,NULL,NULL,False,NULL,NULL,"13.47","2026-03-06 18:01:46.060794+00"
"117132",8558,"2026-03-06 13:48:07.157+00","40.18463500","71.73635500",NULL,"4.49",NULL,NULL,NULL,NULL,False,NULL,NULL,"0.00","2026-03-06 18:01:46.060794+00"
"117129",8558,"2026-03-06 13:48:02.159+00","40.18475000","71.73630500",NULL,"1.74",NULL,NULL,NULL,NULL,False,NULL,NULL,"21.60","2026-03-06 18:01:46.060793+00"
"117130",8558,"2026-03-06 13:48:02.159+00","40.18475000","71.73630500",NULL,"1.74",NULL,NULL,NULL,NULL,False,NULL,NULL,"0.00","2026-03-06 18:01:46.060793+00"
"117128",8558,"2026-03-06 13:32:11.161+00","40.18486670","71.73610170",NULL,"3.58",NULL,NULL,NULL,NULL,False,NULL,NULL,"22.31","2026-03-06 18:01:46.060793+00"
"117127",8558,"2026-03-06 13:32:06.163+00","40.18505170","71.73600000",NULL,"5.46",NULL,NULL,NULL,NULL,False,NULL,NULL,"26.07","2026-03-06 18:01:46.060793+00"
"117126",8558,"2026-03-06 13:32:02.161+00","40.18528500","71.73597000",NULL,"5.06",NULL,NULL,NULL,NULL,False,NULL,NULL,"24.37","2026-03-06 18:01:46.060793+00"
"117124",8558,"2026-03-06 13:31:57.161+00","40.18550330","71.73594500",NULL,"7.01",NULL,NULL,NULL,NULL,False,NULL,NULL,"34.01","2026-03-06 18:01:46.060792+00"
"117125",8558,"2026-03-06 13:31:57.161+00","40.18550330","71.73594500",NULL,"7.01",NULL,NULL,NULL,NULL,False,NULL,NULL,"0.00","2026-03-06 18:01:46.060792+00"
"117122",8558,"2026-03-06 13:31:41.159+00","40.18576830","71.73574500",NULL,"9.20",NULL,NULL,NULL,NULL,False,NULL,NULL,"48.09","2026-03-06 18:01:46.060792+00"
"117123",8558,"2026-03-06 13:31:41.159+00","40.18576830","71.73574500",NULL,"9.20",NULL,NULL,NULL,NULL,False,NULL,NULL,"0.00","2026-03-06 18:01:46.060792+00"
"117121",8558,"2026-03-06 13:31:37.16+00","40.18534830","71.73561000",NULL,"15.71",NULL,NULL,NULL,NULL,False,NULL,NULL,"50.29","2026-03-06 18:01:46.060791+00"
"117119",8558,"2026-03-06 13:31:34.16+00","40.18493830","71.73536000",NULL,"13.04",NULL,NULL,NULL,NULL,False,NULL,NULL,"38.08","2026-03-06 18:01:46.060791+00"
"117120",8558,"2026-03-06 13:31:34.16+00","40.18493830","71.73536000",NULL,"13.04",NULL,NULL,NULL,NULL,False,NULL,NULL,"0.00","2026-03-06 18:01:46.060791+00"
"117118",8558,"2026-03-06 13:31:31.16+00","40.18461170","71.73522500",NULL,"9.30",NULL,NULL,NULL,NULL,False,NULL,NULL,"32.49","2026-03-06 18:01:46.060791+00"
"117116",8558,"2026-03-06 13:31:29.16+00","40.18433000","71.73512330",NULL,"9.47",NULL,NULL,NULL,NULL,False,NULL,NULL,"20.74","2026-03-06 18:01:46.06079+00"
"117117",8558,"2026-03-06 13:31:29.16+00","40.18433000","71.73512330",NULL,"9.47",NULL,NULL,NULL,NULL,False,NULL,NULL,"0.00","2026-03-06 18:01:46.06079+00"
"117115",8558,"2026-03-06 13:28:29.159+00","40.18414670","71.73507830",NULL,"6.05",NULL,NULL,NULL,NULL,False,NULL,NULL,"20.06","2026-03-06 18:01:46.06079+00"
"117114",8558,"2026-03-06 13:28:26.159+00","40.18432330","71.73512670",NULL,"6.56",NULL,NULL,NULL,NULL,False,NULL,NULL,"26.43","2026-03-06 18:01:46.060788+00"
"117113",8558,"2026-03-06 13:28:23.398+00","40.18455830","71.73508000",NULL,"5.78",NULL,NULL,NULL,NULL,False,NULL,NULL,"21.55","2026-03-06 18:01:46.060788+00"
"117112",8558,"2026-03-06 13:28:22.898+00","40.18471170","71.73492500",NULL,"4.78",NULL,NULL,NULL,NULL,False,NULL,NULL,"32.16","2026-03-06 18:01:46.060787+00"
"117110",8558,"2026-03-06 13:28:22.159+00","40.18457000","71.73525500",NULL,"7.11",NULL,NULL,NULL,NULL,False,NULL,NULL,"32.61","2026-03-06 18:01:46.060787+00"
"117111",8558,"2026-03-06 13:28:22.159+00","40.18457000","71.73525500",NULL,"7.11",NULL,NULL,NULL,NULL,False,NULL,NULL,"0.00","2026-03-06 18:01:46.060787+00"
"117109",8558,"2026-03-06 13:28:18.159+00","40.18485170","71.73536170",NULL,"8.53",NULL,NULL,NULL,NULL,False,NULL,NULL,"38.21","2026-03-06 18:01:46.060786+00"
"117107",8558,"2026-03-06 13:28:14.161+00","40.18518670","71.73546170",NULL,"8.79",NULL,NULL,NULL,NULL,False,NULL,NULL,"23.63","2026-03-06 18:01:46.060786+00"
"117108",8558,"2026-03-06 13:28:14.161+00","40.18518670","71.73546170",NULL,"8.79",NULL,NULL,NULL,NULL,False,NULL,NULL,"0.00","2026-03-06 18:01:46.060786+00"
"117106",8558,"2026-03-06 13:28:11.163+00","40.18539170","71.73553500",NULL,"5.59",NULL,NULL,NULL,NULL,False,NULL,NULL,"26.28","2026-03-06 18:01:46.060785+00"
"117105",8558,"2026-03-06 13:28:07.161+00","40.18562000","71.73561500",NULL,"4.35",NULL,NULL,NULL,NULL,False,NULL,NULL,"22.02","2026-03-06 18:01:46.060785+00"
"117104",8558,"2026-03-06 13:28:03.16+00","40.18581170","71.73568000",NULL,"3.03",NULL,NULL,NULL,NULL,False,NULL,NULL,"21.49","2026-03-06 18:01:46.060785+00"
"117103",8558,"2026-03-06 13:27:51.161+00","40.18590000","71.73590500",NULL,"4.71",NULL,NULL,NULL,NULL,False,NULL,NULL,"21.53","2026-03-06 18:01:46.060784+00"
"117102",8558,"2026-03-06 13:27:46.161+00","40.18570670","71.73592000",NULL,"5.22",NULL,NULL,NULL,NULL,False,NULL,NULL,"22.16","2026-03-06 18:01:46.060784+00"
"117101",8558,"2026-03-06 13:27:42.159+00","40.18550830","71.73594500",NULL,"5.11",NULL,NULL,NULL,NULL,False,NULL,NULL,"21.58","2026-03-06 18:01:46.060783+00"
"117100",8558,"2026-03-06 13:27:38.162+00","40.18531500","71.73596830",NULL,"4.55",NULL,NULL,NULL,NULL,False,NULL,NULL,"21.14","2026-03-06 18:01:45.667224+00"
"117099",8558,"2026-03-06 13:27:34.16+00","40.18512500","71.73597670",NULL,"4.08",NULL,NULL,NULL,NULL,False,NULL,NULL,"22.37","2026-03-06 18:01:45.667224+00"
"117098",8558,"2026-03-06 13:27:29.16+00","40.18492500","71.73600500",NULL,"4.02",NULL,NULL,NULL,NULL,False,NULL,NULL,"20.42","2026-03-06 18:01:45.667224+00"
"117097",8558,"2026-03-06 13:27:24.161+00","40.18477670","71.73614670",NULL,"3.32",NULL,NULL,NULL,NULL,False,NULL,NULL,"22.17","2026-03-06 18:01:45.667223+00"
"117096",8558,"2026-03-06 13:27:19.159+00","40.18465330","71.73635170",NULL,"2.94",NULL,NULL,NULL,NULL,False,NULL,NULL,"21.06","2026-03-06 18:01:45.667223+00"
"117095",8558,"2026-03-06 13:27:10.16+00","40.18446500","71.73637830",NULL,"5.25",NULL,NULL,NULL,NULL,False,NULL,NULL,"20.25","2026-03-06 18:01:45.667223+00"
"117094",8558,"2026-03-06 13:27:06.162+00","40.18429170","71.73630500",NULL,"5.01",NULL,NULL,NULL,NULL,False,NULL,NULL,"22.72","2026-03-06 18:01:45.667223+00"
"117093",8558,"2026-03-06 13:27:02.16+00","40.18410170","71.73620670",NULL,"5.41",NULL,NULL,NULL,NULL,False,NULL,NULL,"21.26","2026-03-06 18:01:45.667223+00"
"117092",8558,"2026-03-06 13:26:58.161+00","40.18392330","71.73611670",NULL,"5.39",NULL,NULL,NULL,NULL,False,NULL,NULL,"22.33","2026-03-06 18:01:45.667222+00"
"117091",8558,"2026-03-06 13:26:54.16+00","40.18373330","71.73603170",NULL,"5.77",NULL,NULL,NULL,NULL,False,NULL,NULL,"22.31","2026-03-06 18:01:45.667222+00"
"117090",8558,"2026-03-06 13:26:50.16+00","40.18355000","71.73592500",NULL,"5.45",NULL,NULL,NULL,NULL,False,NULL,NULL,"25.39","2026-03-06 18:01:45.667222+00"
"117088",8558,"2026-03-06 13:26:46.16+00","40.18332830","71.73585330",NULL,"6.97",NULL,NULL,NULL,NULL,False,NULL,NULL,"33.30","2026-03-06 18:01:45.667221+00"
"117089",8558,"2026-03-06 13:26:46.16+00","40.18332830","71.73585330",NULL,"6.97",NULL,NULL,NULL,NULL,False,NULL,NULL,"0.00","2026-03-06 18:01:45.667222+00"
"117086",8558,"2026-03-06 13:26:41.157+00","40.18303000","71.73588830",NULL,"7.55",NULL,NULL,NULL,NULL,False,NULL,NULL,"21.64","2026-03-06 18:01:45.66722+00"
"117087",8558,"2026-03-06 13:26:41.157+00","40.18303000","71.73588830",NULL,"7.55",NULL,NULL,NULL,NULL,False,NULL,NULL,"0.00","2026-03-06 18:01:45.66722+00"
"117085",8558,"2026-03-06 13:26:38.158+00","40.18283670","71.73585830",NULL,"7.50",NULL,NULL,NULL,NULL,False,NULL,NULL,"22.03","2026-03-06 18:01:45.66722+00"
"117084",8558,"2026-03-06 13:26:35.157+00","40.18265000","71.73577170",NULL,"7.49",NULL,NULL,NULL,NULL,False,NULL,NULL,"22.44","2026-03-06 18:01:45.667219+00"
"117083",8558,"2026-03-06 13:26:32.158+00","40.18246830","71.73565670",NULL,"6.83",NULL,NULL,NULL,NULL,False,NULL,NULL,"21.57","2026-03-06 18:01:45.667219+00"
"117082",8558,"2026-03-06 13:26:29.159+00","40.18229170","71.73555170",NULL,"6.67",NULL,NULL,NULL,NULL,False,NULL,NULL,"20.67","2026-03-06 18:01:45.667219+00"
"117081",8558,"2026-03-06 13:26:26.157+00","40.18211330","71.73548330",NULL,"6.80",NULL,NULL,NULL,NULL,False,NULL,NULL,"20.41","2026-03-06 18:01:45.667219+00"
"117080",8558,"2026-03-06 13:26:23.156+00","40.18193170","71.73544830",NULL,"6.39",NULL,NULL,NULL,NULL,False,NULL,NULL,"25.38","2026-03-06 18:01:45.667218+00"
"117079",8558,"2026-03-06 13:26:19.157+00","40.18170670","71.73539830",NULL,"7.16",NULL,NULL,NULL,NULL,False,NULL,NULL,"21.71","2026-03-06 18:01:45.667218+00"
"117078",8558,"2026-03-06 13:26:16.157+00","40.18151170","71.73538670",NULL,"7.14",NULL,NULL,NULL,NULL,False,NULL,NULL,"21.52","2026-03-06 18:01:45.667218+00"
"117077",8558,"2026-03-06 13:26:13.157+00","40.18131830","71.73537830",NULL,"6.42",NULL,NULL,NULL,NULL,False,NULL,NULL,"20.20","2026-03-06 18:01:45.667218+00"
"117076",8558,"2026-03-06 13:26:10.155+00","40.18113670","71.73538500",NULL,"5.79",NULL,NULL,NULL,NULL,False,NULL,NULL,"25.97","2026-03-06 18:01:45.667217+00"
"117075",8558,"2026-03-06 13:26:06.157+00","40.18090330","71.73537500",NULL,"4.90",NULL,NULL,NULL,NULL,False,NULL,NULL,"21.86","2026-03-06 18:01:45.667217+00"
"117074",8558,"2026-03-06 13:26:03.156+00","40.18070670","71.73537670",NULL,"4.28",NULL,NULL,NULL,NULL,False,NULL,NULL,"22.41","2026-03-06 18:01:45.667217+00"
"117073",8558,"2026-03-06 13:25:59.156+00","40.18051170","71.73544330",NULL,"4.29",NULL,NULL,NULL,NULL,False,NULL,NULL,"25.64","2026-03-06 18:01:45.667217+00"
"117072",8558,"2026-03-06 13:25:54.156+00","40.18028500","71.73549830",NULL,"4.47",NULL,NULL,NULL,NULL,False,NULL,NULL,"24.48","2026-03-06 18:01:45.667216+00"
"117071",8558,"2026-03-06 13:25:49.158+00","40.18006500","71.73548670",NULL,"4.59",NULL,NULL,NULL,NULL,False,NULL,NULL,"22.82","2026-03-06 18:01:45.667216+00"
"117070",8558,"2026-03-06 13:25:44.158+00","40.17987670","71.73538000",NULL,"4.55",NULL,NULL,NULL,NULL,False,NULL,NULL,"24.03","2026-03-06 18:01:45.667216+00"
"117068",8558,"2026-03-06 13:25:38.158+00","40.17966830","71.73530500",NULL,"2.95",NULL,NULL,NULL,NULL,False,NULL,NULL,"11.55","2026-03-06 18:01:45.667214+00"
"117069",8558,"2026-03-06 13:25:38.158+00","40.17966830","71.73530500",NULL,"2.95",NULL,NULL,NULL,NULL,False,NULL,NULL,"0.00","2026-03-06 18:01:45.667214+00"
"117067",8558,"2026-03-06 13:25:35.158+00","40.17957170","71.73525500",NULL,"2.29",NULL,NULL,NULL,NULL,False,NULL,NULL,"12.66","2026-03-06 18:01:45.667213+00"
"117066",8558,"2026-03-06 13:25:32.159+00","40.17947330","71.73518000",NULL,"1.76",NULL,NULL,NULL,NULL,False,NULL,NULL,"10.33","2026-03-06 18:01:45.667213+00"
"117065",8558,"2026-03-06 13:25:30.158+00","40.17939830","71.73510830",NULL,"1.43",NULL,NULL,NULL,NULL,False,NULL,NULL,"10.30","2026-03-06 18:01:45.667213+00"
"117064",8558,"2026-03-06 13:23:42.161+00","40.17930670","71.73509000",NULL,"0.00",NULL,NULL,NULL,NULL,False,NULL,NULL,"10.16","2026-03-06 18:01:45.667213+00"
"117063",8558,"2026-03-06 13:21:59.161+00","40.17938500","71.73515170",NULL,"0.62",NULL,NULL,NULL,NULL,False,NULL,NULL,"10.48","2026-03-06 18:01:45.667212+00"
"117062",8558,"2026-03-06 13:21:50.163+00","40.17947000","71.73509830",NULL,"1.29",NULL,NULL,NULL,NULL,False,NULL,NULL,"10.06","2026-03-06 18:01:45.667212+00"
"117061",8558,"2026-03-06 13:21:43.162+00","40.17956000","71.73511000",NULL,"1.13",NULL,NULL,NULL,NULL,False,NULL,NULL,"10.96","2026-03-06 18:01:45.667212+00"
"117060",8558,"2026-03-06 13:21:35.161+00","40.17965670","71.73513500",NULL,"1.36",NULL,NULL,NULL,NULL,False,NULL,NULL,"10.13","2026-03-06 18:01:45.667212+00"
"117059",8558,"2026-03-06 13:21:28.161+00","40.17974670","71.73515330",NULL,"0.81",NULL,NULL,NULL,NULL,False,NULL,NULL,"10.65","2026-03-06 18:01:45.667211+00"
"117058",8558,"2026-03-06 13:13:42.261+00","40.17980770","71.73505660",NULL,"0.67",NULL,NULL,NULL,NULL,False,NULL,NULL,"10.23","2026-03-06 18:01:45.667211+00"
"117057",8558,"2026-03-06 13:13:28.329+00","40.17975120","71.73515170",NULL,"1.12",NULL,NULL,NULL,NULL,False,NULL,NULL,"10.16","2026-03-06 18:01:45.667211+00"
"117056",8558,"2026-03-06 13:13:19.644+00","40.17967030","71.73509610",NULL,"1.26",NULL,NULL,NULL,NULL,False,NULL,NULL,"10.70","2026-03-06 18:01:45.66721+00"
"117055",8558,"2026-03-06 13:13:11.156+00","40.17957500","71.73511330",NULL,"1.32",NULL,NULL,NULL,NULL,False,NULL,NULL,"11.21","2026-03-06 18:01:45.66721+00"
"117053",8558,"2026-03-06 13:13:04.157+00","40.17947500","71.73509670",NULL,"0.75",NULL,NULL,NULL,NULL,False,NULL,NULL,"21.45","2026-03-06 18:01:45.667209+00"
"117054",8558,"2026-03-06 13:13:04.157+00","40.17947500","71.73509670",NULL,"0.75",NULL,NULL,NULL,NULL,False,NULL,NULL,"0.00","2026-03-06 18:01:45.66721+00"
"117052",8558,"2026-03-06 13:10:31.161+00","40.17928330","71.73512500",NULL,"4.53",NULL,NULL,NULL,NULL,False,NULL,NULL,"23.06","2026-03-06 18:01:45.667206+00"
"117051",8558,"2026-03-06 13:10:26.163+00","40.17948330","71.73519670",NULL,"4.83",NULL,NULL,NULL,NULL,False,NULL,NULL,"20.45","2026-03-06 18:01:45.667206+00"
"117050",8558,"2026-03-06 13:10:22.163+00","40.17966000","71.73526330",NULL,"4.86",NULL,NULL,NULL,NULL,False,NULL,NULL,"20.80","2026-03-06 18:01:45.38896+00"
"117049",8558,"2026-03-06 13:10:18.157+00","40.17984170","71.73532170",NULL,"4.81",NULL,NULL,NULL,NULL,False,NULL,NULL,"21.26","2026-03-06 18:01:45.38896+00"
"117048",8558,"2026-03-06 13:10:14.158+00","40.18003000","71.73536500",NULL,"4.47",NULL,NULL,NULL,NULL,False,NULL,NULL,"20.22","2026-03-06 18:01:45.38896+00"
"117047",8558,"2026-03-06 13:10:10.158+00","40.18020830","71.73541170",NULL,"4.56",NULL,NULL,NULL,NULL,False,NULL,NULL,"21.90","2026-03-06 18:01:45.388959+00"
"117046",8558,"2026-03-06 13:10:05.158+00","40.18040500","71.73539830",NULL,"4.54",NULL,NULL,NULL,NULL,False,NULL,NULL,"24.97","2026-03-06 18:01:45.388959+00"
"117045",8558,"2026-03-06 13:10:00.163+00","40.18062670","71.73535170",NULL,"4.80",NULL,NULL,NULL,NULL,False,NULL,NULL,"22.49","2026-03-06 18:01:45.388959+00"
"117044",8558,"2026-03-06 13:09:55.163+00","40.18082830","71.73533000",NULL,"5.45",NULL,NULL,NULL,NULL,False,NULL,NULL,"23.33","2026-03-06 18:01:45.388959+00"
"117043",8558,"2026-03-06 13:09:51.165+00","40.18103670","71.73536170",NULL,"5.36",NULL,NULL,NULL,NULL,False,NULL,NULL,"24.09","2026-03-06 18:01:45.388959+00"
"117042",8558,"2026-03-06 13:09:47.158+00","40.18125330","71.73536330",NULL,"4.82",NULL,NULL,NULL,NULL,False,NULL,NULL,"24.10","2026-03-06 18:01:45.388958+00"
"117041",8558,"2026-03-06 13:09:43.159+00","40.18147000","71.73536500",NULL,"3.87",NULL,NULL,NULL,NULL,False,NULL,NULL,"25.02","2026-03-06 18:01:45.388958+00"
"117040",8558,"2026-03-06 13:09:38.162+00","40.18169500","71.73536830",NULL,"3.13",NULL,NULL,NULL,NULL,False,NULL,NULL,"20.54","2026-03-06 18:01:45.388958+00"
"117039",8558,"2026-03-06 13:09:32.159+00","40.18187670","71.73541170",NULL,"3.85",NULL,NULL,NULL,NULL,False,NULL,NULL,"21.67","2026-03-06 18:01:45.388958+00"
"117038",8558,"2026-03-06 13:09:26.158+00","40.18206670","71.73546830",NULL,"5.29",NULL,NULL,NULL,NULL,False,NULL,NULL,"24.30","2026-03-06 18:01:45.388957+00"
"117037",8558,"2026-03-06 13:09:21.157+00","40.18227500","71.73555500",NULL,"6.08",NULL,NULL,NULL,NULL,False,NULL,NULL,"21.80","2026-03-06 18:01:45.388957+00"
"117036",8558,"2026-03-06 13:09:17.157+00","40.18245330","71.73566170",NULL,"6.19",NULL,NULL,NULL,NULL,False,NULL,NULL,"25.82","2026-03-06 18:01:45.388957+00"
"117035",8558,"2026-03-06 13:09:13.158+00","40.18266600","71.73578370",NULL,"5.85",NULL,NULL,NULL,NULL,False,NULL,NULL,"25.93","2026-03-06 18:01:45.388957+00"
"117034",8558,"2026-03-06 13:09:09.157+00","40.18289180","71.73586010",NULL,"5.40",NULL,NULL,NULL,NULL,False,NULL,NULL,"25.63","2026-03-06 18:01:45.388957+00"
"117033",8558,"2026-03-06 13:09:05.158+00","40.18312230","71.73586410",NULL,"4.85",NULL,NULL,NULL,NULL,False,NULL,NULL,"23.50","2026-03-06 18:01:45.388955+00"
"117032",8558,"2026-03-06 13:09:01.096+00","40.18333210","71.73589740",NULL,"4.31",NULL,NULL,NULL,NULL,False,NULL,NULL,"24.00","2026-03-06 18:01:45.388955+00"
"117031",8558,"2026-03-06 13:08:56.228+00","40.18354740","71.73591780",NULL,"3.95",NULL,NULL,NULL,NULL,False,NULL,NULL,"22.18","2026-03-06 18:01:45.388955+00"
"117030",8558,"2026-03-06 13:08:51.183+00","40.18373530","71.73600540",NULL,"3.79",NULL,NULL,NULL,NULL,False,NULL,NULL,"24.12","2026-03-06 18:01:45.388955+00"
"117029",8558,"2026-03-06 13:08:46.248+00","40.18394430","71.73608160",NULL,"4.44",NULL,NULL,NULL,NULL,False,NULL,NULL,"22.13","2026-03-06 18:01:45.388955+00"
"117028",8558,"2026-03-06 13:08:43.178+00","40.18413810","71.73614100",NULL,"4.02",NULL,NULL,NULL,NULL,False,NULL,NULL,"22.55","2026-03-06 18:01:45.388955+00"
"117027",8558,"2026-03-06 13:08:39.793+00","40.18434070","71.73615360",NULL,"2.92",NULL,NULL,NULL,NULL,False,NULL,NULL,"22.18","2026-03-06 18:01:45.388954+00"
"117025",8558,"2026-03-06 13:08:32.208+00","40.18448170","71.73633830",NULL,"2.51",NULL,NULL,NULL,NULL,False,NULL,NULL,"10.02","2026-03-06 18:01:45.388954+00"
"117026",8558,"2026-03-06 13:08:32.208+00","40.18448170","71.73633830",NULL,"2.51",NULL,NULL,NULL,NULL,False,NULL,NULL,"0.00","2026-03-06 18:01:45.388954+00"
"117024",8558,"2026-03-06 13:08:29.246+00","40.18456810","71.73637180",NULL,"1.98",NULL,NULL,NULL,NULL,False,NULL,NULL,"10.77","2026-03-06 18:01:45.388954+00"
"117023",8558,"2026-03-06 13:08:25.19+00","40.18466490","71.73637700",NULL,"1.64",NULL,NULL,NULL,NULL,False,NULL,NULL,"10.33","2026-03-06 18:01:45.388953+00"
"117022",8558,"2026-03-06 13:08:21.243+00","40.18475050","71.73632960",NULL,"1.16",NULL,NULL,NULL,NULL,False,NULL,NULL,"10.92","2026-03-06 18:01:45.388953+00"
"117021",8558,"2026-03-06 13:07:58.217+00","40.18482810","71.73625080",NULL,"0.75",NULL,NULL,NULL,NULL,False,NULL,NULL,"11.72","2026-03-06 18:01:45.388953+00"
"117020",8558,"2026-03-06 13:07:47.157+00","40.18475090","71.73615680",NULL,"0.06",NULL,NULL,NULL,NULL,False,NULL,NULL,"10.02","2026-03-06 18:01:45.388953+00"
"117019",8558,"2026-03-06 13:07:05.158+00","40.18484060","71.73616860",NULL,"0.38",NULL,NULL,NULL,NULL,False,NULL,NULL,"11.07","2026-03-06 18:01:45.388953+00"
"117018",8558,"2026-03-06 13:06:36.216+00","40.18489900","71.73627420",NULL,"0.07",NULL,NULL,NULL,NULL,False,NULL,NULL,"10.57","2026-03-06 18:01:45.388953+00"
"117017",8558,"2026-03-06 13:06:21.194+00","40.18495860","71.73617720",NULL,"0.15",NULL,NULL,NULL,NULL,False,NULL,NULL,"10.10","2026-03-06 18:01:45.388952+00"
"117016",8558,"2026-03-06 13:04:38.215+00","40.18500240","71.73607300",NULL,"0.11",NULL,NULL,NULL,NULL,False,NULL,NULL,"10.05","2026-03-06 18:01:45.388951+00"
"117015",8558,"2026-03-06 13:04:21.128+00","40.18501640","71.73618990",NULL,"1.06",NULL,NULL,NULL,NULL,False,NULL,NULL,"10.27","2026-03-06 18:01:45.388951+00"
"117014",8558,"2026-03-06 13:04:15.632+00","40.18493740","71.73625260",NULL,"0.93",NULL,NULL,NULL,NULL,False,NULL,NULL,"10.06","2026-03-06 18:01:45.388951+00"
"117013",8558,"2026-03-06 13:03:02.21+00","40.18484840","71.73627370",NULL,"0.24",NULL,NULL,NULL,NULL,False,NULL,NULL,"10.12","2026-03-06 18:01:45.38895+00"
"117012",8558,"2026-03-06 13:02:18.769+00","40.18492520","71.73620980",NULL,"1.11",NULL,NULL,NULL,NULL,False,NULL,NULL,"10.55","2026-03-06 18:01:45.38895+00"
"117011",8558,"2026-03-06 13:02:12.895+00","40.18497700","71.73610570",NULL,"0.79",NULL,NULL,NULL,NULL,False,NULL,NULL,"10.51","2026-03-06 18:01:45.38895+00"
"117010",8558,"2026-03-06 12:59:13.246+00","40.18506380","71.73605660",NULL,"0.06",NULL,NULL,NULL,NULL,False,NULL,NULL,"10.05","2026-03-06 18:01:45.38895+00"
"117009",8558,"2026-03-06 12:57:49.158+00","40.18499500","71.73613330",NULL,"0.50",NULL,NULL,NULL,NULL,False,NULL,NULL,"10.45","2026-03-06 18:01:45.388949+00"
"117008",8558,"2026-03-06 12:57:28.158+00","40.18496170","71.73624830",NULL,"0.00",NULL,NULL,NULL,NULL,False,NULL,NULL,"10.02","2026-03-06 18:01:45.388949+00"
"117007",8558,"2026-03-06 12:57:13.161+00","40.18494170","71.73636330",NULL,"0.00",NULL,NULL,NULL,NULL,False,NULL,NULL,"10.79","2026-03-06 18:01:45.388949+00"
"117006",8558,"2026-03-06 12:56:18.173+00","40.18491830","71.73624000",NULL,"0.00",NULL,NULL,NULL,NULL,False,NULL,NULL,"10.51","2026-03-06 18:01:45.388949+00"
"117005",8558,"2026-03-06 12:56:11.171+00","40.18500170","71.73618170",NULL,"0.00",NULL,NULL,NULL,NULL,False,NULL,NULL,"10.04","2026-03-06 18:01:45.388948+00"
"117004",8558,"2026-03-06 12:54:16.172+00","40.18508670","71.73614170",NULL,"0.72",NULL,NULL,NULL,NULL,False,NULL,NULL,"10.88","2026-03-06 18:01:45.388948+00"
"117003",8558,"2026-03-06 12:53:57.172+00","40.18500830","71.73621830",NULL,"0.31",NULL,NULL,NULL,NULL,False,NULL,NULL,"12.46","2026-03-06 18:01:45.388948+00"
"117002",8558,"2026-03-06 12:50:00.161+00","40.18489670","71.73623170",NULL,"0.00",NULL,NULL,NULL,NULL,False,NULL,NULL,"10.99","2026-03-06 18:01:45.388948+00"
"117001",8558,"2026-03-06 12:49:59.158+00","40.18491670","71.73610500",NULL,"0.00",NULL,NULL,NULL,NULL,False,NULL,NULL,"22.55","2026-03-06 18:01:45.388947+00"
"117000",8558,"2026-03-06 12:49:57.593+00","40.18483000","71.73634500",NULL,"0.00",NULL,NULL,NULL,NULL,False,NULL,NULL,"14.28","2026-03-06 18:01:45.119405+00"
"116998",8558,"2026-03-06 12:49:54.161+00","40.18481330","71.73617830",NULL,"1.99",NULL,NULL,NULL,NULL,False,NULL,NULL,"20.74","2026-03-06 18:01:45.119403+00"
"116999",8558,"2026-03-06 12:49:54.161+00","40.18481330","71.73617830",NULL,"1.99",NULL,NULL,NULL,NULL,False,NULL,NULL,"0.00","2026-03-06 18:01:45.119404+00"
"116997",8558,"2026-03-06 12:49:47.158+00","40.18467830","71.73634670",NULL,"3.79",NULL,NULL,NULL,NULL,False,NULL,NULL,"21.20","2026-03-06 18:01:45.119403+00"
"116996",8558,"2026-03-06 12:49:42.161+00","40.18462170","71.73658500",NULL,"4.97",NULL,NULL,NULL,NULL,False,NULL,NULL,"20.69","2026-03-06 18:01:45.119402+00"
"116995",8558,"2026-03-06 12:49:38.158+00","40.18456830","71.73681830",NULL,"5.45",NULL,NULL,NULL,NULL,False,NULL,NULL,"23.61","2026-03-06 18:01:45.119401+00"
"116994",8558,"2026-03-06 12:49:34.16+00","40.18449000","71.73707670",NULL,"6.22",NULL,NULL,NULL,NULL,False,NULL,NULL,"24.16","2026-03-06 18:01:45.1194+00"
"116993",8558,"2026-03-06 12:49:30.159+00","40.18443000","71.73735000",NULL,"6.01",NULL,NULL,NULL,NULL,False,NULL,NULL,"25.26","2026-03-06 18:01:45.119399+00"
"116992",8558,"2026-03-06 12:49:26.159+00","40.18434670","71.73762670",NULL,"6.55",NULL,NULL,NULL,NULL,False,NULL,NULL,"26.32","2026-03-06 18:01:45.119399+00"
"116991",8558,"2026-03-06 12:49:22.157+00","40.18424000","71.73790330",NULL,"6.19",NULL,NULL,NULL,NULL,False,NULL,NULL,"23.31","2026-03-06 18:01:45.119398+00"
"116990",8558,"2026-03-06 12:49:18.158+00","40.18414830","71.73815000",NULL,"5.97",NULL,NULL,NULL,NULL,False,NULL,NULL,"25.69","2026-03-06 18:01:45.119397+00"
"116989",8558,"2026-03-06 12:49:14.159+00","40.18404170","71.73841830",NULL,"6.92",NULL,NULL,NULL,NULL,False,NULL,NULL,"20.48","2026-03-06 18:01:45.119396+00"
"116988",8558,"2026-03-06 12:49:11.158+00","40.18395830","71.73863330",NULL,"7.48",NULL,NULL,NULL,NULL,False,NULL,NULL,"23.29","2026-03-06 18:01:45.119396+00"
"116987",8558,"2026-03-06 12:49:08.16+00","40.18383170","71.73885170",NULL,"7.07",NULL,NULL,NULL,NULL,False,NULL,NULL,"23.06","2026-03-06 18:01:45.119395+00"
"116986",8558,"2026-03-06 12:49:05.159+00","40.18370670","71.73906830",NULL,"7.25",NULL,NULL,NULL,NULL,False,NULL,NULL,"21.39","2026-03-06 18:01:45.119394+00"
"116985",8558,"2026-03-06 12:49:02.157+00","40.18358830","71.73926670",NULL,"6.91",NULL,NULL,NULL,NULL,False,NULL,NULL,"26.10","2026-03-06 18:01:45.119394+00"
"116984",8558,"2026-03-06 12:48:58.159+00","40.18344330","71.73950830",NULL,"6.58",NULL,NULL,NULL,NULL,False,NULL,NULL,"25.24","2026-03-06 18:01:45.119393+00"
"116983",8558,"2026-03-06 12:48:54.158+00","40.18329500","71.73973330",NULL,"6.37",NULL,NULL,NULL,NULL,False,NULL,NULL,"24.65","2026-03-06 18:01:45.11939+00"
"116982",8558,"2026-03-06 12:48:49.159+00","40.18315500","71.73995830",NULL,"4.16",NULL,NULL,NULL,NULL,False,NULL,NULL,"20.29","2026-03-06 18:01:45.119389+00"
"116981",8558,"2026-03-06 12:48:45.159+00","40.18303500","71.74013830",NULL,"6.62",NULL,NULL,NULL,NULL,False,NULL,NULL,"21.79","2026-03-06 18:01:45.119389+00"
"116980",8558,"2026-03-06 12:48:42.158+00","40.18288500","71.74030330",NULL,"7.14",NULL,NULL,NULL,NULL,False,NULL,NULL,"21.67","2026-03-06 18:01:45.119388+00"
"116979",8558,"2026-03-06 12:48:39.158+00","40.18272830","71.74045500",NULL,"6.94",NULL,NULL,NULL,NULL,False,NULL,NULL,"27.05","2026-03-06 18:01:45.119387+00"
"116978",8558,"2026-03-06 12:48:35.157+00","40.18253500","71.74064830",NULL,"6.08",NULL,NULL,NULL,NULL,False,NULL,NULL,"25.13","2026-03-06 18:01:45.119386+00"
"116977",8558,"2026-03-06 12:48:31.159+00","40.18235000","71.74081830",NULL,"6.46",NULL,NULL,NULL,NULL,False,NULL,NULL,"26.39","2026-03-06 18:01:45.119386+00"
"116976",8558,"2026-03-06 12:48:27.158+00","40.18216330","71.74101000",NULL,"6.46",NULL,NULL,NULL,NULL,False,NULL,NULL,"21.02","2026-03-06 18:01:45.119385+00"
"116975",8558,"2026-03-06 12:48:24.158+00","40.18199330","71.74111830",NULL,"6.80",NULL,NULL,NULL,NULL,False,NULL,NULL,"24.34","2026-03-06 18:01:45.119384+00"
"116974",8558,"2026-03-06 12:48:20.16+00","40.18191000","71.74138330",NULL,"6.01",NULL,NULL,NULL,NULL,False,NULL,NULL,"20.56","2026-03-06 18:01:45.119383+00"
"116973",8558,"2026-03-06 12:48:16.158+00","40.18190000","71.74162500",NULL,"4.99",NULL,NULL,NULL,NULL,False,NULL,NULL,"24.14","2026-03-06 18:01:45.119383+00"
"116972",8558,"2026-03-06 12:48:12.158+00","40.18188330","71.74190830",NULL,"6.56",NULL,NULL,NULL,NULL,False,NULL,NULL,"22.01","2026-03-06 18:01:45.119382+00"
"116971",8558,"2026-03-06 12:48:09.157+00","40.18184830","71.74216330",NULL,"7.21",NULL,NULL,NULL,NULL,False,NULL,NULL,"20.54","2026-03-06 18:01:45.119381+00"
"116970",8558,"2026-03-06 12:48:06.158+00","40.18180500","71.74239830",NULL,"6.03",NULL,NULL,NULL,NULL,False,NULL,NULL,"23.03","2026-03-06 18:01:45.11938+00"
"116969",8558,"2026-03-06 12:48:02.165+00","40.18173830","71.74265500",NULL,"5.76",NULL,NULL,NULL,NULL,False,NULL,NULL,"20.58","2026-03-06 18:01:45.11938+00"
"116968",8558,"2026-03-06 12:47:59.17+00","40.18169330","71.74289000",NULL,"5.64",NULL,NULL,NULL,NULL,False,NULL,NULL,"22.46","2026-03-06 18:01:45.119379+00"
"116966",8558,"2026-03-06 12:47:56.168+00","40.18164500","71.74314670",NULL,"6.81",NULL,NULL,NULL,NULL,False,NULL,NULL,"34.18","2026-03-06 18:01:45.119377+00"
"116967",8558,"2026-03-06 12:47:56.168+00","40.18164500","71.74314670",NULL,"6.81",NULL,NULL,NULL,NULL,False,NULL,NULL,"0.00","2026-03-06 18:01:45.119378+00"
"116964",8558,"2026-03-06 12:47:52.158+00","40.18161170","71.74354670",NULL,"8.47",NULL,NULL,NULL,NULL,False,NULL,NULL,"23.38","2026-03-06 18:01:45.119373+00"
"116965",8558,"2026-03-06 12:47:52.158+00","40.18161170","71.74354670",NULL,"8.47",NULL,NULL,NULL,NULL,False,NULL,NULL,"0.00","2026-03-06 18:01:45.119374+00"
"116963",8558,"2026-03-06 12:47:49.159+00","40.18156500","71.74381500",NULL,"5.22",NULL,NULL,NULL,NULL,False,NULL,NULL,"25.97","2026-03-06 18:01:45.119372+00"
"116962",8558,"2026-03-06 12:47:44.16+00","40.18149500","71.74410670",NULL,"4.65",NULL,NULL,NULL,NULL,False,NULL,NULL,"20.76","2026-03-06 18:01:45.119371+00"
"116961",8558,"2026-03-06 12:47:40.158+00","40.18142830","71.74433500",NULL,"3.46",NULL,NULL,NULL,NULL,False,NULL,NULL,"25.13","2026-03-06 18:01:45.11937+00"
"116960",8558,"2026-03-06 12:47:35.166+00","40.18136330","71.74461830",NULL,"2.99",NULL,NULL,NULL,NULL,False,NULL,NULL,"20.90","2026-03-06 18:01:45.119369+00"
"116959",8558,"2026-03-06 12:47:27.159+00","40.18130000","71.74485000",NULL,"4.72",NULL,NULL,NULL,NULL,False,NULL,NULL,"23.97","2026-03-06 18:01:45.119369+00"
"116958",8558,"2026-03-06 12:47:23.158+00","40.18118670","71.74509000",NULL,"6.72",NULL,NULL,NULL,NULL,False,NULL,NULL,"23.17","2026-03-06 18:01:45.119368+00"
"116957",8558,"2026-03-06 12:47:20.157+00","40.18107670","71.74532170",NULL,"5.04",NULL,NULL,NULL,NULL,False,NULL,NULL,"24.41","2026-03-06 18:01:45.119367+00"
"116956",8558,"2026-03-06 12:47:15.157+00","40.18094670","71.74555330",NULL,"3.29",NULL,NULL,NULL,NULL,False,NULL,NULL,"24.14","2026-03-06 18:01:45.119366+00"
"116954",8558,"2026-03-06 12:47:09.158+00","40.18079000","71.74575000",NULL,"3.69",NULL,NULL,NULL,NULL,False,NULL,NULL,"13.95","2026-03-06 18:01:45.119364+00"
"116955",8558,"2026-03-06 12:47:09.158+00","40.18079000","71.74575000",NULL,"3.69",NULL,NULL,NULL,NULL,False,NULL,NULL,"0.00","2026-03-06 18:01:45.119365+00"
"116952",8558,"2026-03-06 12:47:06.157+00","40.18071330","71.74588000",NULL,"1.66",NULL,NULL,NULL,NULL,False,NULL,NULL,"21.89","2026-03-06 18:01:45.119362+00"
"116953",8558,"2026-03-06 12:47:06.157+00","40.18071330","71.74588000",NULL,"1.66",NULL,NULL,NULL,NULL,False,NULL,NULL,"0.00","2026-03-06 18:01:45.119363+00"
"116951",8558,"2026-03-06 12:46:54.158+00","40.18058170","71.74607170",NULL,"3.23",NULL,NULL,NULL,NULL,False,NULL,NULL,"21.72","2026-03-06 18:01:45.11936+00"
"116950",8558,"2026-03-06 12:46:49.158+00","40.18046330","71.74627500",NULL,"4.30",NULL,NULL,NULL,NULL,False,NULL,NULL,"22.16","2026-03-06 18:01:44.798363+00"
"116949",8558,"2026-03-06 12:46:45.159+00","40.18037170","71.74650670",NULL,"2.94",NULL,NULL,NULL,NULL,False,NULL,NULL,"20.31","2026-03-06 18:01:44.798362+00"
"116947",8558,"2026-03-06 12:46:39.415+00","40.18035670","71.74674500",NULL,"2.70",NULL,NULL,NULL,NULL,False,NULL,NULL,"16.45","2026-03-06 18:01:44.798359+00"
"116948",8558,"2026-03-06 12:46:39.415+00","40.18035670","71.74674500",NULL,"2.70",NULL,NULL,NULL,NULL,False,NULL,NULL,"0.00","2026-03-06 18:01:44.79836+00"
"116945",8558,"2026-03-06 12:46:38.158+00","40.18021830","71.74667670",NULL,"2.39",NULL,NULL,NULL,NULL,False,NULL,NULL,"20.18","2026-03-06 18:01:44.798358+00"
"116946",8558,"2026-03-06 12:46:38.158+00","40.18021830","71.74667670",NULL,"2.39",NULL,NULL,NULL,NULL,False,NULL,NULL,"0.00","2026-03-06 18:01:44.798359+00"
"116944",8558,"2026-03-06 12:46:29.157+00","40.18012670","71.74688170",NULL,"2.72",NULL,NULL,NULL,NULL,False,NULL,NULL,"22.26","2026-03-06 18:01:44.798357+00"
"116943",8558,"2026-03-06 12:46:24.157+00","40.18028330","71.74704500",NULL,"7.41",NULL,NULL,NULL,NULL,False,NULL,NULL,"21.79","2026-03-06 18:01:44.798357+00"
"116942",8558,"2026-03-06 12:46:21.157+00","40.18043330","71.74721000",NULL,"6.43",NULL,NULL,NULL,NULL,False,NULL,NULL,"22.64","2026-03-06 18:01:44.798356+00"
"116941",8558,"2026-03-06 12:46:18.157+00","40.18060330","71.74735670",NULL,"5.76",NULL,NULL,NULL,NULL,False,NULL,NULL,"25.20","2026-03-06 18:01:44.798355+00"
"116939",8558,"2026-03-06 12:46:14.158+00","40.18076330","71.74756670",NULL,"7.39",NULL,NULL,NULL,NULL,False,NULL,NULL,"35.75","2026-03-06 18:01:44.798354+00"
"116940",8558,"2026-03-06 12:46:14.158+00","40.18076330","71.74756670",NULL,"7.39",NULL,NULL,NULL,NULL,False,NULL,NULL,"0.00","2026-03-06 18:01:44.798354+00"
"116938",8558,"2026-03-06 12:46:09.162+00","40.18102830","71.74780500",NULL,"7.86",NULL,NULL,NULL,NULL,False,NULL,NULL,"31.74","2026-03-06 18:01:44.798353+00"
"116937",8558,"2026-03-06 12:46:05.158+00","40.18125330","71.74803500",NULL,"7.96",NULL,NULL,NULL,NULL,False,NULL,NULL,"34.04","2026-03-06 18:01:44.798352+00"
"116936",8558,"2026-03-06 12:46:01.158+00","40.18148830","71.74829170",NULL,"8.06",NULL,NULL,NULL,NULL,False,NULL,NULL,"30.40","2026-03-06 18:01:44.798351+00"
"116934",8558,"2026-03-06 12:45:58.158+00","40.18169000","71.74853330",NULL,"8.25",NULL,NULL,NULL,NULL,False,NULL,NULL,"25.38","2026-03-06 18:01:44.79835+00"
"116935",8558,"2026-03-06 12:45:58.158+00","40.18169000","71.74853330",NULL,"8.25",NULL,NULL,NULL,NULL,False,NULL,NULL,"0.00","2026-03-06 18:01:44.798351+00"
"116933",8558,"2026-03-06 12:45:55.158+00","40.18187500","71.74870830",NULL,"7.26",NULL,NULL,NULL,NULL,False,NULL,NULL,"21.95","2026-03-06 18:01:44.798349+00"
"116932",8558,"2026-03-06 12:45:52.157+00","40.18206670","71.74877000",NULL,"6.73",NULL,NULL,NULL,NULL,False,NULL,NULL,"24.64","2026-03-06 18:01:44.798348+00"
"116931",8558,"2026-03-06 12:45:48.158+00","40.18228500","71.74882000",NULL,"5.51",NULL,NULL,NULL,NULL,False,NULL,NULL,"23.50","2026-03-06 18:01:44.798347+00"
"116929",8558,"2026-03-06 12:45:42.16+00","40.18245830","71.74897830",NULL,"6.40",NULL,NULL,NULL,NULL,False,NULL,NULL,"35.27","2026-03-06 18:01:44.798345+00"
"116930",8558,"2026-03-06 12:45:42.16+00","40.18245830","71.74897830",NULL,"6.40",NULL,NULL,NULL,NULL,False,NULL,NULL,"0.00","2026-03-06 18:01:44.798345+00"
"116927",8558,"2026-03-06 12:45:38.16+00","40.18275500","71.74912500",NULL,"7.79",NULL,NULL,NULL,NULL,False,NULL,NULL,"23.02","2026-03-06 18:01:44.798343+00"
"116928",8558,"2026-03-06 12:45:38.16+00","40.18275500","71.74912500",NULL,"7.79",NULL,NULL,NULL,NULL,False,NULL,NULL,"0.00","2026-03-06 18:01:44.798344+00"
"116926",8558,"2026-03-06 12:45:35.158+00","40.18294000","71.74924670",NULL,"7.28",NULL,NULL,NULL,NULL,False,NULL,NULL,"23.49","2026-03-06 18:01:44.798342+00"
"116925",8558,"2026-03-06 12:45:32.159+00","40.18311830","71.74939500",NULL,"7.39",NULL,NULL,NULL,NULL,False,NULL,NULL,"22.88","2026-03-06 18:01:44.798342+00"
"116924",8558,"2026-03-06 12:45:29.158+00","40.18329330","71.74953670",NULL,"7.42",NULL,NULL,NULL,NULL,False,NULL,NULL,"22.82","2026-03-06 18:01:44.798341+00"
"116923",8558,"2026-03-06 12:45:26.158+00","40.18347000","71.74967330",NULL,"7.37",NULL,NULL,NULL,NULL,False,NULL,NULL,"22.66","2026-03-06 18:01:44.79834+00"
"116922",8558,"2026-03-06 12:45:23.157+00","40.18365000","71.74979830",NULL,"7.25",NULL,NULL,NULL,NULL,False,NULL,NULL,"22.17","2026-03-06 18:01:44.798339+00"
"116921",8558,"2026-03-06 12:45:20.158+00","40.18382830","71.74991500",NULL,"7.22",NULL,NULL,NULL,NULL,False,NULL,NULL,"22.46","2026-03-06 18:01:44.798338+00"
"116920",8558,"2026-03-06 12:45:17.161+00","40.18400830","71.75003500",NULL,"7.46",NULL,NULL,NULL,NULL,False,NULL,NULL,"21.80","2026-03-06 18:01:44.798338+00"
"116919",8558,"2026-03-06 12:45:14.158+00","40.18419500","71.75011330",NULL,"6.96",NULL,NULL,NULL,NULL,False,NULL,NULL,"22.03","2026-03-06 18:01:44.798337+00"
"116918",8558,"2026-03-06 12:45:11.157+00","40.18438830","71.75017000",NULL,"7.41",NULL,NULL,NULL,NULL,False,NULL,NULL,"21.91","2026-03-06 18:01:44.798336+00"
"116917",8558,"2026-03-06 12:45:08.165+00","40.18458500","71.75018500",NULL,"6.83",NULL,NULL,NULL,NULL,False,NULL,NULL,"25.37","2026-03-06 18:01:44.798335+00"
"116916",8558,"2026-03-06 12:45:04.156+00","40.18481170","71.75021830",NULL,"5.46",NULL,NULL,NULL,NULL,False,NULL,NULL,"22.25","2026-03-06 18:01:44.798334+00"
"116915",8558,"2026-03-06 12:45:00.158+00","40.18501170","71.75021000",NULL,"6.09",NULL,NULL,NULL,NULL,False,NULL,NULL,"24.27","2026-03-06 18:01:44.798333+00"
"116914",8558,"2026-03-06 12:44:56.16+00","40.18523000","71.75021000",NULL,"6.59",NULL,NULL,NULL,NULL,False,NULL,NULL,"20.61","2026-03-06 18:01:44.798332+00"
"116913",8558,"2026-03-06 12:44:53.156+00","40.18541500","71.75019500",NULL,"6.60",NULL,NULL,NULL,NULL,False,NULL,NULL,"20.35","2026-03-06 18:01:44.798331+00"
"116912",8558,"2026-03-06 12:44:50.156+00","40.18559670","71.75016670",NULL,"7.18",NULL,NULL,NULL,NULL,False,NULL,NULL,"27.08","2026-03-06 18:01:44.798327+00"
"116911",8558,"2026-03-06 12:44:46.157+00","40.18584000","71.75018000",NULL,"6.08",NULL,NULL,NULL,NULL,False,NULL,NULL,"24.91","2026-03-06 18:01:44.798326+00"
"116910",8558,"2026-03-06 12:44:42.16+00","40.18606330","71.75020330",NULL,"6.19",NULL,NULL,NULL,NULL,False,NULL,NULL,"21.92","2026-03-06 18:01:44.798325+00"
"116909",8558,"2026-03-06 12:44:39.158+00","40.18625670","71.75025330",NULL,"6.22",NULL,NULL,NULL,NULL,False,NULL,NULL,"27.31","2026-03-06 18:01:44.798324+00"
"116907",8558,"2026-03-06 12:44:35.159+00","40.18649670","71.75032170",NULL,"7.03",NULL,NULL,NULL,NULL,False,NULL,NULL,"38.78","2026-03-06 18:01:44.798323+00"
"116908",8558,"2026-03-06 12:44:35.159+00","40.18649670","71.75032170",NULL,"7.03",NULL,NULL,NULL,NULL,False,NULL,NULL,"0.00","2026-03-06 18:01:44.798323+00"
"116905",8558,"2026-03-06 12:44:30.157+00","40.18682330","71.75048170",NULL,"7.90",NULL,NULL,NULL,NULL,False,NULL,NULL,"21.74","2026-03-06 18:01:44.79832+00"
"116906",8558,"2026-03-06 12:44:30.157+00","40.18682330","71.75048170",NULL,"7.90",NULL,NULL,NULL,NULL,False,NULL,NULL,"0.00","2026-03-06 18:01:44.798322+00"
"116904",8558,"2026-03-06 12:44:26.672+00","40.18698170","71.75063170",NULL,"6.63",NULL,NULL,NULL,NULL,False,NULL,NULL,"22.80","2026-03-06 18:01:44.798319+00"
"116902",8558,"2026-03-06 12:44:25.159+00","40.18718500","71.75059670",NULL,"7.08",NULL,NULL,NULL,NULL,False,NULL,NULL,"31.35","2026-03-06 18:01:44.798317+00"
"116903",8558,"2026-03-06 12:44:25.159+00","40.18718500","71.75059670",NULL,"7.08",NULL,NULL,NULL,NULL,False,NULL,NULL,"0.00","2026-03-06 18:01:44.798318+00"
"116901",8558,"2026-03-06 12:44:21.156+00","40.18745330","71.75071000",NULL,"8.01",NULL,NULL,NULL,NULL,False,NULL,NULL,"34.22","2026-03-06 18:01:44.798315+00"
"116900",8558,"2026-03-06 12:44:17.158+00","40.18774670","71.75083170",NULL,"8.60",NULL,NULL,NULL,NULL,False,NULL,NULL,"38.00","2026-03-06 18:01:44.512026+00"
"116899",8558,"2026-03-06 12:44:13.159+00","40.18807830","71.75094000",NULL,"9.14",NULL,NULL,NULL,NULL,False,NULL,NULL,"36.47","2026-03-06 18:01:44.512025+00"
"116898",8558,"2026-03-06 12:44:09.159+00","40.18839500","71.75105170",NULL,"7.69",NULL,NULL,NULL,NULL,False,NULL,NULL,"32.72","2026-03-06 18:01:44.512025+00"
"116896",8558,"2026-03-06 12:44:05.16+00","40.18868500","71.75111670",NULL,"8.76",NULL,NULL,NULL,NULL,False,NULL,NULL,"25.32","2026-03-06 18:01:44.512025+00"
"116897",8558,"2026-03-06 12:44:05.16+00","40.18868500","71.75111670",NULL,"8.76",NULL,NULL,NULL,NULL,False,NULL,NULL,"0.00","2026-03-06 18:01:44.512025+00"
"116895",8558,"2026-03-06 12:44:02.161+00","40.18890830","71.75117500",NULL,"6.90",NULL,NULL,NULL,NULL,False,NULL,NULL,"20.87","2026-03-06 18:01:44.512024+00"
"116894",8558,"2026-03-06 12:43:59.16+00","40.18909000","71.75123670",NULL,"5.65",NULL,NULL,NULL,NULL,False,NULL,NULL,"25.54","2026-03-06 18:01:44.512024+00"
"116893",8558,"2026-03-06 12:43:55.16+00","40.18931000","71.75132330",NULL,"5.22",NULL,NULL,NULL,NULL,False,NULL,NULL,"21.25","2026-03-06 18:01:44.512024+00"
"116892",8558,"2026-03-06 12:43:51.16+00","40.18949670","71.75137670",NULL,"4.90",NULL,NULL,NULL,NULL,False,NULL,NULL,"22.03","2026-03-06 18:01:44.512024+00"
"116891",8558,"2026-03-06 12:43:47.16+00","40.18969000","71.75143330",NULL,"5.13",NULL,NULL,NULL,NULL,False,NULL,NULL,"21.69","2026-03-06 18:01:44.512023+00"
"116890",8558,"2026-03-06 12:43:43.159+00","40.18987830","71.75150000",NULL,"5.20",NULL,NULL,NULL,NULL,False,NULL,NULL,"24.63","2026-03-06 18:01:44.512022+00"
"116889",8558,"2026-03-06 12:43:39.159+00","40.19009500","71.75156000",NULL,"5.44",NULL,NULL,NULL,NULL,False,NULL,NULL,"24.39","2026-03-06 18:01:44.512022+00"
"116887",8558,"2026-03-06 12:43:34.159+00","40.19031000","71.75161670",NULL,"2.87",NULL,NULL,NULL,NULL,False,NULL,NULL,"13.70","2026-03-06 18:01:44.512021+00"
"116888",8558,"2026-03-06 12:43:34.159+00","40.19031000","71.75161670",NULL,"2.87",NULL,NULL,NULL,NULL,False,NULL,NULL,"0.00","2026-03-06 18:01:44.512022+00"
"116886",8558,"2026-03-06 12:43:31.159+00","40.19042330","71.75168000",NULL,"2.23",NULL,NULL,NULL,NULL,False,NULL,NULL,"12.29","2026-03-06 18:01:44.512021+00"
"116885",8558,"2026-03-06 12:43:27.157+00","40.19052830","71.75172500",NULL,"1.91",NULL,NULL,NULL,NULL,False,NULL,NULL,"10.98","2026-03-06 18:01:44.512021+00"
"116884",8558,"2026-03-06 12:43:21.158+00","40.19056170","71.75160330",NULL,"1.97",NULL,NULL,NULL,NULL,False,NULL,NULL,"12.00","2026-03-06 18:01:44.51202+00"
"116883",8558,"2026-03-06 12:43:15.157+00","40.19061670","71.75148170",NULL,"1.79",NULL,NULL,NULL,NULL,False,NULL,NULL,"11.86","2026-03-06 18:01:44.51202+00"
"116882",8558,"2026-03-06 12:43:10.158+00","40.19063830","71.75134500",NULL,"2.01",NULL,NULL,NULL,NULL,False,NULL,NULL,"10.90","2026-03-06 18:01:44.51202+00"
"116880",8558,"2026-03-06 12:43:04.158+00","40.19064170","71.75121670",NULL,"1.94",NULL,NULL,NULL,NULL,False,NULL,NULL,"20.29","2026-03-06 18:01:44.512019+00"
"116881",8558,"2026-03-06 12:43:04.158+00","40.19064170","71.75121670",NULL,"1.94",NULL,NULL,NULL,NULL,False,NULL,NULL,"0.00","2026-03-06 18:01:44.512019+00"
"116879",8558,"2026-03-06 12:42:53.159+00","40.19081170","71.75113000",NULL,"3.61",NULL,NULL,NULL,NULL,False,NULL,NULL,"22.49","2026-03-06 18:01:44.512019+00"
"116878",8558,"2026-03-06 12:42:47.159+00","40.19099330","71.75124670",NULL,"3.40",NULL,NULL,NULL,NULL,False,NULL,NULL,"24.20","2026-03-06 18:01:44.512019+00"
"116877",8558,"2026-03-06 12:42:41.157+00","40.19118830","71.75137330",NULL,"3.60",NULL,NULL,NULL,NULL,False,NULL,NULL,"20.39","2026-03-06 18:01:44.512018+00"
"116876",8558,"2026-03-06 12:42:35.157+00","40.19135670","71.75146830",NULL,"2.96",NULL,NULL,NULL,NULL,False,NULL,NULL,"21.50","2026-03-06 18:01:44.512018+00"
"116875",8558,"2026-03-06 12:42:29.158+00","40.19154170","71.75154170",NULL,"2.92",NULL,NULL,NULL,NULL,False,NULL,NULL,"21.53","2026-03-06 18:01:44.512018+00"
"116873",8558,"2026-03-06 12:42:22.158+00","40.19172170","71.75163500",NULL,"3.24",NULL,NULL,NULL,NULL,False,NULL,NULL,"11.45","2026-03-06 18:01:44.512017+00"
"116874",8558,"2026-03-06 12:42:22.158+00","40.19172170","71.75163500",NULL,"3.24",NULL,NULL,NULL,NULL,False,NULL,NULL,"0.00","2026-03-06 18:01:44.512018+00"
"116872",8558,"2026-03-06 12:42:18.157+00","40.19181330","71.75169670",NULL,"1.83",NULL,NULL,NULL,NULL,False,NULL,NULL,"10.88","2026-03-06 18:01:44.512016+00"
"116871",8558,"2026-03-06 12:42:12.156+00","40.19190170","71.75175170",NULL,"1.70",NULL,NULL,NULL,NULL,False,NULL,NULL,"10.21","2026-03-06 18:01:44.512015+00"
"116869",8558,"2026-03-06 12:42:05.16+00","40.19198830","71.75179170",NULL,"1.81",NULL,NULL,NULL,NULL,False,NULL,NULL,"20.07","2026-03-06 18:01:44.512015+00"
"116870",8558,"2026-03-06 12:42:05.16+00","40.19198830","71.75179170",NULL,"1.81",NULL,NULL,NULL,NULL,False,NULL,NULL,"0.00","2026-03-06 18:01:44.512015+00"
"116868",8558,"2026-03-06 12:41:54.159+00","40.19212670","71.75194330",NULL,"2.67",NULL,NULL,NULL,NULL,False,NULL,NULL,"21.03","2026-03-06 18:01:44.512015+00"
"116866",8558,"2026-03-06 12:41:42.161+00","40.19231500","71.75196670",NULL,"4.03",NULL,NULL,NULL,NULL,False,NULL,NULL,"31.70","2026-03-06 18:01:44.512014+00"
"116867",8558,"2026-03-06 12:41:42.161+00","40.19231500","71.75196670",NULL,"4.03",NULL,NULL,NULL,NULL,False,NULL,NULL,"0.00","2026-03-06 18:01:44.512014+00"
"116865",8558,"2026-03-06 12:41:36.159+00","40.19242670","71.75162330",NULL,"9.04",NULL,NULL,NULL,NULL,False,NULL,NULL,"30.74","2026-03-06 18:01:44.512014+00"
"116864",8558,"2026-03-06 12:41:33.159+00","40.19252500","71.75128500",NULL,"11.83",NULL,NULL,NULL,NULL,False,NULL,NULL,"40.86","2026-03-06 18:01:44.512013+00"
"116863",8558,"2026-03-06 12:41:30.158+00","40.19265500","71.75083500",NULL,"12.20",NULL,NULL,NULL,NULL,False,NULL,NULL,"32.18","2026-03-06 18:01:44.512013+00"
"116862",8558,"2026-03-06 12:41:26.346+00","40.19283000","71.75053330",NULL,"11.76",NULL,NULL,NULL,NULL,False,NULL,NULL,"67.86","2026-03-06 18:01:44.512013+00"
"116860",8558,"2026-03-06 12:41:24.987+00","40.19240500","71.74996000",NULL,"11.46",NULL,NULL,NULL,NULL,False,NULL,NULL,"49.38","2026-03-06 18:01:44.512012+00"
"116861",8558,"2026-03-06 12:41:24.987+00","40.19240500","71.74996000",NULL,"11.46",NULL,NULL,NULL,NULL,False,NULL,NULL,"0.00","2026-03-06 18:01:44.512012+00"
"116858",8558,"2026-03-06 12:41:24.158+00","40.19284670","71.75002000",NULL,"12.65",NULL,NULL,NULL,NULL,False,NULL,NULL,"41.45","2026-03-06 18:01:44.512011+00"
"116859",8558,"2026-03-06 12:41:24.158+00","40.19284670","71.75002000",NULL,"12.65",NULL,NULL,NULL,NULL,False,NULL,NULL,"0.00","2026-03-06 18:01:44.512012+00"
"116857",8558,"2026-03-06 12:41:21.161+00","40.19299670","71.74957330",NULL,"12.16",NULL,NULL,NULL,NULL,False,NULL,NULL,"36.31","2026-03-06 18:01:44.512011+00"
"116855",8558,"2026-03-06 12:41:17.159+00","40.19309330","71.74916500",NULL,"12.35",NULL,NULL,NULL,NULL,False,NULL,NULL,"43.23","2026-03-06 18:01:44.51201+00"
"116856",8558,"2026-03-06 12:41:17.159+00","40.19309330","71.74916500",NULL,"12.35",NULL,NULL,NULL,NULL,False,NULL,NULL,"0.00","2026-03-06 18:01:44.512011+00"
"116853",8558,"2026-03-06 12:41:14.158+00","40.19313000","71.74865830",NULL,"12.64",NULL,NULL,NULL,NULL,False,NULL,NULL,"36.27","2026-03-06 18:01:44.512008+00"
"116854",8558,"2026-03-06 12:41:14.158+00","40.19313000","71.74865830",NULL,"12.64",NULL,NULL,NULL,NULL,False,NULL,NULL,"0.00","2026-03-06 18:01:44.512008+00"
"116852",8558,"2026-03-06 12:41:11.157+00","40.19320170","71.74824170",NULL,"12.31",NULL,NULL,NULL,NULL,False,NULL,NULL,"38.00","2026-03-06 18:01:44.512007+00"
"116851",8558,"2026-03-06 12:41:08.158+00","40.19327000","71.74780330",NULL,"11.78",NULL,NULL,NULL,NULL,False,NULL,NULL,"35.93","2026-03-06 18:01:44.512007+00"
"116849",8558,"2026-03-06 12:41:05.159+00","40.19339830","71.74741500",NULL,"10.31",NULL,NULL,NULL,NULL,False,NULL,NULL,"48.56","2026-03-06 18:01:44.248931+00"
"116850",8558,"2026-03-06 12:41:05.159+00","40.19339830","71.74741500",NULL,"10.31",NULL,NULL,NULL,NULL,False,NULL,NULL,"0.00","2026-03-06 18:01:44.248931+00"
"116847",8558,"2026-03-06 12:41:00.157+00","40.19346500","71.74685000",NULL,"12.51",NULL,NULL,NULL,NULL,False,NULL,NULL,"36.45","2026-03-06 18:01:44.248931+00"
"116848",8558,"2026-03-06 12:41:00.157+00","40.19346500","71.74685000",NULL,"12.51",NULL,NULL,NULL,NULL,False,NULL,NULL,"0.00","2026-03-06 18:01:44.248931+00"
"116846",8558,"2026-03-06 12:40:57.158+00","40.19354830","71.74643500",NULL,"12.19",NULL,NULL,NULL,NULL,False,NULL,NULL,"30.42","2026-03-06 18:01:44.24893+00"
"116844",8558,"2026-03-06 12:40:55.157+00","40.19359330","71.74608170",NULL,"12.40",NULL,NULL,NULL,NULL,False,NULL,NULL,"40.34","2026-03-06 18:01:44.24893+00"
"116845",8558,"2026-03-06 12:40:55.157+00","40.19359330","71.74608170",NULL,"12.40",NULL,NULL,NULL,NULL,False,NULL,NULL,"0.00","2026-03-06 18:01:44.24893+00"
"116843",8558,"2026-03-06 12:40:52.158+00","40.19365330","71.74561330",NULL,"13.31",NULL,NULL,NULL,NULL,False,NULL,NULL,"53.54","2026-03-06 18:01:44.24893+00"
"116842",8558,"2026-03-06 12:40:48.158+00","40.19374000","71.74499330",NULL,"12.89",NULL,NULL,NULL,NULL,False,NULL,NULL,"40.24","2026-03-06 18:01:44.24893+00"
"116840",8558,"2026-03-06 12:40:45.158+00","40.19388330","71.74455830",NULL,"13.17",NULL,NULL,NULL,NULL,False,NULL,NULL,"37.96","2026-03-06 18:01:44.248929+00"
"116841",8558,"2026-03-06 12:40:45.158+00","40.19388330","71.74455830",NULL,"13.17",NULL,NULL,NULL,NULL,False,NULL,NULL,"0.00","2026-03-06 18:01:44.24893+00"
"116839",8558,"2026-03-06 12:40:42.158+00","40.19399670","71.74413670",NULL,"11.96",NULL,NULL,NULL,NULL,False,NULL,NULL,"44.23","2026-03-06 18:01:44.248929+00"
"116838",8558,"2026-03-06 12:40:38.997+00","40.19393000","71.74362330",NULL,"10.19",NULL,NULL,NULL,NULL,False,NULL,NULL,"56.07","2026-03-06 18:01:44.248929+00"
"116836",8558,"2026-03-06 12:40:37.158+00","40.19421830","71.74308170",NULL,"7.59",NULL,NULL,NULL,NULL,False,NULL,NULL,"20.12","2026-03-06 18:01:44.248929+00"
"116837",8558,"2026-03-06 12:40:37.158+00","40.19421830","71.74308170",NULL,"7.59",NULL,NULL,NULL,NULL,False,NULL,NULL,"0.00","2026-03-06 18:01:44.248929+00"
"116835",8558,"2026-03-06 12:40:35.159+00","40.19421170","71.74284500",NULL,"6.85",NULL,NULL,NULL,NULL,False,NULL,NULL,"26.45","2026-03-06 18:01:44.248928+00"
"116834",8558,"2026-03-06 12:40:30.156+00","40.19424500","71.74253670",NULL,"5.16",NULL,NULL,NULL,NULL,False,NULL,NULL,"0.00","2026-03-06 18:01:44.248927+00"
"116833",8558,"2026-03-06 12:40:30.156+00","40.19424500","71.74253670",NULL,"5.16",NULL,NULL,NULL,NULL,False,NULL,NULL,"32.03","2026-03-06 18:01:44.248927+00"
"116831",8558,"2026-03-06 12:40:19.158+00","40.19452500","71.74244830",NULL,"11.84",NULL,NULL,NULL,NULL,False,NULL,NULL,"40.07","2026-03-06 18:01:44.248926+00"
"116832",8558,"2026-03-06 12:40:19.158+00","40.19452500","71.74244830",NULL,"11.84",NULL,NULL,NULL,NULL,False,NULL,NULL,"0.00","2026-03-06 18:01:44.248926+00"
"116830",8558,"2026-03-06 12:40:16.159+00","40.19479330","71.74276330",NULL,"15.50",NULL,NULL,NULL,NULL,False,NULL,NULL,"44.25","2026-03-06 18:01:44.248926+00"
"116829",8558,"2026-03-06 12:40:13.159+00","40.19508330","71.74312000",NULL,"16.35",NULL,NULL,NULL,NULL,False,NULL,NULL,"48.50","2026-03-06 18:01:44.248926+00"
"116828",8558,"2026-03-06 12:40:10.159+00","40.19539830","71.74351500",NULL,"15.85",NULL,NULL,NULL,NULL,False,NULL,NULL,"46.69","2026-03-06 18:01:44.248925+00"
"116827",8558,"2026-03-06 12:40:07.161+00","40.19570170","71.74389500",NULL,"15.90",NULL,NULL,NULL,NULL,False,NULL,NULL,"48.55","2026-03-06 18:01:44.248925+00"
"116826",8558,"2026-03-06 12:40:04.158+00","40.19602330","71.74428170",NULL,"15.74",NULL,NULL,NULL,NULL,False,NULL,NULL,"46.91","2026-03-06 18:01:44.248925+00"
"116825",8558,"2026-03-06 12:40:01.16+00","40.19632330","71.74467000",NULL,"16.05",NULL,NULL,NULL,NULL,False,NULL,NULL,"47.58","2026-03-06 18:01:44.248925+00"
"116824",8558,"2026-03-06 12:39:58.159+00","40.19663170","71.74505830",NULL,"16.01",NULL,NULL,NULL,NULL,False,NULL,NULL,"48.07","2026-03-06 18:01:44.248925+00"
"116823",8558,"2026-03-06 12:39:55.16+00","40.19694500","71.74544830",NULL,"15.94",NULL,NULL,NULL,NULL,False,NULL,NULL,"48.54","2026-03-06 18:01:44.248924+00"
"116822",8558,"2026-03-06 12:39:52.162+00","40.19726170","71.74584170",NULL,"16.05",NULL,NULL,NULL,NULL,False,NULL,NULL,"47.90","2026-03-06 18:01:44.248924+00"
"116821",8558,"2026-03-06 12:39:49.158+00","40.19758000","71.74622170",NULL,"16.35",NULL,NULL,NULL,NULL,False,NULL,NULL,"48.09","2026-03-06 18:01:44.248924+00"
"116820",8558,"2026-03-06 12:39:46.158+00","40.19789830","71.74660500",NULL,"16.61",NULL,NULL,NULL,NULL,False,NULL,NULL,"48.74","2026-03-06 18:01:44.248924+00"
"116819",8558,"2026-03-06 12:39:43.159+00","40.19821500","71.74700170",NULL,"16.13",NULL,NULL,NULL,NULL,False,NULL,NULL,"48.21","2026-03-06 18:01:44.248924+00"
"116818",8558,"2026-03-06 12:39:40.158+00","40.19853000","71.74739170",NULL,"16.01",NULL,NULL,NULL,NULL,False,NULL,NULL,"47.64","2026-03-06 18:01:44.248923+00"
"116817",8558,"2026-03-06 12:39:37.158+00","40.19883670","71.74778330",NULL,"15.89",NULL,NULL,NULL,NULL,False,NULL,NULL,"47.05","2026-03-06 18:01:44.248922+00"
"116816",8558,"2026-03-06 12:39:34.16+00","40.19914330","71.74816500",NULL,"15.52",NULL,NULL,NULL,NULL,False,NULL,NULL,"45.51","2026-03-06 18:01:44.248922+00"
"116815",8558,"2026-03-06 12:39:31.159+00","40.19944170","71.74853170",NULL,"15.14",NULL,NULL,NULL,NULL,False,NULL,NULL,"44.93","2026-03-06 18:01:44.248922+00"
"116814",8558,"2026-03-06 12:39:28.159+00","40.19972670","71.74890670",NULL,"14.49",NULL,NULL,NULL,NULL,False,NULL,NULL,"44.34","2026-03-06 18:01:44.248921+00"
"116813",8558,"2026-03-06 12:39:25.158+00","40.20001670","71.74926500",NULL,"14.02",NULL,NULL,NULL,NULL,False,NULL,NULL,"40.77","2026-03-06 18:01:44.248921+00"
"116812",8558,"2026-03-06 12:39:22.159+00","40.20028170","71.74959670",NULL,"14.07",NULL,NULL,NULL,NULL,False,NULL,NULL,"42.05","2026-03-06 18:01:44.248921+00"
"116811",8558,"2026-03-06 12:39:19.158+00","40.20055170","71.74994330",NULL,"14.49",NULL,NULL,NULL,NULL,False,NULL,NULL,"43.17","2026-03-06 18:01:44.248921+00"
"116810",8558,"2026-03-06 12:39:16.158+00","40.20082830","71.75030000",NULL,"14.66",NULL,NULL,NULL,NULL,False,NULL,NULL,"43.73","2026-03-06 18:01:44.248921+00"
"116809",8558,"2026-03-06 12:39:13.157+00","40.20111670","71.75065000",NULL,"15.05",NULL,NULL,NULL,NULL,False,NULL,NULL,"44.95","2026-03-06 18:01:44.24892+00"
"116808",8558,"2026-03-06 12:39:10.164+00","40.20140330","71.75102330",NULL,"14.93",NULL,NULL,NULL,NULL,False,NULL,NULL,"44.08","2026-03-06 18:01:44.24892+00"
"116807",8558,"2026-03-06 12:39:07.159+00","40.20169830","71.75137000",NULL,"14.95",NULL,NULL,NULL,NULL,False,NULL,NULL,"45.20","2026-03-06 18:01:44.24892+00"
"116806",8558,"2026-03-06 12:39:04.158+00","40.20200000","71.75172670",NULL,"15.42",NULL,NULL,NULL,NULL,False,NULL,NULL,"47.48","2026-03-06 18:01:44.24892+00"
"116805",8558,"2026-03-06 12:39:01.159+00","40.20231670","71.75210170",NULL,"15.46",NULL,NULL,NULL,NULL,False,NULL,NULL,"47.01","2026-03-06 18:01:44.248919+00"
"116804",8558,"2026-03-06 12:38:58.157+00","40.20262170","71.75248500",NULL,"15.32",NULL,NULL,NULL,NULL,False,NULL,NULL,"46.42","2026-03-06 18:01:44.248919+00"
"116803",8558,"2026-03-06 12:38:55.158+00","40.20292670","71.75285830",NULL,"15.15",NULL,NULL,NULL,NULL,False,NULL,NULL,"46.22","2026-03-06 18:01:44.248919+00"
"116802",8558,"2026-03-06 12:38:52.158+00","40.20322170","71.75324170",NULL,"15.25",NULL,NULL,NULL,NULL,False,NULL,NULL,"45.38","2026-03-06 18:01:44.248918+00"
"116801",8558,"2026-03-06 12:38:49.158+00","40.20348500","71.75365000",NULL,"15.42",NULL,NULL,NULL,NULL,False,NULL,NULL,"45.51","2026-03-06 18:01:44.248918+00"
"116800",8558,"2026-03-06 12:38:46.164+00","40.20371670","71.75409170",NULL,"15.37",NULL,NULL,NULL,NULL,False,NULL,NULL,"46.02","2026-03-06 18:01:43.974447+00"
"116799",8558,"2026-03-06 12:38:43.161+00","40.20391830","71.75456500",NULL,"14.94",NULL,NULL,NULL,NULL,False,NULL,NULL,"45.75","2026-03-06 18:01:43.974447+00"
"116798",8558,"2026-03-06 12:38:40.16+00","40.20410500","71.75504500",NULL,"14.88",NULL,NULL,NULL,NULL,False,NULL,NULL,"45.04","2026-03-06 18:01:43.974446+00"
"116797",8558,"2026-03-06 12:38:37.159+00","40.20428000","71.75552330",NULL,"15.02",NULL,NULL,NULL,NULL,False,NULL,NULL,"45.66","2026-03-06 18:01:43.974445+00"
"116796",8558,"2026-03-06 12:38:34.159+00","40.20446500","71.75600330",NULL,"15.15",NULL,NULL,NULL,NULL,False,NULL,NULL,"45.12","2026-03-06 18:01:43.974444+00"
"116795",8558,"2026-03-06 12:38:31.158+00","40.20463330","71.75648670",NULL,"14.68",NULL,NULL,NULL,NULL,False,NULL,NULL,"45.52","2026-03-06 18:01:43.974443+00"
"116794",8558,"2026-03-06 12:38:28.157+00","40.20480500","71.75697330",NULL,"16.06",NULL,NULL,NULL,NULL,False,NULL,NULL,"47.21","2026-03-06 18:01:43.974416+00"
"116793",8558,"2026-03-06 12:38:25.158+00","40.20499830","71.75746830",NULL,"15.50",NULL,NULL,NULL,NULL,False,NULL,NULL,"47.15","2026-03-06 18:01:43.974415+00"
"116792",8558,"2026-03-06 12:38:22.16+00","40.20517170","71.75797500",NULL,"15.83",NULL,NULL,NULL,NULL,False,NULL,NULL,"47.39","2026-03-06 18:01:43.974414+00"
"116791",8558,"2026-03-06 12:38:19.158+00","40.20535830","71.75847670",NULL,"16.05",NULL,NULL,NULL,NULL,False,NULL,NULL,"47.72","2026-03-06 18:01:43.974414+00"
"116790",8558,"2026-03-06 12:38:16.158+00","40.20555670","71.75897500",NULL,"16.09",NULL,NULL,NULL,NULL,False,NULL,NULL,"47.72","2026-03-06 18:01:43.974413+00"
"116789",8558,"2026-03-06 12:38:13.159+00","40.20576670","71.75946500",NULL,"16.05",NULL,NULL,NULL,NULL,False,NULL,NULL,"48.79","2026-03-06 18:01:43.974412+00"
"116788",8558,"2026-03-06 12:38:10.159+00","40.20595330","71.75998500",NULL,"15.89",NULL,NULL,NULL,NULL,False,NULL,NULL,"48.59","2026-03-06 18:01:43.974411+00"
"116787",8558,"2026-03-06 12:38:07.16+00","40.20613830","71.76050330",NULL,"16.22",NULL,NULL,NULL,NULL,False,NULL,NULL,"49.71","2026-03-06 18:01:43.974411+00"
"116786",8558,"2026-03-06 12:38:04.16+00","40.20633330","71.76103000",NULL,"16.56",NULL,NULL,NULL,NULL,False,NULL,NULL,"49.91","2026-03-06 18:01:43.97441+00"
"116785",8558,"2026-03-06 12:38:01.164+00","40.20653000","71.76155830",NULL,"16.79",NULL,NULL,NULL,NULL,False,NULL,NULL,"49.74","2026-03-06 18:01:43.974409+00"
"116784",8558,"2026-03-06 12:37:58.159+00","40.20672830","71.76208330",NULL,"16.94",NULL,NULL,NULL,NULL,False,NULL,NULL,"49.36","2026-03-06 18:01:43.974407+00"
"116783",8558,"2026-03-06 12:37:55.159+00","40.20692670","71.76260330",NULL,"17.09",NULL,NULL,NULL,NULL,False,NULL,NULL,"50.33","2026-03-06 18:01:43.974406+00"
"116782",8558,"2026-03-06 12:37:52.158+00","40.20713670","71.76312830",NULL,"17.06",NULL,NULL,NULL,NULL,False,NULL,NULL,"49.74","2026-03-06 18:01:43.974405+00"
"116781",8558,"2026-03-06 12:37:49.161+00","40.20733500","71.76365330",NULL,"16.98",NULL,NULL,NULL,NULL,False,NULL,NULL,"51.39","2026-03-06 18:01:43.974404+00"
"116780",8558,"2026-03-06 12:37:46.159+00","40.20753830","71.76419670",NULL,"16.60",NULL,NULL,NULL,NULL,False,NULL,NULL,"49.69","2026-03-06 18:01:43.974403+00"
"116779",8558,"2026-03-06 12:37:43.156+00","40.20773830","71.76472000",NULL,"16.18",NULL,NULL,NULL,NULL,False,NULL,NULL,"48.78","2026-03-06 18:01:43.974403+00"
"116778",8558,"2026-03-06 12:37:40.161+00","40.20794500","71.76522670",NULL,"16.20",NULL,NULL,NULL,NULL,False,NULL,NULL,"48.01","2026-03-06 18:01:43.974402+00"
"116777",8558,"2026-03-06 12:37:37.16+00","40.20813670","71.76573330",NULL,"15.88",NULL,NULL,NULL,NULL,False,NULL,NULL,"46.69","2026-03-06 18:01:43.974401+00"
"116776",8558,"2026-03-06 12:37:34.16+00","40.20831670","71.76623000",NULL,"15.36",NULL,NULL,NULL,NULL,False,NULL,NULL,"46.55","2026-03-06 18:01:43.9744+00"
"116775",8558,"2026-03-06 12:37:31.17+00","40.20850170","71.76672170",NULL,"15.35",NULL,NULL,NULL,NULL,False,NULL,NULL,"46.96","2026-03-06 18:01:43.9744+00"
"116774",8558,"2026-03-06 12:37:28.162+00","40.20869000","71.76721670",NULL,"15.90",NULL,NULL,NULL,NULL,False,NULL,NULL,"47.66","2026-03-06 18:01:43.974399+00"
"116773",8558,"2026-03-06 12:37:25.161+00","40.20887170","71.76772500",NULL,"15.75",NULL,NULL,NULL,NULL,False,NULL,NULL,"47.64","2026-03-06 18:01:43.974398+00"
"116772",8558,"2026-03-06 12:37:22.159+00","40.20905830","71.76823000",NULL,"16.15",NULL,NULL,NULL,NULL,False,NULL,NULL,"47.64","2026-03-06 18:01:43.974397+00"
"116771",8558,"2026-03-06 12:37:19.181+00","40.20925000","71.76873170",NULL,"16.23",NULL,NULL,NULL,NULL,False,NULL,NULL,"49.05","2026-03-06 18:01:43.974396+00"
"116770",8558,"2026-03-06 12:37:16.157+00","40.20943670","71.76925500",NULL,"15.85",NULL,NULL,NULL,NULL,False,NULL,NULL,"46.55","2026-03-06 18:01:43.974396+00"
"116769",8558,"2026-03-06 12:37:13.161+00","40.20962170","71.76974670",NULL,"15.59",NULL,NULL,NULL,NULL,False,NULL,NULL,"45.80","2026-03-06 18:01:43.974395+00"
"116768",8558,"2026-03-06 12:37:10.174+00","40.20979670","71.77023500",NULL,"15.49",NULL,NULL,NULL,NULL,False,NULL,NULL,"45.41","2026-03-06 18:01:43.974394+00"
"116767",8558,"2026-03-06 12:37:07.172+00","40.20997670","71.77071500",NULL,"14.52",NULL,NULL,NULL,NULL,False,NULL,NULL,"43.73","2026-03-06 18:01:43.974389+00"
"116766",8558,"2026-03-06 12:37:04.173+00","40.21014830","71.77117830",NULL,"14.94",NULL,NULL,NULL,NULL,False,NULL,NULL,"43.10","2026-03-06 18:01:43.974388+00"
"116765",8558,"2026-03-06 12:37:01.173+00","40.21032000","71.77163330",NULL,"15.08",NULL,NULL,NULL,NULL,False,NULL,NULL,"44.89","2026-03-06 18:01:43.974388+00"
"116764",8558,"2026-03-06 12:36:58.159+00","40.21049170","71.77211170",NULL,"15.19",NULL,NULL,NULL,NULL,False,NULL,NULL,"45.01","2026-03-06 18:01:43.974387+00"
"116763",8558,"2026-03-06 12:36:55.159+00","40.21066330","71.77259170",NULL,"15.72",NULL,NULL,NULL,NULL,False,NULL,NULL,"47.54","2026-03-06 18:01:43.974386+00"
"116762",8558,"2026-03-06 12:36:52.158+00","40.21089170","71.77306500",NULL,"16.11",NULL,NULL,NULL,NULL,False,NULL,NULL,"48.72","2026-03-06 18:01:43.974385+00"
"116761",8558,"2026-03-06 12:36:49.158+00","40.21113170","71.77354500",NULL,"16.07",NULL,NULL,NULL,NULL,False,NULL,NULL,"47.55","2026-03-06 18:01:43.974199+00"
"116760",8558,"2026-03-06 12:36:46.16+00","40.21137000","71.77401000",NULL,"16.05",NULL,NULL,NULL,NULL,False,NULL,NULL,"48.03","2026-03-06 18:01:43.974199+00"
"116759",8558,"2026-03-06 12:36:43.158+00","40.21160830","71.77448170",NULL,"16.06",NULL,NULL,NULL,NULL,False,NULL,NULL,"47.66","2026-03-06 18:01:43.974197+00"
"116758",8558,"2026-03-06 12:36:40.158+00","40.21184830","71.77494670",NULL,"15.67",NULL,NULL,NULL,NULL,False,NULL,NULL,"46.98","2026-03-06 18:01:43.974197+00"
"116757",8558,"2026-03-06 12:36:37.158+00","40.21208500","71.77540500",NULL,"15.50",NULL,NULL,NULL,NULL,False,NULL,NULL,"46.87","2026-03-06 18:01:43.974196+00"
"116756",8558,"2026-03-06 12:36:34.159+00","40.21232170","71.77586170",NULL,"15.60",NULL,NULL,NULL,NULL,False,NULL,NULL,"46.01","2026-03-06 18:01:43.974195+00"
"116755",8558,"2026-03-06 12:36:31.161+00","40.21254830","71.77631500",NULL,"15.20",NULL,NULL,NULL,NULL,False,NULL,NULL,"45.12","2026-03-06 18:01:43.974193+00"
"116754",8558,"2026-03-06 12:36:28.158+00","40.21276000","71.77676830",NULL,"15.17",NULL,NULL,NULL,NULL,False,NULL,NULL,"45.97","2026-03-06 18:01:43.974192+00"
"116753",8558,"2026-03-06 12:36:25.161+00","40.21298000","71.77722670",NULL,"15.20",NULL,NULL,NULL,NULL,False,NULL,NULL,"45.99","2026-03-06 18:01:43.974192+00"
"116752",8558,"2026-03-06 12:36:22.159+00","40.21319830","71.77768670",NULL,"15.03",NULL,NULL,NULL,NULL,False,NULL,NULL,"45.80","2026-03-06 18:01:43.97419+00"
"116751",8558,"2026-03-06 12:36:19.157+00","40.21341330","71.77814670",NULL,"15.12",NULL,NULL,NULL,NULL,False,NULL,NULL,"45.84","2026-03-06 18:01:43.974189+00"
"116750",8558,"2026-03-06 12:36:16.158+00","40.21363330","71.77860330",NULL,"15.42",NULL,NULL,NULL,NULL,False,NULL,NULL,"46.02","2026-03-06 18:01:43.654828+00"
"116749",8558,"2026-03-06 12:36:13.158+00","40.21386000","71.77905670",NULL,"15.17",NULL,NULL,NULL,NULL,False,NULL,NULL,"46.32","2026-03-06 18:01:43.654828+00"
"116748",8558,"2026-03-06 12:36:10.161+00","40.21409170","71.77951000",NULL,"14.88",NULL,NULL,NULL,NULL,False,NULL,NULL,"45.60","2026-03-06 18:01:43.654828+00"
"116747",8558,"2026-03-06 12:36:07.157+00","40.21432500","71.77995170",NULL,"14.78",NULL,NULL,NULL,NULL,False,NULL,NULL,"45.26","2026-03-06 18:01:43.654828+00"
"116746",8558,"2026-03-06 12:36:04.158+00","40.21455670","71.78039000",NULL,"15.29",NULL,NULL,NULL,NULL,False,NULL,NULL,"45.63","2026-03-06 18:01:43.654827+00"
"116745",8558,"2026-03-06 12:36:01.159+00","40.21478670","71.78083500",NULL,"15.20",NULL,NULL,NULL,NULL,False,NULL,NULL,"44.51","2026-03-06 18:01:43.654827+00"
"116744",8558,"2026-03-06 12:35:58.159+00","40.21501000","71.78127000",NULL,"14.70",NULL,NULL,NULL,NULL,False,NULL,NULL,"43.02","2026-03-06 18:01:43.654827+00"
"116743",8558,"2026-03-06 12:35:55.157+00","40.21526000","71.78165670",NULL,"13.57",NULL,NULL,NULL,NULL,False,NULL,NULL,"42.21","2026-03-06 18:01:43.654827+00"
"116742",8558,"2026-03-06 12:35:52.16+00","40.21554830","71.78198000",NULL,"13.93",NULL,NULL,NULL,NULL,False,NULL,NULL,"42.31","2026-03-06 18:01:43.654826+00"
"116741",8558,"2026-03-06 12:35:49.159+00","40.21584000","71.78230000",NULL,"13.74",NULL,NULL,NULL,NULL,False,NULL,NULL,"42.35","2026-03-06 18:01:43.654825+00"
"116740",8558,"2026-03-06 12:35:46.158+00","40.21612330","71.78263330",NULL,"13.88",NULL,NULL,NULL,NULL,False,NULL,NULL,"42.10","2026-03-06 18:01:43.654825+00"
"116739",8558,"2026-03-06 12:35:43.159+00","40.21640000","71.78297170",NULL,"13.72",NULL,NULL,NULL,NULL,False,NULL,NULL,"41.05","2026-03-06 18:01:43.654825+00"
"116738",8558,"2026-03-06 12:35:40.159+00","40.21667330","71.78329670",NULL,"14.04",NULL,NULL,NULL,NULL,False,NULL,NULL,"41.86","2026-03-06 18:01:43.654825+00"
"116737",8558,"2026-03-06 12:35:37.159+00","40.21694830","71.78363330",NULL,"13.83",NULL,NULL,NULL,NULL,False,NULL,NULL,"40.00","2026-03-06 18:01:43.654825+00"
"116736",8558,"2026-03-06 12:35:34.158+00","40.21719330","71.78397830",NULL,"13.49",NULL,NULL,NULL,NULL,False,NULL,NULL,"52.87","2026-03-06 18:01:43.654824+00"
"116735",8558,"2026-03-06 12:35:30.158+00","40.21745670","71.78449670",NULL,"13.96",NULL,NULL,NULL,NULL,False,NULL,NULL,"40.37","2026-03-06 18:01:43.654824+00"
"116734",8558,"2026-03-06 12:35:27.158+00","40.21763170","71.78491330",NULL,"13.61",NULL,NULL,NULL,NULL,False,NULL,NULL,"48.15","2026-03-06 18:01:43.654824+00"
"116733",8558,"2026-03-06 12:35:23.158+00","40.21783830","71.78541170",NULL,"13.38",NULL,NULL,NULL,NULL,False,NULL,NULL,"49.85","2026-03-06 18:01:43.654824+00"
"116731",8558,"2026-03-06 12:35:19.904+00","40.21823170","71.78569330",NULL,"12.94",NULL,NULL,NULL,NULL,False,NULL,NULL,"48.83","2026-03-06 18:01:43.654823+00"
"116732",8558,"2026-03-06 12:35:19.904+00","40.21823170","71.78569330",NULL,"12.94",NULL,NULL,NULL,NULL,False,NULL,NULL,"0.00","2026-03-06 18:01:43.654824+00"
"116730",8558,"2026-03-06 12:35:17.158+00","40.21840500","71.78622170",NULL,"11.86",NULL,NULL,NULL,NULL,False,NULL,NULL,"34.36","2026-03-06 18:01:43.654823+00"
"116729",8558,"2026-03-06 12:35:14.158+00","40.21860670","71.78652830",NULL,"9.57",NULL,NULL,NULL,NULL,False,NULL,NULL,"39.85","2026-03-06 18:01:43.654823+00"
"116727",8558,"2026-03-06 12:35:10.158+00","40.21883670","71.78688830",NULL,"8.13",NULL,NULL,NULL,NULL,False,NULL,NULL,"24.59","2026-03-06 18:01:43.654823+00"
"116728",8558,"2026-03-06 12:35:10.158+00","40.21883670","71.78688830",NULL,"8.13",NULL,NULL,NULL,NULL,False,NULL,NULL,"0.00","2026-03-06 18:01:43.654823+00"
"116725",8558,"2026-03-06 12:35:06.157+00","40.21901000","71.78706830",NULL,"5.46",NULL,NULL,NULL,NULL,False,NULL,NULL,"33.78","2026-03-06 18:01:43.654822+00"
"116726",8558,"2026-03-06 12:35:06.157+00","40.21901000","71.78706830",NULL,"5.46",NULL,NULL,NULL,NULL,False,NULL,NULL,"0.00","2026-03-06 18:01:43.654822+00"
"116724",8558,"2026-03-06 12:35:00.158+00","40.21906330","71.78746000",NULL,"8.04",NULL,NULL,NULL,NULL,False,NULL,NULL,"35.17","2026-03-06 18:01:43.654822+00"
"116723",8558,"2026-03-06 12:34:56.158+00","40.21910830","71.78787000",NULL,"9.52",NULL,NULL,NULL,NULL,False,NULL,NULL,"31.41","2026-03-06 18:01:43.654821+00"
"116722",8558,"2026-03-06 12:34:53.157+00","40.21918330","71.78822670",NULL,"11.04",NULL,NULL,NULL,NULL,False,NULL,NULL,"35.60","2026-03-06 18:01:43.654821+00"
"116720",8558,"2026-03-06 12:34:49.159+00","40.21916170","71.78864500",NULL,"12.31",NULL,NULL,NULL,NULL,False,NULL,NULL,"46.05","2026-03-06 18:01:43.65482+00"
"116721",8558,"2026-03-06 12:34:49.159+00","40.21916170","71.78864500",NULL,"12.31",NULL,NULL,NULL,NULL,False,NULL,NULL,"0.00","2026-03-06 18:01:43.65482+00"
"116718",8558,"2026-03-06 12:34:46.159+00","40.21927500","71.78916670",NULL,"12.61",NULL,NULL,NULL,NULL,False,NULL,NULL,"38.18","2026-03-06 18:01:43.65482+00"
"116719",8558,"2026-03-06 12:34:46.159+00","40.21927500","71.78916670",NULL,"12.61",NULL,NULL,NULL,NULL,False,NULL,NULL,"0.00","2026-03-06 18:01:43.65482+00"
"116717",8558,"2026-03-06 12:34:43.159+00","40.21934000","71.78960830",NULL,"12.21",NULL,NULL,NULL,NULL,False,NULL,NULL,"35.48","2026-03-06 18:01:43.65482+00"
"116716",8558,"2026-03-06 12:34:40.159+00","40.21940170","71.79001830",NULL,"11.25",NULL,NULL,NULL,NULL,False,NULL,NULL,"35.21","2026-03-06 18:01:43.654819+00"
"116715",8558,"2026-03-06 12:34:37.158+00","40.21945670","71.79042670",NULL,"11.04",NULL,NULL,NULL,NULL,False,NULL,NULL,"33.37","2026-03-06 18:01:43.654819+00"
"116714",8558,"2026-03-06 12:34:34.159+00","40.21950330","71.79081500",NULL,"11.10",NULL,NULL,NULL,NULL,False,NULL,NULL,"34.23","2026-03-06 18:01:43.654819+00"
"116713",8558,"2026-03-06 12:34:31.156+00","40.21955830","71.79121170",NULL,"11.48",NULL,NULL,NULL,NULL,False,NULL,NULL,"34.75","2026-03-06 18:01:43.654819+00"
"116712",8558,"2026-03-06 12:34:28.159+00","40.21963000","71.79161000",NULL,"11.70",NULL,NULL,NULL,NULL,False,NULL,NULL,"35.52","2026-03-06 18:01:43.654818+00"
"116711",8558,"2026-03-06 12:34:25.159+00","40.21971000","71.79201500",NULL,"11.22",NULL,NULL,NULL,NULL,False,NULL,NULL,"35.90","2026-03-06 18:01:43.654818+00"
"116710",8558,"2026-03-06 12:34:22.158+00","40.21976500","71.79243170",NULL,"12.20",NULL,NULL,NULL,NULL,False,NULL,NULL,"36.90","2026-03-06 18:01:43.654818+00"
"116709",8558,"2026-03-06 12:34:19.158+00","40.21984000","71.79285500",NULL,"12.18",NULL,NULL,NULL,NULL,False,NULL,NULL,"31.73","2026-03-06 18:01:43.654818+00"
"116708",8558,"2026-03-06 12:34:16.158+00","40.21989500","71.79322170",NULL,"10.72",NULL,NULL,NULL,NULL,False,NULL,NULL,"30.97","2026-03-06 18:01:43.654817+00"
"116707",8558,"2026-03-06 12:34:13.158+00","40.21994000","71.79358170",NULL,"9.41",NULL,NULL,NULL,NULL,False,NULL,NULL,"34.21","2026-03-06 18:01:43.654817+00"
"116706",8558,"2026-03-06 12:34:07.379+00","40.21979670","71.79393830",NULL,"7.75",NULL,NULL,NULL,NULL,False,NULL,NULL,"42.73","2026-03-06 18:01:43.654814+00"
"116704",8558,"2026-03-06 12:34:06.159+00","40.21999830","71.79436670",NULL,"7.52",NULL,NULL,NULL,NULL,False,NULL,NULL,"25.88","2026-03-06 18:01:43.654814+00"
"116705",8558,"2026-03-06 12:34:06.159+00","40.21999830","71.79436670",NULL,"7.52",NULL,NULL,NULL,NULL,False,NULL,NULL,"0.00","2026-03-06 18:01:43.654814+00"
"116702",8558,"2026-03-06 12:34:03.159+00","40.22002170","71.79467000",NULL,"4.78",NULL,NULL,NULL,NULL,False,NULL,NULL,"31.01","2026-03-06 18:01:43.654813+00"
"116703",8558,"2026-03-06 12:34:03.159+00","40.22002170","71.79467000",NULL,"4.78",NULL,NULL,NULL,NULL,False,NULL,NULL,"0.00","2026-03-06 18:01:43.654813+00"
"116701",8558,"2026-03-06 12:33:17.158+00","40.22003170","71.79503500",NULL,"7.93",NULL,NULL,NULL,NULL,False,NULL,NULL,"30.40","2026-03-06 18:01:43.654812+00"
"116700",8558,"2026-03-06 12:33:14.16+00","40.21995000","71.79469330",NULL,"11.29",NULL,NULL,NULL,NULL,False,NULL,NULL,"34.74","2026-03-06 18:01:43.357054+00"
"116699",8558,"2026-03-06 12:33:11.158+00","40.21991500","71.79428670",NULL,"11.98",NULL,NULL,NULL,NULL,False,NULL,NULL,"36.15","2026-03-06 18:01:43.357053+00"
"116698",8558,"2026-03-06 12:33:08.159+00","40.21985500","71.79386830",NULL,"11.91",NULL,NULL,NULL,NULL,False,NULL,NULL,"36.01","2026-03-06 18:01:43.357052+00"
"116697",8558,"2026-03-06 12:33:05.157+00","40.21981000","71.79344830",NULL,"12.10",NULL,NULL,NULL,NULL,False,NULL,NULL,"35.56","2026-03-06 18:01:43.357052+00"
"116696",8558,"2026-03-06 12:33:02.158+00","40.21976670","71.79303330",NULL,"11.81",NULL,NULL,NULL,NULL,False,NULL,NULL,"35.36","2026-03-06 18:01:43.357051+00"
"116695",8558,"2026-03-06 12:32:59.159+00","40.21971830","71.79262170",NULL,"11.47",NULL,NULL,NULL,NULL,False,NULL,NULL,"34.17","2026-03-06 18:01:43.35705+00"
"116694",8558,"2026-03-06 12:32:56.158+00","40.21966670","71.79222500",NULL,"11.10",NULL,NULL,NULL,NULL,False,NULL,NULL,"32.43","2026-03-06 18:01:43.357047+00"
"116693",8558,"2026-03-06 12:32:53.159+00","40.21961830","71.79184830",NULL,"10.83",NULL,NULL,NULL,NULL,False,NULL,NULL,"31.65","2026-03-06 18:01:43.357047+00"
"116692",8558,"2026-03-06 12:32:50.156+00","40.21956670","71.79148170",NULL,"10.62",NULL,NULL,NULL,NULL,False,NULL,NULL,"32.32","2026-03-06 18:01:43.357046+00"
"116691",8558,"2026-03-06 12:32:47.158+00","40.21951670","71.79110670",NULL,"10.34",NULL,NULL,NULL,NULL,False,NULL,NULL,"31.03","2026-03-06 18:01:43.357045+00"
"116690",8558,"2026-03-06 12:32:44.159+00","40.21947670","71.79074500",NULL,"10.55",NULL,NULL,NULL,NULL,False,NULL,NULL,"33.19","2026-03-06 18:01:43.357044+00"
"116689",8558,"2026-03-06 12:32:41.157+00","40.21943330","71.79035830",NULL,"11.64",NULL,NULL,NULL,NULL,False,NULL,NULL,"34.83","2026-03-06 18:01:43.357044+00"
"116688",8558,"2026-03-06 12:32:38.156+00","40.21938330","71.78995330",NULL,"11.32",NULL,NULL,NULL,NULL,False,NULL,NULL,"35.52","2026-03-06 18:01:43.357043+00"
"116687",8558,"2026-03-06 12:32:34.892+00","40.21934330","71.78953830",NULL,"9.68",NULL,NULL,NULL,NULL,False,NULL,NULL,"36.58","2026-03-06 18:01:43.357042+00"
"116685",8558,"2026-03-06 12:32:31.158+00","40.21925500","71.78912330",NULL,"9.14",NULL,NULL,NULL,NULL,False,NULL,NULL,"28.40","2026-03-06 18:01:43.357041+00"
"116686",8558,"2026-03-06 12:32:31.158+00","40.21925500","71.78912330",NULL,"9.14",NULL,NULL,NULL,NULL,False,NULL,NULL,"0.00","2026-03-06 18:01:43.357041+00"
"116683",8558,"2026-03-06 12:32:28.158+00","40.21929670","71.78879330",NULL,"7.25",NULL,NULL,NULL,NULL,False,NULL,NULL,"30.28","2026-03-06 18:01:43.357039+00"
"116684",8558,"2026-03-06 12:32:28.158+00","40.21929670","71.78879330",NULL,"7.25",NULL,NULL,NULL,NULL,False,NULL,NULL,"0.00","2026-03-06 18:01:43.35704+00"
"116681",8558,"2026-03-06 12:32:25.158+00","40.21918170","71.78847000",NULL,"7.58",NULL,NULL,NULL,NULL,False,NULL,NULL,"23.08","2026-03-06 18:01:43.357038+00"
"116682",8558,"2026-03-06 12:32:25.158+00","40.21918170","71.78847000",NULL,"7.58",NULL,NULL,NULL,NULL,False,NULL,NULL,"0.00","2026-03-06 18:01:43.357038+00"
"116680",8558,"2026-03-06 12:32:22.158+00","40.21914830","71.78820170",NULL,"6.42",NULL,NULL,NULL,NULL,False,NULL,NULL,"21.12","2026-03-06 18:01:43.357037+00"
"116679",8558,"2026-03-06 12:32:19.158+00","40.21909830","71.78796170",NULL,"5.84",NULL,NULL,NULL,NULL,False,NULL,NULL,"25.53","2026-03-06 18:01:43.357036+00"
"116678",8558,"2026-03-06 12:32:15.157+00","40.21902170","71.78767830",NULL,"6.07",NULL,NULL,NULL,NULL,False,NULL,NULL,"21.96","2026-03-06 18:01:43.357035+00"
"116677",8558,"2026-03-06 12:32:11.157+00","40.21894500","71.78744000",NULL,"5.44",NULL,NULL,NULL,NULL,False,NULL,NULL,"21.43","2026-03-06 18:01:43.357034+00"
"116676",8558,"2026-03-06 12:32:07.159+00","40.21884830","71.78722170",NULL,"5.36",NULL,NULL,NULL,NULL,False,NULL,NULL,"24.42","2026-03-06 18:01:43.357032+00"
"116675",8558,"2026-03-06 12:32:02.157+00","40.21872000","71.78698830",NULL,"3.80",NULL,NULL,NULL,NULL,False,NULL,NULL,"20.03","2026-03-06 18:01:43.357031+00"
"116673",8558,"2026-03-06 12:31:57.158+00","40.21878830","71.78677000",NULL,"2.86",NULL,NULL,NULL,NULL,False,NULL,NULL,"30.51","2026-03-06 18:01:43.357029+00"
"116674",8558,"2026-03-06 12:31:57.158+00","40.21878830","71.78677000",NULL,"2.86",NULL,NULL,NULL,NULL,False,NULL,NULL,"0.00","2026-03-06 18:01:43.35703+00"
"116672",8558,"2026-03-06 12:31:51.157+00","40.21896330","71.78649330",NULL,"9.03",NULL,NULL,NULL,NULL,False,NULL,NULL,"38.47","2026-03-06 18:01:43.357029+00"
"116671",8558,"2026-03-06 12:31:47.158+00","40.21913500","71.78610000",NULL,"9.84",NULL,NULL,NULL,NULL,False,NULL,NULL,"39.17","2026-03-06 18:01:43.357028+00"
"116670",8558,"2026-03-06 12:31:43.158+00","40.21930830","71.78569830",NULL,"10.02",NULL,NULL,NULL,NULL,False,NULL,NULL,"30.27","2026-03-06 18:01:43.357027+00"
"116669",8558,"2026-03-06 12:31:40.158+00","40.21944500","71.78539000",NULL,"10.29",NULL,NULL,NULL,NULL,False,NULL,NULL,"30.41","2026-03-06 18:01:43.357026+00"
"116668",8558,"2026-03-06 12:31:37.157+00","40.21958830","71.78508500",NULL,"10.06",NULL,NULL,NULL,NULL,False,NULL,NULL,"32.71","2026-03-06 18:01:43.357025+00"
"116666",8558,"2026-03-06 12:31:34.159+00","40.21972170","71.78474170",NULL,"11.25",NULL,NULL,NULL,NULL,False,NULL,NULL,"48.10","2026-03-06 18:01:43.357023+00"
"116667",8558,"2026-03-06 12:31:34.159+00","40.21972170","71.78474170",NULL,"11.25",NULL,NULL,NULL,NULL,False,NULL,NULL,"0.00","2026-03-06 18:01:43.357024+00"
"116665",8558,"2026-03-06 12:31:30.16+00","40.21992500","71.78424170",NULL,"12.65",NULL,NULL,NULL,NULL,False,NULL,NULL,"52.19","2026-03-06 18:01:43.357022+00"
"116664",8558,"2026-03-06 12:31:26.163+00","40.22015830","71.78370830",NULL,"13.40",NULL,NULL,NULL,NULL,False,NULL,NULL,"52.37","2026-03-06 18:01:43.357021+00"
"116663",8558,"2026-03-06 12:31:22.159+00","40.22038830","71.78317000",NULL,"13.10",NULL,NULL,NULL,NULL,False,NULL,NULL,"52.77","2026-03-06 18:01:43.357021+00"
"116662",8558,"2026-03-06 12:31:18.158+00","40.22061170","71.78262170",NULL,"13.01",NULL,NULL,NULL,NULL,False,NULL,NULL,"52.05","2026-03-06 18:01:43.35702+00"
"116661",8558,"2026-03-06 12:31:14.158+00","40.22083330","71.78208170",NULL,"13.17",NULL,NULL,NULL,NULL,False,NULL,NULL,"52.65","2026-03-06 18:01:43.357019+00"
"116660",8558,"2026-03-06 12:31:10.16+00","40.22106830","71.78154330",NULL,"13.21",NULL,NULL,NULL,NULL,False,NULL,NULL,"40.37","2026-03-06 18:01:43.357018+00"
"116659",8558,"2026-03-06 12:31:07.159+00","40.22125000","71.78113170",NULL,"13.64",NULL,NULL,NULL,NULL,False,NULL,NULL,"41.43","2026-03-06 18:01:43.357017+00"
"116658",8558,"2026-03-06 12:31:04.16+00","40.22142830","71.78070330",NULL,"13.73",NULL,NULL,NULL,NULL,False,NULL,NULL,"41.47","2026-03-06 18:01:43.357008+00"
"116657",8558,"2026-03-06 12:31:01.161+00","40.22161670","71.78028170",NULL,"13.93",NULL,NULL,NULL,NULL,False,NULL,NULL,"41.52","2026-03-06 18:01:43.357007+00"
"116656",8558,"2026-03-06 12:30:58.159+00","40.22179670","71.77985330",NULL,"13.32",NULL,NULL,NULL,NULL,False,NULL,NULL,"41.15","2026-03-06 18:01:43.357006+00"
"116655",8558,"2026-03-06 12:30:55.159+00","40.22197000","71.77942500",NULL,"13.42",NULL,NULL,NULL,NULL,False,NULL,NULL,"40.12","2026-03-06 18:01:43.357004+00"
"116654",8558,"2026-03-06 12:30:52.16+00","40.22214500","71.77901170",NULL,"13.67",NULL,NULL,NULL,NULL,False,NULL,NULL,"41.60","2026-03-06 18:01:43.357004+00"
"116653",8558,"2026-03-06 12:30:49.158+00","40.22235170","71.77860330",NULL,"14.40",NULL,NULL,NULL,NULL,False,NULL,NULL,"43.44","2026-03-06 18:01:43.357003+00"
"116652",8558,"2026-03-06 12:30:46.157+00","40.22257670","71.77818500",NULL,"14.65",NULL,NULL,NULL,NULL,False,NULL,NULL,"44.00","2026-03-06 18:01:43.357002+00"
"116651",8558,"2026-03-06 12:30:43.159+00","40.22280670","71.77776330",NULL,"15.11",NULL,NULL,NULL,NULL,False,NULL,NULL,"44.79","2026-03-06 18:01:43.357+00"
"116650",8558,"2026-03-06 12:30:40.16+00","40.22303830","71.77733170",NULL,"15.04",NULL,NULL,NULL,NULL,False,NULL,NULL,"45.62","2026-03-06 18:01:43.06664+00"
"116649",8558,"2026-03-06 12:30:37.159+00","40.22327000","71.77688830",NULL,"15.18",NULL,NULL,NULL,NULL,False,NULL,NULL,"46.26","2026-03-06 18:01:43.06664+00"
"116648",8558,"2026-03-06 12:30:34.158+00","40.22350830","71.77644170",NULL,"15.46",NULL,NULL,NULL,NULL,False,NULL,NULL,"45.59","2026-03-06 18:01:43.06664+00"
"116647",8558,"2026-03-06 12:30:31.158+00","40.22374500","71.77600330",NULL,"14.94",NULL,NULL,NULL,NULL,False,NULL,NULL,"44.49","2026-03-06 18:01:43.066639+00"
"116646",8558,"2026-03-06 12:30:28.159+00","40.22395830","71.77556000",NULL,"14.58",NULL,NULL,NULL,NULL,False,NULL,NULL,"44.79","2026-03-06 18:01:43.066639+00"
"116645",8558,"2026-03-06 12:30:25.161+00","40.22419170","71.77513000",NULL,"15.26",NULL,NULL,NULL,NULL,False,NULL,NULL,"43.36","2026-03-06 18:01:43.066639+00"
"116644",8558,"2026-03-06 12:30:22.161+00","40.22441170","71.77470830",NULL,"13.75",NULL,NULL,NULL,NULL,False,NULL,NULL,"41.21","2026-03-06 18:01:43.066639+00"
"116643",8558,"2026-03-06 12:30:19.16+00","40.22461000","71.77429830",NULL,"13.21",NULL,NULL,NULL,NULL,False,NULL,NULL,"41.12","2026-03-06 18:01:43.066638+00"
"116642",8558,"2026-03-06 12:30:16.16+00","40.22481670","71.77389670",NULL,"13.86",NULL,NULL,NULL,NULL,False,NULL,NULL,"41.35","2026-03-06 18:01:43.066638+00"
"116641",8558,"2026-03-06 12:30:13.159+00","40.22502500","71.77349330",NULL,"13.73",NULL,NULL,NULL,NULL,False,NULL,NULL,"41.71","2026-03-06 18:01:43.066638+00"
"116640",8558,"2026-03-06 12:30:10.157+00","40.22523170","71.77308330",NULL,"13.82",NULL,NULL,NULL,NULL,False,NULL,NULL,"41.32","2026-03-06 18:01:43.066637+00"
"116639",8558,"2026-03-06 12:30:07.159+00","40.22544170","71.77268170",NULL,"13.73",NULL,NULL,NULL,NULL,False,NULL,NULL,"40.75","2026-03-06 18:01:43.066637+00"
"116638",8558,"2026-03-06 12:30:04.158+00","40.22565170","71.77228830",NULL,"13.47",NULL,NULL,NULL,NULL,False,NULL,NULL,"40.28","2026-03-06 18:01:43.066637+00"
"116637",8558,"2026-03-06 12:30:01.158+00","40.22586170","71.77190170",NULL,"13.51",NULL,NULL,NULL,NULL,False,NULL,NULL,"40.58","2026-03-06 18:01:43.066637+00"
"116636",8558,"2026-03-06 12:29:58.158+00","40.22606330","71.77150330",NULL,"13.32",NULL,NULL,NULL,NULL,False,NULL,NULL,"52.84","2026-03-06 18:01:43.066637+00"
"116635",8558,"2026-03-06 12:29:54.158+00","40.22632830","71.77098670",NULL,"13.33",NULL,NULL,NULL,NULL,False,NULL,NULL,"39.96","2026-03-06 18:01:43.066637+00"
"116634",8558,"2026-03-06 12:29:51.156+00","40.22653670","71.77060330",NULL,"13.21",NULL,NULL,NULL,NULL,False,NULL,NULL,"40.08","2026-03-06 18:01:43.066636+00"
"116633",8558,"2026-03-06 12:29:48.158+00","40.22674170","71.77021500",NULL,"13.59",NULL,NULL,NULL,NULL,False,NULL,NULL,"40.57","2026-03-06 18:01:43.066636+00"
"116632",8558,"2026-03-06 12:29:45.157+00","40.22694330","71.76981670",NULL,"13.24",NULL,NULL,NULL,NULL,False,NULL,NULL,"39.97","2026-03-06 18:01:43.066636+00"
"116631",8558,"2026-03-06 12:29:42.158+00","40.22714830","71.76943000",NULL,"13.51",NULL,NULL,NULL,NULL,False,NULL,NULL,"41.28","2026-03-06 18:01:43.066636+00"
"116630",8558,"2026-03-06 12:29:39.158+00","40.22736830","71.76903830",NULL,"13.83",NULL,NULL,NULL,NULL,False,NULL,NULL,"41.29","2026-03-06 18:01:43.066635+00"
"116629",8558,"2026-03-06 12:29:36.157+00","40.22758670","71.76864500",NULL,"13.72",NULL,NULL,NULL,NULL,False,NULL,NULL,"40.71","2026-03-06 18:01:43.066635+00"
"116628",8558,"2026-03-06 12:29:33.158+00","40.22780500","71.76826000",NULL,"13.39",NULL,NULL,NULL,NULL,False,NULL,NULL,"40.20","2026-03-06 18:01:43.066635+00"
"116627",8558,"2026-03-06 12:29:30.158+00","40.22801000","71.76787000",NULL,"13.62",NULL,NULL,NULL,NULL,False,NULL,NULL,"40.16","2026-03-06 18:01:43.066635+00"
"116626",8558,"2026-03-06 12:29:27.16+00","40.22822170","71.76748670",NULL,"12.97",NULL,NULL,NULL,NULL,False,NULL,NULL,"51.97","2026-03-06 18:01:43.066635+00"
"116625",8558,"2026-03-06 12:29:23.157+00","40.22849670","71.76699170",NULL,"13.59",NULL,NULL,NULL,NULL,False,NULL,NULL,"40.58","2026-03-06 18:01:43.066634+00"
"116624",8558,"2026-03-06 12:29:20.157+00","40.22869830","71.76659330",NULL,"13.51",NULL,NULL,NULL,NULL,False,NULL,NULL,"51.78","2026-03-06 18:01:43.066634+00"
"116623",8558,"2026-03-06 12:29:16.158+00","40.22896330","71.76609170",NULL,"13.33",NULL,NULL,NULL,NULL,False,NULL,NULL,"47.70","2026-03-06 18:01:43.066633+00"
"116622",8558,"2026-03-06 12:29:12.159+00","40.22919830","71.76562170",NULL,"13.05",NULL,NULL,NULL,NULL,False,NULL,NULL,"51.53","2026-03-06 18:01:43.066633+00"
"116620",8558,"2026-03-06 12:29:09.157+00","40.22949000","71.76515000",NULL,"12.97",NULL,NULL,NULL,NULL,False,NULL,NULL,"37.45","2026-03-06 18:01:43.066633+00"
"116621",8558,"2026-03-06 12:29:09.157+00","40.22949000","71.76515000",NULL,"12.97",NULL,NULL,NULL,NULL,False,NULL,NULL,"0.00","2026-03-06 18:01:43.066633+00"
"116619",8558,"2026-03-06 12:29:06.159+00","40.22969330","71.76479830",NULL,"12.32",NULL,NULL,NULL,NULL,False,NULL,NULL,"36.36","2026-03-06 18:01:43.066633+00"
"116618",8558,"2026-03-06 12:29:03.157+00","40.22988000","71.76444670",NULL,"12.34",NULL,NULL,NULL,NULL,False,NULL,NULL,"36.58","2026-03-06 18:01:43.066632+00"
"116617",8558,"2026-03-06 12:29:00.158+00","40.23005670","71.76408330",NULL,"11.95",NULL,NULL,NULL,NULL,False,NULL,NULL,"35.42","2026-03-06 18:01:43.066632+00"
"116616",8558,"2026-03-06 12:28:57.157+00","40.23022000","71.76372500",NULL,"11.42",NULL,NULL,NULL,NULL,False,NULL,NULL,"34.27","2026-03-06 18:01:43.066632+00"
"116615",8558,"2026-03-06 12:28:54.157+00","40.23034330","71.76335500",NULL,"11.72",NULL,NULL,NULL,NULL,False,NULL,NULL,"36.04","2026-03-06 18:01:43.066631+00"
"116614",8558,"2026-03-06 12:28:51.157+00","40.23046830","71.76296330",NULL,"11.93",NULL,NULL,NULL,NULL,False,NULL,NULL,"36.30","2026-03-06 18:01:43.066631+00"
"116613",8558,"2026-03-06 12:28:48.158+00","40.23059330","71.76256830",NULL,"12.10",NULL,NULL,NULL,NULL,False,NULL,NULL,"36.03","2026-03-06 18:01:43.066631+00"
"116612",8558,"2026-03-06 12:28:45.158+00","40.23071830","71.76217670",NULL,"11.72",NULL,NULL,NULL,NULL,False,NULL,NULL,"35.20","2026-03-06 18:01:43.066631+00"
"116611",8558,"2026-03-06 12:28:42.157+00","40.23084500","71.76179670",NULL,"11.44",NULL,NULL,NULL,NULL,False,NULL,NULL,"35.08","2026-03-06 18:01:43.066631+00"
"116610",8558,"2026-03-06 12:28:39.157+00","40.23097170","71.76141830",NULL,"11.76",NULL,NULL,NULL,NULL,False,NULL,NULL,"36.14","2026-03-06 18:01:43.06663+00"
"116609",8558,"2026-03-06 12:28:36.158+00","40.23110500","71.76103000",NULL,"11.86",NULL,NULL,NULL,NULL,False,NULL,NULL,"34.63","2026-03-06 18:01:43.06663+00"
"116608",8558,"2026-03-06 12:28:33.158+00","40.23123330","71.76065830",NULL,"10.67",NULL,NULL,NULL,NULL,False,NULL,NULL,"40.06","2026-03-06 18:01:43.06663+00"
"116607",8558,"2026-03-06 12:28:29.158+00","40.23136670","71.76022000",NULL,"9.45",NULL,NULL,NULL,NULL,False,NULL,NULL,"38.57","2026-03-06 18:01:43.066628+00"
"116606",8558,"2026-03-06 12:28:25.159+00","40.23143670","71.75977500",NULL,"10.05",NULL,NULL,NULL,NULL,False,NULL,NULL,"32.32","2026-03-06 18:01:43.066628+00"
"116605",8558,"2026-03-06 12:28:22.157+00","40.23141830","71.75939500",NULL,"11.10",NULL,NULL,NULL,NULL,False,NULL,NULL,"35.13","2026-03-06 18:01:43.066628+00"
"116604",8558,"2026-03-06 12:28:19.158+00","40.23136670","71.75898670",NULL,"11.74",NULL,NULL,NULL,NULL,False,NULL,NULL,"36.57","2026-03-06 18:01:43.066627+00"
"116603",8558,"2026-03-06 12:28:16.158+00","40.23128330","71.75857000",NULL,"11.90",NULL,NULL,NULL,NULL,False,NULL,NULL,"34.42","2026-03-06 18:01:43.066627+00"
"116602",8558,"2026-03-06 12:28:13.158+00","40.23121330","71.75817500",NULL,"11.31",NULL,NULL,NULL,NULL,False,NULL,NULL,"33.14","2026-03-06 18:01:43.066627+00"
"116601",8558,"2026-03-06 12:28:10.158+00","40.23111830","71.75780500",NULL,"10.02",NULL,NULL,NULL,NULL,False,NULL,NULL,"30.74","2026-03-06 18:01:43.066627+00"
"116600",8558,"2026-03-06 12:28:07.157+00","40.23102670","71.75746330",NULL,"10.73",NULL,NULL,NULL,NULL,False,NULL,NULL,"40.18","2026-03-06 18:01:42.804591+00"
"116598",8558,"2026-03-06 12:28:03.158+00","40.23103000","71.75699000",NULL,"12.48",NULL,NULL,NULL,NULL,False,NULL,NULL,"52.22","2026-03-06 18:01:42.804591+00"
"116599",8558,"2026-03-06 12:28:03.158+00","40.23103000","71.75699000",NULL,"12.48",NULL,NULL,NULL,NULL,False,NULL,NULL,"0.00","2026-03-06 18:01:42.804591+00"
"116597",8558,"2026-03-06 12:27:59.157+00","40.23090170","71.75639830",NULL,"13.60",NULL,NULL,NULL,NULL,False,NULL,NULL,"41.54","2026-03-06 18:01:42.80459+00"
"116596",8558,"2026-03-06 12:27:56.157+00","40.23080670","71.75592500",NULL,"13.97",NULL,NULL,NULL,NULL,False,NULL,NULL,"41.63","2026-03-06 18:01:42.80459+00"
"116595",8558,"2026-03-06 12:27:53.158+00","40.23070000","71.75545500",NULL,"14.33",NULL,NULL,NULL,NULL,False,NULL,NULL,"43.47","2026-03-06 18:01:42.80459+00"
"116594",8558,"2026-03-06 12:27:50.158+00","40.23059500","71.75496170",NULL,"13.69",NULL,NULL,NULL,NULL,False,NULL,NULL,"41.45","2026-03-06 18:01:42.80459+00"
"116592",8558,"2026-03-06 12:27:47.158+00","40.23042830","71.75452500",NULL,"13.82",NULL,NULL,NULL,NULL,False,NULL,NULL,"40.74","2026-03-06 18:01:42.804589+00"
"116593",8558,"2026-03-06 12:27:47.158+00","40.23042830","71.75452500",NULL,"13.82",NULL,NULL,NULL,NULL,False,NULL,NULL,"0.00","2026-03-06 18:01:42.804589+00"
"116591",8558,"2026-03-06 12:27:44.158+00","40.23031170","71.75407000",NULL,"11.51",NULL,NULL,NULL,NULL,False,NULL,NULL,"34.11","2026-03-06 18:01:42.804589+00"
"116590",8558,"2026-03-06 12:27:41.156+00","40.23024330","71.75367830",NULL,"10.97",NULL,NULL,NULL,NULL,False,NULL,NULL,"31.88","2026-03-06 18:01:42.804589+00"
"116589",8558,"2026-03-06 12:27:38.158+00","40.23021170","71.75330500",NULL,"10.83",NULL,NULL,NULL,NULL,False,NULL,NULL,"37.36","2026-03-06 18:01:42.804589+00"
"116587",8558,"2026-03-06 12:27:35.158+00","40.23022000","71.75286500",NULL,"11.81",NULL,NULL,NULL,NULL,False,NULL,NULL,"51.15","2026-03-06 18:01:42.804588+00"
"116588",8558,"2026-03-06 12:27:35.158+00","40.23022000","71.75286500",NULL,"11.81",NULL,NULL,NULL,NULL,False,NULL,NULL,"0.00","2026-03-06 18:01:42.804589+00"
"116586",8558,"2026-03-06 12:27:31.157+00","40.23030670","71.75227330",NULL,"13.34",NULL,NULL,NULL,NULL,False,NULL,NULL,"40.50","2026-03-06 18:01:42.804588+00"
"116585",8558,"2026-03-06 12:27:28.157+00","40.23038830","71.75180830",NULL,"13.61",NULL,NULL,NULL,NULL,False,NULL,NULL,"40.54","2026-03-06 18:01:42.804588+00"
"116584",8558,"2026-03-06 12:27:25.158+00","40.23048170","71.75134670",NULL,"13.66",NULL,NULL,NULL,NULL,False,NULL,NULL,"41.37","2026-03-06 18:01:42.804588+00"
"116583",8558,"2026-03-06 12:27:22.158+00","40.23057500","71.75087500",NULL,"13.32",NULL,NULL,NULL,NULL,False,NULL,NULL,"40.49","2026-03-06 18:01:42.804587+00"
"116581",8558,"2026-03-06 12:27:18.98+00","40.23075000","71.75045670",NULL,"12.83",NULL,NULL,NULL,NULL,False,NULL,NULL,"30.70","2026-03-06 18:01:42.804586+00"
"116582",8558,"2026-03-06 12:27:18.98+00","40.23075000","71.75045670",NULL,"12.83",NULL,NULL,NULL,NULL,False,NULL,NULL,"0.00","2026-03-06 18:01:42.804586+00"
"116579",8558,"2026-03-06 12:27:18.158+00","40.23061670","71.75014000",NULL,"11.85",NULL,NULL,NULL,NULL,False,NULL,NULL,"51.58","2026-03-06 18:01:42.804586+00"
"116580",8558,"2026-03-06 12:27:18.158+00","40.23061670","71.75014000",NULL,"11.85",NULL,NULL,NULL,NULL,False,NULL,NULL,"0.00","2026-03-06 18:01:42.804586+00"
"116577",8558,"2026-03-06 12:27:13.157+00","40.23079670","71.74958000",NULL,"12.67",NULL,NULL,NULL,NULL,False,NULL,NULL,"34.41","2026-03-06 18:01:42.804586+00"
"116578",8558,"2026-03-06 12:27:13.157+00","40.23079670","71.74958000",NULL,"12.67",NULL,NULL,NULL,NULL,False,NULL,NULL,"0.00","2026-03-06 18:01:42.804586+00"
"116576",8558,"2026-03-06 12:27:10.157+00","40.23087170","71.74918670",NULL,"11.46",NULL,NULL,NULL,NULL,False,NULL,NULL,"37.44","2026-03-06 18:01:42.804585+00"
"116574",8558,"2026-03-06 12:27:07.157+00","40.23089500","71.74874670",NULL,"12.02",NULL,NULL,NULL,NULL,False,NULL,NULL,"47.92","2026-03-06 18:01:42.804585+00"
"116575",8558,"2026-03-06 12:27:07.157+00","40.23089500","71.74874670",NULL,"12.02",NULL,NULL,NULL,NULL,False,NULL,NULL,"0.00","2026-03-06 18:01:42.804585+00"
"116573",8558,"2026-03-06 12:27:03.158+00","40.23098000","71.74819330",NULL,"12.60",NULL,NULL,NULL,NULL,False,NULL,NULL,"52.01","2026-03-06 18:01:42.804585+00"
"116572",8558,"2026-03-06 12:26:59.158+00","40.23109670","71.74760000",NULL,"13.76",NULL,NULL,NULL,NULL,False,NULL,NULL,"42.66","2026-03-06 18:01:42.804585+00"
"116571",8558,"2026-03-06 12:26:56.157+00","40.23117000","71.74710670",NULL,"15.28",NULL,NULL,NULL,NULL,False,NULL,NULL,"45.41","2026-03-06 18:01:42.804584+00"
"116570",8558,"2026-03-06 12:26:53.158+00","40.23124830","71.74658170",NULL,"15.02",NULL,NULL,NULL,NULL,False,NULL,NULL,"48.45","2026-03-06 18:01:42.804584+00"
"116568",8558,"2026-03-06 12:26:50.16+00","40.23131000","71.74601670",NULL,"14.07",NULL,NULL,NULL,NULL,False,NULL,NULL,"39.31","2026-03-06 18:01:42.804584+00"
"116569",8558,"2026-03-06 12:26:50.16+00","40.23131000","71.74601670",NULL,"14.07",NULL,NULL,NULL,NULL,False,NULL,NULL,"0.00","2026-03-06 18:01:42.804584+00"
"116567",8558,"2026-03-06 12:26:47.159+00","40.23139830","71.74556830",NULL,"12.31",NULL,NULL,NULL,NULL,False,NULL,NULL,"34.88","2026-03-06 18:01:42.804583+00"
"116566",8558,"2026-03-06 12:26:44.159+00","40.23147000","71.74516830",NULL,"10.13",NULL,NULL,NULL,NULL,False,NULL,NULL,"39.37","2026-03-06 18:01:42.804583+00"
"116564",8558,"2026-03-06 12:26:40.157+00","40.23148500","71.74470500",NULL,"7.55",NULL,NULL,NULL,NULL,False,NULL,NULL,"21.02","2026-03-06 18:01:42.804581+00"
"116565",8558,"2026-03-06 12:26:40.157+00","40.23148500","71.74470500",NULL,"7.55",NULL,NULL,NULL,NULL,False,NULL,NULL,"0.00","2026-03-06 18:01:42.804581+00"
"116563",8558,"2026-03-06 12:26:37.158+00","40.23152000","71.74446170",NULL,"5.94",NULL,NULL,NULL,NULL,False,NULL,NULL,"21.65","2026-03-06 18:01:42.804581+00"
"116561",8558,"2026-03-06 12:26:31.158+00","40.23155830","71.74421170",NULL,"5.48",NULL,NULL,NULL,NULL,False,NULL,NULL,"31.86","2026-03-06 18:01:42.80458+00"
"116562",8558,"2026-03-06 12:26:31.158+00","40.23155830","71.74421170",NULL,"5.48",NULL,NULL,NULL,NULL,False,NULL,NULL,"0.00","2026-03-06 18:01:42.80458+00"
"116560",8558,"2026-03-06 12:26:26.157+00","40.23132000","71.74400330",NULL,"11.10",NULL,NULL,NULL,NULL,False,NULL,NULL,"34.34","2026-03-06 18:01:42.80458+00"
"116558",8558,"2026-03-06 12:26:24.158+00","40.23104670","71.74381500",NULL,"11.74",NULL,NULL,NULL,NULL,False,NULL,NULL,"40.16","2026-03-06 18:01:42.80458+00"
"116559",8558,"2026-03-06 12:26:24.158+00","40.23104670","71.74381500",NULL,"11.74",NULL,NULL,NULL,NULL,False,NULL,NULL,"0.00","2026-03-06 18:01:42.80458+00"
"116557",8558,"2026-03-06 12:26:21.157+00","40.23072000","71.74361330",NULL,"12.64",NULL,NULL,NULL,NULL,False,NULL,NULL,"50.55","2026-03-06 18:01:42.804579+00"
"116555",8558,"2026-03-06 12:26:17.159+00","40.23029000","71.74342000",NULL,"13.70",NULL,NULL,NULL,NULL,False,NULL,NULL,"35.06","2026-03-06 18:01:42.804579+00"
"116556",8558,"2026-03-06 12:26:17.159+00","40.23029000","71.74342000",NULL,"13.70",NULL,NULL,NULL,NULL,False,NULL,NULL,"0.00","2026-03-06 18:01:42.804579+00"
"116553",8558,"2026-03-06 12:26:14.159+00","40.23001000","71.74323000",NULL,"12.46",NULL,NULL,NULL,NULL,False,NULL,NULL,"48.70","2026-03-06 18:01:42.804578+00"
"116554",8558,"2026-03-06 12:26:14.159+00","40.23001000","71.74323000",NULL,"12.46",NULL,NULL,NULL,NULL,False,NULL,NULL,"0.00","2026-03-06 18:01:42.804578+00"
"116552",8558,"2026-03-06 12:26:10.16+00","40.22961830","71.74297330",NULL,"13.34",NULL,NULL,NULL,NULL,False,NULL,NULL,"41.22","2026-03-06 18:01:42.804578+00"
"116551",8558,"2026-03-06 12:26:07.169+00","40.22927500","71.74279000",NULL,"12.74",NULL,NULL,NULL,NULL,False,NULL,NULL,"41.10","2026-03-06 18:01:42.804577+00"
"116549",8558,"2026-03-06 12:26:04.165+00","40.22893500","71.74260000",NULL,"13.23",NULL,NULL,NULL,NULL,False,NULL,NULL,"40.83","2026-03-06 18:01:42.526792+00"
"116550",8558,"2026-03-06 12:26:04.165+00","40.22893500","71.74260000",NULL,"13.23",NULL,NULL,NULL,NULL,False,NULL,NULL,"0.00","2026-03-06 18:01:42.526793+00"
"116548",8558,"2026-03-06 12:26:01.171+00","40.22859500","71.74241830",NULL,"11.96",NULL,NULL,NULL,NULL,False,NULL,NULL,"42.29","2026-03-06 18:01:42.52679+00"
"116546",8558,"2026-03-06 12:25:58.168+00","40.22826670","71.74216670",NULL,"10.19",NULL,NULL,NULL,NULL,False,NULL,NULL,"24.18","2026-03-06 18:01:42.526788+00"
"116547",8558,"2026-03-06 12:25:58.168+00","40.22826670","71.74216670",NULL,"10.19",NULL,NULL,NULL,NULL,False,NULL,NULL,"0.00","2026-03-06 18:01:42.526789+00"
"116544",8558,"2026-03-06 12:25:55.17+00","40.22806830","71.74205000",NULL,"6.95",NULL,NULL,NULL,NULL,False,NULL,NULL,"32.96","2026-03-06 18:01:42.526787+00"
"116545",8558,"2026-03-06 12:25:55.17+00","40.22806830","71.74205000",NULL,"6.95",NULL,NULL,NULL,NULL,False,NULL,NULL,"0.00","2026-03-06 18:01:42.526787+00"
"116542",8558,"2026-03-06 12:25:45.158+00","40.22799670","71.74167330",NULL,"8.66",NULL,NULL,NULL,NULL,False,NULL,NULL,"50.35","2026-03-06 18:01:42.526786+00"
"116543",8558,"2026-03-06 12:25:45.158+00","40.22799670","71.74167330",NULL,"8.66",NULL,NULL,NULL,NULL,False,NULL,NULL,"0.00","2026-03-06 18:01:42.526786+00"
"116541",8558,"2026-03-06 12:25:41.157+00","40.22818670","71.74113500",NULL,"18.49",NULL,NULL,NULL,NULL,False,NULL,NULL,"67.68","2026-03-06 18:01:42.526785+00"
"116540",8558,"2026-03-06 12:25:37.521+00","40.22847330","71.74043170",NULL,"19.53",NULL,NULL,NULL,NULL,False,NULL,NULL,"83.23","2026-03-06 18:01:42.526784+00"
"116538",8558,"2026-03-06 12:25:33.17+00","40.22880330","71.73955170",NULL,"17.73",NULL,NULL,NULL,NULL,False,NULL,NULL,"53.18","2026-03-06 18:01:42.526783+00"
"116539",8558,"2026-03-06 12:25:33.17+00","40.22880330","71.73955170",NULL,"17.73",NULL,NULL,NULL,NULL,False,NULL,NULL,"0.00","2026-03-06 18:01:42.526783+00"
"116537",8558,"2026-03-06 12:25:30.167+00","40.22902500","71.73899670",NULL,"16.45",NULL,NULL,NULL,NULL,False,NULL,NULL,"47.34","2026-03-06 18:01:42.526782+00"
"116535",8558,"2026-03-06 12:25:27.171+00","40.22922830","71.73850670",NULL,"13.92",NULL,NULL,NULL,NULL,False,NULL,NULL,"38.46","2026-03-06 18:01:42.52678+00"
"116536",8558,"2026-03-06 12:25:27.171+00","40.22922830","71.73850670",NULL,"13.92",NULL,NULL,NULL,NULL,False,NULL,NULL,"0.00","2026-03-06 18:01:42.526781+00"
"116534",8558,"2026-03-06 12:25:24.175+00","40.22938330","71.73810170",NULL,"11.96",NULL,NULL,NULL,NULL,False,NULL,NULL,"32.50","2026-03-06 18:01:42.52678+00"
"116533",8558,"2026-03-06 12:25:21.173+00","40.22951000","71.73775670",NULL,"10.11",NULL,NULL,NULL,NULL,False,NULL,NULL,"36.11","2026-03-06 18:01:42.526778+00"
"116532",8558,"2026-03-06 12:25:17.171+00","40.22965330","71.73737500",NULL,"8.08",NULL,NULL,NULL,NULL,False,NULL,NULL,"33.09","2026-03-06 18:01:42.526778+00"
"116531",8558,"2026-03-06 12:25:13.172+00","40.22978170","71.73702330",NULL,"8.80",NULL,NULL,NULL,NULL,False,NULL,NULL,"37.74","2026-03-06 18:01:42.526777+00"
"116530",8558,"2026-03-06 12:25:09.172+00","40.22993500","71.73662670",NULL,"9.74",NULL,NULL,NULL,NULL,False,NULL,NULL,"31.41","2026-03-06 18:01:42.526773+00"
"116529",8558,"2026-03-06 12:25:06.166+00","40.23005500","71.73629170",NULL,"10.49",NULL,NULL,NULL,NULL,False,NULL,NULL,"33.67","2026-03-06 18:01:42.526773+00"
"116527",8558,"2026-03-06 12:25:03.168+00","40.23022670","71.73596500",NULL,"11.52",NULL,NULL,NULL,NULL,False,NULL,NULL,"49.22","2026-03-06 18:01:42.526771+00"
"116528",8558,"2026-03-06 12:25:03.168+00","40.23022670","71.73596500",NULL,"11.52",NULL,NULL,NULL,NULL,False,NULL,NULL,"0.00","2026-03-06 18:01:42.526772+00"
"116525",8558,"2026-03-06 12:24:59.162+00","40.23041170","71.73543830",NULL,"13.00",NULL,NULL,NULL,NULL,False,NULL,NULL,"40.70","2026-03-06 18:01:42.52677+00"
"116526",8558,"2026-03-06 12:24:59.162+00","40.23041170","71.73543830",NULL,"13.00",NULL,NULL,NULL,NULL,False,NULL,NULL,"0.00","2026-03-06 18:01:42.52677+00"
"116524",8558,"2026-03-06 12:24:56.168+00","40.23058830","71.73501830",NULL,"11.92",NULL,NULL,NULL,NULL,False,NULL,NULL,"39.96","2026-03-06 18:01:42.526769+00"
"116522",8558,"2026-03-06 12:24:52.474+00","40.23084330","71.73468670",NULL,"8.26",NULL,NULL,NULL,NULL,False,NULL,NULL,"20.38","2026-03-06 18:01:42.526768+00"
"116523",8558,"2026-03-06 12:24:52.474+00","40.23084330","71.73468670",NULL,"8.26",NULL,NULL,NULL,NULL,False,NULL,NULL,"0.00","2026-03-06 18:01:42.526768+00"
"116520",8558,"2026-03-06 12:24:51.172+00","40.23084670","71.73444670",NULL,"7.43",NULL,NULL,NULL,NULL,False,NULL,NULL,"13.95","2026-03-06 18:01:42.526766+00"
"116521",8558,"2026-03-06 12:24:51.172+00","40.23084670","71.73444670",NULL,"7.43",NULL,NULL,NULL,NULL,False,NULL,NULL,"0.00","2026-03-06 18:01:42.526767+00"
"116519",8558,"2026-03-06 12:24:49.171+00","40.23093500","71.73433000",NULL,"2.06",NULL,NULL,NULL,NULL,False,NULL,NULL,"13.91","2026-03-06 18:01:42.526765+00"
"116518",8558,"2026-03-06 12:24:45.163+00","40.23106000","71.73433670",NULL,"0.89",NULL,NULL,NULL,NULL,False,NULL,NULL,"10.56","2026-03-06 18:01:42.526764+00"
"116516",8558,"2026-03-06 12:22:46.171+00","40.23108500","71.73445670",NULL,"0.94",NULL,NULL,NULL,NULL,False,NULL,NULL,"20.78","2026-03-06 18:01:42.526762+00"
"116517",8558,"2026-03-06 12:22:46.171+00","40.23108500","71.73445670",NULL,"0.94",NULL,NULL,NULL,NULL,False,NULL,NULL,"0.00","2026-03-06 18:01:42.526763+00"
"116515",8558,"2026-03-06 12:22:33.17+00","40.23099330","71.73467000",NULL,"5.51",NULL,NULL,NULL,NULL,False,NULL,NULL,"23.61","2026-03-06 18:01:42.526761+00"
"116513",8558,"2026-03-06 12:22:28.171+00","40.23079830","71.73478000",NULL,"5.58",NULL,NULL,NULL,NULL,False,NULL,NULL,"45.62","2026-03-06 18:01:42.526759+00"
"116514",8558,"2026-03-06 12:22:28.171+00","40.23079830","71.73478000",NULL,"5.58",NULL,NULL,NULL,NULL,False,NULL,NULL,"0.00","2026-03-06 18:01:42.526761+00"
"116512",8558,"2026-03-06 12:22:23.169+00","40.23060170","71.73525170",NULL,"13.05",NULL,NULL,NULL,NULL,False,NULL,NULL,"46.28","2026-03-06 18:01:42.52669+00"
"116511",8558,"2026-03-06 12:22:20.167+00","40.23040670","71.73573330",NULL,"16.58",NULL,NULL,NULL,NULL,False,NULL,NULL,"48.68","2026-03-06 18:01:42.52669+00"
"116510",8558,"2026-03-06 12:22:17.172+00","40.23020170","71.73624000",NULL,"16.19",NULL,NULL,NULL,NULL,False,NULL,NULL,"46.36","2026-03-06 18:01:42.526689+00"
"116509",8558,"2026-03-06 12:22:14.157+00","40.23001500","71.73672830",NULL,"14.73",NULL,NULL,NULL,NULL,False,NULL,NULL,"42.54","2026-03-06 18:01:42.526688+00"
"116508",8558,"2026-03-06 12:22:11.159+00","40.22984170","71.73717500",NULL,"14.00",NULL,NULL,NULL,NULL,False,NULL,NULL,"42.37","2026-03-06 18:01:42.526687+00"
"116507",8558,"2026-03-06 12:22:08.158+00","40.22967170","71.73762170",NULL,"13.94",NULL,NULL,NULL,NULL,False,NULL,NULL,"42.98","2026-03-06 18:01:42.526686+00"
"116506",8558,"2026-03-06 12:22:04.87+00","40.22955670","71.73810500",NULL,"13.33",NULL,NULL,NULL,NULL,False,NULL,NULL,"40.89","2026-03-06 18:01:42.526685+00"
"116504",8558,"2026-03-06 12:22:02.159+00","40.22929500","71.73844330",NULL,"13.25",NULL,NULL,NULL,NULL,False,NULL,NULL,"37.25","2026-03-06 18:01:42.526683+00"
"116505",8558,"2026-03-06 12:22:02.159+00","40.22929500","71.73844330",NULL,"13.25",NULL,NULL,NULL,NULL,False,NULL,NULL,"0.00","2026-03-06 18:01:42.526684+00"
"116502",8558,"2026-03-06 12:21:58.157+00","40.22921170","71.73886830",NULL,"11.94",NULL,NULL,NULL,NULL,False,NULL,NULL,"41.57","2026-03-06 18:01:42.526681+00"
"116503",8558,"2026-03-06 12:21:58.157+00","40.22921170","71.73886830",NULL,"11.94",NULL,NULL,NULL,NULL,False,NULL,NULL,"0.00","2026-03-06 18:01:42.526682+00"
"116500",8558,"2026-03-06 12:21:56.159+00","40.22895830","71.73922830",NULL,"12.70",NULL,NULL,NULL,NULL,False,NULL,NULL,"37.67","2026-03-06 18:01:42.270415+00"
"116501",8558,"2026-03-06 12:21:56.159+00","40.22895830","71.73922830",NULL,"12.70",NULL,NULL,NULL,NULL,False,NULL,NULL,"0.00","2026-03-06 18:01:42.526679+00"
"116499",8558,"2026-03-06 12:21:53.158+00","40.22879670","71.73961830",NULL,"12.34",NULL,NULL,NULL,NULL,False,NULL,NULL,"37.42","2026-03-06 18:01:42.270415+00"
"116498",8558,"2026-03-06 12:21:50.16+00","40.22864500","71.74001170",NULL,"11.97",NULL,NULL,NULL,NULL,False,NULL,NULL,"37.29","2026-03-06 18:01:42.270415+00"
"116497",8558,"2026-03-06 12:21:47.159+00","40.22848830","71.74040000",NULL,"12.03",NULL,NULL,NULL,NULL,False,NULL,NULL,"35.35","2026-03-06 18:01:42.270415+00"
"116496",8558,"2026-03-06 12:21:44.168+00","40.22834500","71.74077170",NULL,"11.33",NULL,NULL,NULL,NULL,False,NULL,NULL,"32.19","2026-03-06 18:01:42.270414+00"
"116495",8558,"2026-03-06 12:21:41.167+00","40.22822500","71.74111670",NULL,"10.51",NULL,NULL,NULL,NULL,False,NULL,NULL,"32.32","2026-03-06 18:01:42.270413+00"
"116493",8558,"2026-03-06 12:21:38.169+00","40.22812330","71.74147330",NULL,"8.94",NULL,NULL,NULL,NULL,False,NULL,NULL,"25.60","2026-03-06 18:01:42.270412+00"
"116494",8558,"2026-03-06 12:21:38.169+00","40.22812330","71.74147330",NULL,"8.94",NULL,NULL,NULL,NULL,False,NULL,NULL,"0.00","2026-03-06 18:01:42.270413+00"
"116492",8558,"2026-03-06 12:21:35.166+00","40.22801830","71.74174170",NULL,"6.62",NULL,NULL,NULL,NULL,False,NULL,NULL,"22.09","2026-03-06 18:01:42.270412+00"
"116490",8558,"2026-03-06 12:21:31.17+00","40.22785330","71.74188670",NULL,"7.15",NULL,NULL,NULL,NULL,False,NULL,NULL,"53.21","2026-03-06 18:01:42.270412+00"
"116491",8558,"2026-03-06 12:21:31.17+00","40.22785330","71.74188670",NULL,"7.15",NULL,NULL,NULL,NULL,False,NULL,NULL,"0.00","2026-03-06 18:01:42.270412+00"
"116489",8558,"2026-03-06 12:21:27.171+00","40.22740670","71.74166170",NULL,"17.69",NULL,NULL,NULL,NULL,False,NULL,NULL,"53.99","2026-03-06 18:01:42.270412+00"
"116487",8558,"2026-03-06 12:21:24.166+00","40.22696830","71.74138830",NULL,"18.49",NULL,NULL,NULL,NULL,False,NULL,NULL,"54.35","2026-03-06 18:01:42.270411+00"
"116488",8558,"2026-03-06 12:21:24.166+00","40.22696830","71.74138830",NULL,"18.49",NULL,NULL,NULL,NULL,False,NULL,NULL,"0.00","2026-03-06 18:01:42.270412+00"
"116486",8558,"2026-03-06 12:21:21.167+00","40.22652000","71.74113330",NULL,"17.37",NULL,NULL,NULL,NULL,False,NULL,NULL,"52.05","2026-03-06 18:01:42.270411+00"
"116485",8558,"2026-03-06 12:21:18.17+00","40.22609670","71.74087170",NULL,"16.93",NULL,NULL,NULL,NULL,False,NULL,NULL,"49.60","2026-03-06 18:01:42.270411+00"
"116484",8558,"2026-03-06 12:21:15.169+00","40.22569000","71.74063170",NULL,"16.08",NULL,NULL,NULL,NULL,False,NULL,NULL,"47.69","2026-03-06 18:01:42.270411+00"
"116483",8558,"2026-03-06 12:21:12.17+00","40.22530170","71.74039330",NULL,"15.00",NULL,NULL,NULL,NULL,False,NULL,NULL,"44.46","2026-03-06 18:01:42.27041+00"
"116482",8558,"2026-03-06 12:21:09.167+00","40.22494000","71.74017000",NULL,"15.27",NULL,NULL,NULL,NULL,False,NULL,NULL,"48.75","2026-03-06 18:01:42.27041+00"
"116481",8558,"2026-03-06 12:21:06.165+00","40.22453830","71.73994000",NULL,"14.17",NULL,NULL,NULL,NULL,False,NULL,NULL,"46.50","2026-03-06 18:01:42.27041+00"
"116480",8558,"2026-03-06 12:21:04.168+00","40.22415000","71.73973670",NULL,"14.12",NULL,NULL,NULL,NULL,False,NULL,NULL,"58.31","2026-03-06 18:01:42.27041+00"
"116478",8558,"2026-03-06 12:21:00.16+00","40.22367830","71.73943670",NULL,"12.87",NULL,NULL,NULL,NULL,False,NULL,NULL,"49.93","2026-03-06 18:01:42.270402+00"
"116479",8558,"2026-03-06 12:21:00.16+00","40.22367830","71.73943670",NULL,"12.87",NULL,NULL,NULL,NULL,False,NULL,NULL,"0.00","2026-03-06 18:01:42.270403+00"
"116477",8558,"2026-03-06 12:20:58.6+00","40.22326500","71.73920670",NULL,"11.44",NULL,NULL,NULL,NULL,False,NULL,NULL,"33.38","2026-03-06 18:01:42.270402+00"
"116475",8558,"2026-03-06 12:20:57.367+00","40.22298000","71.73908330",NULL,"11.45",NULL,NULL,NULL,NULL,False,NULL,NULL,"64.73","2026-03-06 18:01:42.270402+00"
"116476",8558,"2026-03-06 12:20:57.367+00","40.22298000","71.73908330",NULL,"11.45",NULL,NULL,NULL,NULL,False,NULL,NULL,"0.00","2026-03-06 18:01:42.270402+00"
"116473",8558,"2026-03-06 12:20:56.159+00","40.22353170","71.73932670",NULL,"12.97",NULL,NULL,NULL,NULL,False,NULL,NULL,"35.23","2026-03-06 18:01:42.270401+00"
"116474",8558,"2026-03-06 12:20:56.159+00","40.22353170","71.73932670",NULL,"12.97",NULL,NULL,NULL,NULL,False,NULL,NULL,"0.00","2026-03-06 18:01:42.270402+00"
"116471",8558,"2026-03-06 12:20:53.16+00","40.22324330","71.73915500",NULL,"12.34",NULL,NULL,NULL,NULL,False,NULL,NULL,"40.77","2026-03-06 18:01:42.270401+00"
"116472",8558,"2026-03-06 12:20:53.16+00","40.22324330","71.73915500",NULL,"12.34",NULL,NULL,NULL,NULL,False,NULL,NULL,"0.00","2026-03-06 18:01:42.270401+00"
"116469",8558,"2026-03-06 12:20:51.159+00","40.22291170","71.73895000",NULL,"12.63",NULL,NULL,NULL,NULL,False,NULL,NULL,"36.80","2026-03-06 18:01:42.270401+00"
"116470",8558,"2026-03-06 12:20:51.159+00","40.22291170","71.73895000",NULL,"12.63",NULL,NULL,NULL,NULL,False,NULL,NULL,"0.00","2026-03-06 18:01:42.270401+00"
"116468",8558,"2026-03-06 12:20:48.158+00","40.22261000","71.73877170",NULL,"11.92",NULL,NULL,NULL,NULL,False,NULL,NULL,"37.62","2026-03-06 18:01:42.2704+00"
"116467",8558,"2026-03-06 12:20:45.17+00","40.22229500","71.73861000",NULL,"12.10",NULL,NULL,NULL,NULL,False,NULL,NULL,"37.10","2026-03-06 18:01:42.2704+00"
"116466",8558,"2026-03-06 12:20:42.172+00","40.22198500","71.73844830",NULL,"10.51",NULL,NULL,NULL,NULL,False,NULL,NULL,"37.43","2026-03-06 18:01:42.2704+00"
"116465",8558,"2026-03-06 12:20:38.17+00","40.22167830","71.73826670",NULL,"8.91",NULL,NULL,NULL,NULL,False,NULL,NULL,"36.31","2026-03-06 18:01:42.2704+00"
"116464",8558,"2026-03-06 12:20:34.168+00","40.22138330","71.73808330",NULL,"9.78",NULL,NULL,NULL,NULL,False,NULL,NULL,"39.29","2026-03-06 18:01:42.2704+00"
"116463",8558,"2026-03-06 12:20:30.171+00","40.22106170","71.73789170",NULL,"10.98",NULL,NULL,NULL,NULL,False,NULL,NULL,"30.16","2026-03-06 18:01:42.270399+00"
"116462",8558,"2026-03-06 12:20:27.159+00","40.22081830","71.73773500",NULL,"11.71",NULL,NULL,NULL,NULL,False,NULL,NULL,"34.48","2026-03-06 18:01:42.270399+00"
"116461",8558,"2026-03-06 12:20:24.159+00","40.22053670","71.73756500",NULL,"10.37",NULL,NULL,NULL,NULL,False,NULL,NULL,"39.07","2026-03-06 18:01:42.270399+00"
"116460",8558,"2026-03-06 12:20:20.396+00","40.22021170","71.73739000",NULL,"7.90",NULL,NULL,NULL,NULL,False,NULL,NULL,"35.67","2026-03-06 18:01:42.270399+00"
"116458",8558,"2026-03-06 12:20:19.159+00","40.21991830","71.73722000",NULL,"9.22",NULL,NULL,NULL,NULL,False,NULL,NULL,"27.75","2026-03-06 18:01:42.270396+00"
"116459",8558,"2026-03-06 12:20:19.159+00","40.21991830","71.73722000",NULL,"9.22",NULL,NULL,NULL,NULL,False,NULL,NULL,"0.00","2026-03-06 18:01:42.270397+00"
"116457",8558,"2026-03-06 12:20:16.158+00","40.21968830","71.73709330",NULL,"5.97",NULL,NULL,NULL,NULL,False,NULL,NULL,"22.87","2026-03-06 18:01:42.270396+00"
"116455",8558,"2026-03-06 12:19:59.158+00","40.21951330","71.73695170",NULL,"6.14",NULL,NULL,NULL,NULL,False,NULL,NULL,"32.56","2026-03-06 18:01:42.270396+00"
"116456",8558,"2026-03-06 12:19:59.158+00","40.21951330","71.73695170",NULL,"6.14",NULL,NULL,NULL,NULL,False,NULL,NULL,"0.00","2026-03-06 18:01:42.270396+00"
"116454",8558,"2026-03-06 12:19:52.399+00","40.21936000","71.73662500",NULL,"11.61",NULL,NULL,NULL,NULL,False,NULL,NULL,"48.56","2026-03-06 18:01:42.270395+00"
"116452",8558,"2026-03-06 12:19:51.159+00","40.21892330","71.73661670",NULL,"12.45",NULL,NULL,NULL,NULL,False,NULL,NULL,"40.21","2026-03-06 18:01:42.270394+00"
"116453",8558,"2026-03-06 12:19:51.159+00","40.21892330","71.73661670",NULL,"12.45",NULL,NULL,NULL,NULL,False,NULL,NULL,"0.00","2026-03-06 18:01:42.270395+00"
"116451",8558,"2026-03-06 12:19:48.158+00","40.21859670","71.73641330",NULL,"13.67",NULL,NULL,NULL,NULL,False,NULL,NULL,"40.60","2026-03-06 18:01:42.270394+00"
"116450",8558,"2026-03-06 12:19:45.158+00","40.21826330","71.73621830",NULL,"13.61",NULL,NULL,NULL,NULL,False,NULL,NULL,"40.71","2026-03-06 18:01:42.034668+00"
"116449",8558,"2026-03-06 12:19:42.158+00","40.21793170","71.73601500",NULL,"13.99",NULL,NULL,NULL,NULL,False,NULL,NULL,"41.56","2026-03-06 18:01:42.034667+00"
"116448",8558,"2026-03-06 12:19:39.159+00","40.21759170","71.73581170",NULL,"14.11",NULL,NULL,NULL,NULL,False,NULL,NULL,"43.03","2026-03-06 18:01:42.034667+00"
"116447",8558,"2026-03-06 12:19:36.159+00","40.21724500","71.73558670",NULL,"14.18",NULL,NULL,NULL,NULL,False,NULL,NULL,"42.19","2026-03-06 18:01:42.034666+00"
"116446",8558,"2026-03-06 12:19:33.158+00","40.21690000","71.73538000",NULL,"14.50",NULL,NULL,NULL,NULL,False,NULL,NULL,"43.78","2026-03-06 18:01:42.034665+00"
"116445",8558,"2026-03-06 12:19:30.158+00","40.21654330","71.73516170",NULL,"14.68",NULL,NULL,NULL,NULL,False,NULL,NULL,"45.64","2026-03-06 18:01:42.034664+00"
"116444",8558,"2026-03-06 12:19:27.157+00","40.21616830","71.73494330",NULL,"15.42",NULL,NULL,NULL,NULL,False,NULL,NULL,"46.99","2026-03-06 18:01:42.034663+00"
"116443",8558,"2026-03-06 12:19:24.157+00","40.21578000","71.73472500",NULL,"15.60",NULL,NULL,NULL,NULL,False,NULL,NULL,"47.45","2026-03-06 18:01:42.034661+00"
"116442",8558,"2026-03-06 12:19:21.158+00","40.21538670","71.73450830",NULL,"16.05",NULL,NULL,NULL,NULL,False,NULL,NULL,"50.26","2026-03-06 18:01:42.03466+00"
"116441",8558,"2026-03-06 12:19:18.157+00","40.21496170","71.73430670",NULL,"16.14",NULL,NULL,NULL,NULL,False,NULL,NULL,"50.60","2026-03-06 18:01:42.034659+00"
"116440",8558,"2026-03-06 12:19:15.158+00","40.21452670","71.73413170",NULL,"16.59",NULL,NULL,NULL,NULL,False,NULL,NULL,"48.31","2026-03-06 18:01:42.034658+00"
"116438",8558,"2026-03-06 12:19:12.158+00","40.21411170","71.73396330",NULL,"16.89",NULL,NULL,NULL,NULL,False,NULL,NULL,"50.63","2026-03-06 18:01:42.034657+00"
"116439",8558,"2026-03-06 12:19:12.158+00","40.21411170","71.73396330",NULL,"16.89",NULL,NULL,NULL,NULL,False,NULL,NULL,"0.00","2026-03-06 18:01:42.034657+00"
"116437",8558,"2026-03-06 12:19:09.158+00","40.21366330","71.73386000",NULL,"17.53",NULL,NULL,NULL,NULL,False,NULL,NULL,"53.74","2026-03-06 18:01:42.034656+00"
"116436",8558,"2026-03-06 12:19:06.16+00","40.21318170","71.73380670",NULL,"18.31",NULL,NULL,NULL,NULL,False,NULL,NULL,"54.47","2026-03-06 18:01:42.034655+00"
"116435",8558,"2026-03-06 12:19:03.159+00","40.21269330","71.73375670",NULL,"17.96",NULL,NULL,NULL,NULL,False,NULL,NULL,"60.77","2026-03-06 18:01:42.034654+00"
"116434",8558,"2026-03-06 12:19:00.158+00","40.21214830","71.73370330",NULL,"17.76",NULL,NULL,NULL,NULL,False,NULL,NULL,"57.13","2026-03-06 18:01:42.034654+00"
"116433",8558,"2026-03-06 12:18:58.158+00","40.21163500","71.73367330",NULL,"18.92",NULL,NULL,NULL,NULL,False,NULL,NULL,"58.16","2026-03-06 18:01:42.034652+00"
"116431",8558,"2026-03-06 12:18:53.158+00","40.21112330","71.73353170",NULL,"18.58",NULL,NULL,NULL,NULL,False,NULL,NULL,"54.88","2026-03-06 18:01:42.034651+00"
"116432",8558,"2026-03-06 12:18:53.158+00","40.21112330","71.73353170",NULL,"18.58",NULL,NULL,NULL,NULL,False,NULL,NULL,"0.00","2026-03-06 18:01:42.034652+00"
"116430",8558,"2026-03-06 12:18:49.159+00","40.21063670","71.73342330",NULL,"16.80",NULL,NULL,NULL,NULL,False,NULL,NULL,"123.63","2026-03-06 18:01:42.03465+00"
"116428",8558,"2026-03-06 12:18:43.159+00","40.20952670","71.73334000",NULL,"17.39",NULL,NULL,NULL,NULL,False,NULL,NULL,"64.72","2026-03-06 18:01:42.034649+00"
"116429",8558,"2026-03-06 12:18:43.159+00","40.20952670","71.73334000",NULL,"17.39",NULL,NULL,NULL,NULL,False,NULL,NULL,"0.00","2026-03-06 18:01:42.034649+00"
"116427",8558,"2026-03-06 12:18:39.161+00","40.20895170","71.73322170",NULL,"19.24",NULL,NULL,NULL,NULL,False,NULL,NULL,"52.82","2026-03-06 18:01:42.034648+00"
"116425",8558,"2026-03-06 12:18:36.159+00","40.20847670","71.73322500",NULL,"17.51",NULL,NULL,NULL,NULL,False,NULL,NULL,"51.71","2026-03-06 18:01:42.034644+00"
"116426",8558,"2026-03-06 12:18:36.159+00","40.20847670","71.73322500",NULL,"17.51",NULL,NULL,NULL,NULL,False,NULL,NULL,"0.00","2026-03-06 18:01:42.034647+00"
"116424",8558,"2026-03-06 12:18:33.159+00","40.20801330","71.73317330",NULL,"17.28",NULL,NULL,NULL,NULL,False,NULL,NULL,"50.74","2026-03-06 18:01:42.034643+00"
"116423",8558,"2026-03-06 12:18:30.16+00","40.20756000","71.73310500",NULL,"17.06",NULL,NULL,NULL,NULL,False,NULL,NULL,"49.13","2026-03-06 18:01:42.034642+00"
"116422",8558,"2026-03-06 12:18:27.159+00","40.20712000","71.73305170",NULL,"16.39",NULL,NULL,NULL,NULL,False,NULL,NULL,"51.67","2026-03-06 18:01:42.034642+00"
"116421",8558,"2026-03-06 12:18:24.157+00","40.20665830","71.73298330",NULL,"16.87",NULL,NULL,NULL,NULL,False,NULL,NULL,"50.27","2026-03-06 18:01:42.034641+00"
"116420",8558,"2026-03-06 12:18:21.158+00","40.20620830","71.73292670",NULL,"17.09",NULL,NULL,NULL,NULL,False,NULL,NULL,"48.93","2026-03-06 18:01:42.03464+00"
"116419",8558,"2026-03-06 12:18:18.157+00","40.20577000","71.73287500",NULL,"15.30",NULL,NULL,NULL,NULL,False,NULL,NULL,"46.55","2026-03-06 18:01:42.034639+00"
"116418",8558,"2026-03-06 12:18:15.159+00","40.20535500","71.73280330",NULL,"16.17",NULL,NULL,NULL,NULL,False,NULL,NULL,"47.17","2026-03-06 18:01:42.034638+00"
"116417",8558,"2026-03-06 12:18:12.173+00","40.20493500","71.73272500",NULL,"15.46",NULL,NULL,NULL,NULL,False,NULL,NULL,"45.97","2026-03-06 18:01:42.034637+00"
"116416",8558,"2026-03-06 12:18:09.175+00","40.20452670","71.73264000",NULL,"15.29",NULL,NULL,NULL,NULL,False,NULL,NULL,"46.10","2026-03-06 18:01:42.034636+00"
"116415",8558,"2026-03-06 12:18:06.174+00","40.20411830","71.73254670",NULL,"15.07",NULL,NULL,NULL,NULL,False,NULL,NULL,"44.95","2026-03-06 18:01:42.034635+00"
"116414",8558,"2026-03-06 12:18:03.174+00","40.20371830","71.73247000",NULL,"14.67",NULL,NULL,NULL,NULL,False,NULL,NULL,"43.67","2026-03-06 18:01:42.034634+00"
"116413",8558,"2026-03-06 12:18:00.174+00","40.20333000","71.73239330",NULL,"14.18",NULL,NULL,NULL,NULL,False,NULL,NULL,"42.32","2026-03-06 18:01:42.034633+00"
"116412",8558,"2026-03-06 12:17:57.172+00","40.20295500","71.73230830",NULL,"14.05",NULL,NULL,NULL,NULL,False,NULL,NULL,"42.01","2026-03-06 18:01:42.034632+00"
"116411",8558,"2026-03-06 12:17:54.175+00","40.20258330","71.73222000",NULL,"13.81",NULL,NULL,NULL,NULL,False,NULL,NULL,"42.91","2026-03-06 18:01:42.034632+00"
"116410",8558,"2026-03-06 12:17:51.171+00","40.20220170","71.73214500",NULL,"13.90",NULL,NULL,NULL,NULL,False,NULL,NULL,"41.80","2026-03-06 18:01:42.034631+00"
"116409",8558,"2026-03-06 12:17:48.173+00","40.20183170","71.73205830",NULL,"14.30",NULL,NULL,NULL,NULL,False,NULL,NULL,"43.37","2026-03-06 18:01:42.03463+00"
"116408",8558,"2026-03-06 12:17:45.173+00","40.20144670","71.73197670",NULL,"14.33",NULL,NULL,NULL,NULL,False,NULL,NULL,"43.11","2026-03-06 18:01:42.034629+00"
"116407",8558,"2026-03-06 12:17:42.176+00","40.20106330","71.73190170",NULL,"14.36",NULL,NULL,NULL,NULL,False,NULL,NULL,"42.80","2026-03-06 18:01:42.034622+00"
"116406",8558,"2026-03-06 12:17:39.171+00","40.20068330","71.73182170",NULL,"14.20",NULL,NULL,NULL,NULL,False,NULL,NULL,"42.93","2026-03-06 18:01:42.034621+00"
"116405",8558,"2026-03-06 12:17:36.17+00","40.20030170","71.73174500",NULL,"14.26",NULL,NULL,NULL,NULL,False,NULL,NULL,"43.53","2026-03-06 18:01:42.03462+00"
"116404",8558,"2026-03-06 12:17:33.172+00","40.19991500","71.73166500",NULL,"14.83",NULL,NULL,NULL,NULL,False,NULL,NULL,"44.52","2026-03-06 18:01:42.034619+00"
"116403",8558,"2026-03-06 12:17:30.174+00","40.19952170","71.73156670",NULL,"14.96",NULL,NULL,NULL,NULL,False,NULL,NULL,"46.28","2026-03-06 18:01:42.034618+00"
"116402",8558,"2026-03-06 12:17:27.172+00","40.19911330","71.73146170",NULL,"15.16",NULL,NULL,NULL,NULL,False,NULL,NULL,"46.51","2026-03-06 18:01:42.034617+00"
"116401",8558,"2026-03-06 12:17:24.172+00","40.19870330","71.73135330",NULL,"15.18",NULL,NULL,NULL,NULL,False,NULL,NULL,"46.71","2026-03-06 18:01:42.034615+00"
"116400",8558,"2026-03-06 12:17:21.167+00","40.19829170","71.73124330",NULL,"15.63",NULL,NULL,NULL,NULL,False,NULL,NULL,"47.86","2026-03-06 18:01:41.761434+00"
"116399",8558,"2026-03-06 12:17:18.172+00","40.19787170","71.73112000",NULL,"15.87",NULL,NULL,NULL,NULL,False,NULL,NULL,"45.34","2026-03-06 18:01:41.761433+00"
"116398",8558,"2026-03-06 12:17:15.171+00","40.19747000","71.73102830",NULL,"14.91",NULL,NULL,NULL,NULL,False,NULL,NULL,"44.43","2026-03-06 18:01:41.761432+00"
"116397",8558,"2026-03-06 12:17:12.169+00","40.19707170","71.73098670",NULL,"14.32",NULL,NULL,NULL,NULL,False,NULL,NULL,"43.94","2026-03-06 18:01:41.761432+00"
"116396",8558,"2026-03-06 12:17:09.172+00","40.19667670","71.73100000",NULL,"13.62",NULL,NULL,NULL,NULL,False,NULL,NULL,"41.59","2026-03-06 18:01:41.761431+00"
"116394",8558,"2026-03-06 12:17:06.172+00","40.19630330","71.73097170",NULL,"13.26",NULL,NULL,NULL,NULL,False,NULL,NULL,"37.38","2026-03-06 18:01:41.761429+00"
"116395",8558,"2026-03-06 12:17:06.172+00","40.19630330","71.73097170",NULL,"13.26",NULL,NULL,NULL,NULL,False,NULL,NULL,"0.00","2026-03-06 18:01:41.76143+00"
"116393",8558,"2026-03-06 12:17:03.168+00","40.19596830","71.73100830",NULL,"12.15",NULL,NULL,NULL,NULL,False,NULL,NULL,"35.77","2026-03-06 18:01:41.761427+00"
"116392",8558,"2026-03-06 12:17:00.167+00","40.19564670","71.73102000",NULL,"11.30",NULL,NULL,NULL,NULL,False,NULL,NULL,"34.88","2026-03-06 18:01:41.761427+00"
"116391",8558,"2026-03-06 12:16:57.17+00","40.19533330","71.73100330",NULL,"9.45",NULL,NULL,NULL,NULL,False,NULL,NULL,"99.93","2026-03-06 18:01:41.761426+00"
"116389",8558,"2026-03-06 12:16:54.17+00","40.19443500","71.73096830",NULL,"7.86",NULL,NULL,NULL,NULL,False,NULL,NULL,"80.47","2026-03-06 18:01:41.761424+00"
"116390",8558,"2026-03-06 12:16:54.17+00","40.19443500","71.73096830",NULL,"7.86",NULL,NULL,NULL,NULL,False,NULL,NULL,"0.00","2026-03-06 18:01:41.761425+00"
"116387",8558,"2026-03-06 12:16:48.918+00","40.19373170","71.73074500",NULL,"0.00",NULL,NULL,NULL,NULL,False,NULL,NULL,"32.86","2026-03-06 18:01:41.761423+00"
"116388",8558,"2026-03-06 12:16:48.918+00","40.19373170","71.73074500",NULL,"0.00",NULL,NULL,NULL,NULL,False,NULL,NULL,"0.00","2026-03-06 18:01:41.761424+00"
"116385",8558,"2026-03-06 12:16:45.162+00","40.19401500","71.73085500",NULL,"5.63",NULL,NULL,NULL,NULL,False,NULL,NULL,"12.99","2026-03-06 18:01:41.761422+00"
"116386",8558,"2026-03-06 12:16:45.162+00","40.19401500","71.73085500",NULL,"5.63",NULL,NULL,NULL,NULL,False,NULL,NULL,"0.00","2026-03-06 18:01:41.761422+00"
"116384",8558,"2026-03-06 12:16:43.171+00","40.19389830","71.73084830",NULL,"0.00",NULL,NULL,NULL,NULL,False,NULL,NULL,"16.84","2026-03-06 18:01:41.761421+00"
"116383",8558,"2026-03-06 12:16:41.17+00","40.19375000","71.73080830",NULL,"0.00",NULL,NULL,NULL,NULL,False,NULL,NULL,"10.70","2026-03-06 18:01:41.76142+00"
"116381",8558,"2026-03-06 12:16:32.171+00","40.19365830","71.73077000",NULL,"0.00",NULL,NULL,NULL,NULL,False,NULL,NULL,"22.10","2026-03-06 18:01:41.761418+00"
"116382",8558,"2026-03-06 12:16:32.171+00","40.19365830","71.73077000",NULL,"0.00",NULL,NULL,NULL,NULL,False,NULL,NULL,"0.00","2026-03-06 18:01:41.761419+00"
"116379",8558,"2026-03-06 12:16:20.168+00","40.19346000","71.73078830",NULL,"4.88",NULL,NULL,NULL,NULL,False,NULL,NULL,"13.04","2026-03-06 18:01:41.761417+00"
"116380",8558,"2026-03-06 12:16:20.168+00","40.19346000","71.73078830",NULL,"4.88",NULL,NULL,NULL,NULL,False,NULL,NULL,"0.00","2026-03-06 18:01:41.761418+00"
"116378",8558,"2026-03-06 12:16:18.168+00","40.19334330","71.73080330",NULL,"0.00",NULL,NULL,NULL,NULL,False,NULL,NULL,"12.62","2026-03-06 18:01:41.761416+00"
"116377",8558,"2026-03-06 12:16:16.162+00","40.19323000","71.73081170",NULL,"0.00",NULL,NULL,NULL,NULL,False,NULL,NULL,"10.26","2026-03-06 18:01:41.761416+00"
"116376",8558,"2026-03-06 12:16:07.169+00","40.19314000","71.73078500",NULL,"0.00",NULL,NULL,NULL,NULL,False,NULL,NULL,"17.66","2026-03-06 18:01:41.761415+00"
"116375",8558,"2026-03-06 12:16:06.169+00","40.19329170","71.73084670",NULL,"0.00",NULL,NULL,NULL,NULL,False,NULL,NULL,"17.72","2026-03-06 18:01:41.761412+00"
"116374",8558,"2026-03-06 12:16:02.938+00","40.19340500","71.73070000",NULL,"0.00",NULL,NULL,NULL,NULL,False,NULL,NULL,"36.15","2026-03-06 18:01:41.761411+00"
"116372",8558,"2026-03-06 12:15:58.171+00","40.19308000","71.73071000",NULL,"0.00",NULL,NULL,NULL,NULL,False,NULL,NULL,"33.70","2026-03-06 18:01:41.76141+00"
"116373",8558,"2026-03-06 12:15:58.171+00","40.19308000","71.73071000",NULL,"0.00",NULL,NULL,NULL,NULL,False,NULL,NULL,"0.00","2026-03-06 18:01:41.76141+00"
"116370",8558,"2026-03-06 12:15:50.461+00","40.19280000","71.73055830",NULL,"10.51",NULL,NULL,NULL,NULL,False,NULL,NULL,"133.73","2026-03-06 18:01:41.761409+00"
"116371",8558,"2026-03-06 12:15:50.461+00","40.19280000","71.73055830",NULL,"10.51",NULL,NULL,NULL,NULL,False,NULL,NULL,"0.00","2026-03-06 18:01:41.761409+00"
"116368",8558,"2026-03-06 12:15:45.7+00","40.19159830","71.73049670",NULL,"12.95",NULL,NULL,NULL,NULL,False,NULL,NULL,"32.19","2026-03-06 18:01:41.761407+00"
"116369",8558,"2026-03-06 12:15:45.7+00","40.19159830","71.73049670",NULL,"12.95",NULL,NULL,NULL,NULL,False,NULL,NULL,"0.00","2026-03-06 18:01:41.761408+00"
"116366",8558,"2026-03-06 12:15:40.937+00","40.19131330","71.73043000",NULL,"0.00",NULL,NULL,NULL,NULL,False,NULL,NULL,"78.12","2026-03-06 18:01:41.761405+00"
"116367",8558,"2026-03-06 12:15:40.937+00","40.19131330","71.73043000",NULL,"0.00",NULL,NULL,NULL,NULL,False,NULL,NULL,"0.00","2026-03-06 18:01:41.761406+00"
"116364",8558,"2026-03-06 12:15:35.169+00","40.19064330","71.73015330",NULL,"11.06",NULL,NULL,NULL,NULL,False,NULL,NULL,"18.97","2026-03-06 18:01:41.761404+00"
"116365",8558,"2026-03-06 12:15:35.169+00","40.19064330","71.73015330",NULL,"11.06",NULL,NULL,NULL,NULL,False,NULL,NULL,"0.00","2026-03-06 18:01:41.761404+00"
"116363",8558,"2026-03-06 12:15:34.17+00","40.19047330","71.73013500",NULL,"0.00",NULL,NULL,NULL,NULL,False,NULL,NULL,"17.54","2026-03-06 18:01:41.761403+00"
"116362",8558,"2026-03-06 12:15:33.169+00","40.19031830","71.73009670",NULL,"0.00",NULL,NULL,NULL,NULL,False,NULL,NULL,"15.23","2026-03-06 18:01:41.761402+00"
"116361",8558,"2026-03-06 12:15:32.169+00","40.19018330","71.73006670",NULL,"0.00",NULL,NULL,NULL,NULL,False,NULL,NULL,"26.80","2026-03-06 18:01:41.761401+00"
"116360",8558,"2026-03-06 12:15:29.719+00","40.18994830","71.72999670",NULL,"0.00",NULL,NULL,NULL,NULL,False,NULL,NULL,"26.62","2026-03-06 18:01:41.761401+00"
"116358",8558,"2026-03-06 12:15:25.955+00","40.18971330","71.72993670",NULL,"0.00",NULL,NULL,NULL,NULL,False,NULL,NULL,"65.22","2026-03-06 18:01:41.761399+00"
"116359",8558,"2026-03-06 12:15:25.955+00","40.18971330","71.72993670",NULL,"0.00",NULL,NULL,NULL,NULL,False,NULL,NULL,"0.00","2026-03-06 18:01:41.7614+00"
"116356",8558,"2026-03-06 12:15:21.172+00","40.18914500","71.72974670",NULL,"8.62",NULL,NULL,NULL,NULL,False,NULL,NULL,"25.62","2026-03-06 18:01:41.761391+00"
"116357",8558,"2026-03-06 12:15:21.172+00","40.18914500","71.72974670",NULL,"8.62",NULL,NULL,NULL,NULL,False,NULL,NULL,"0.00","2026-03-06 18:01:41.761391+00"
"116355",8558,"2026-03-06 12:15:18.17+00","40.18891500","71.72972830",NULL,"7.16",NULL,NULL,NULL,NULL,False,NULL,NULL,"20.38","2026-03-06 18:01:41.761389+00"
"116354",8558,"2026-03-06 12:15:15.167+00","40.18873170","71.72972500",NULL,"5.60",NULL,NULL,NULL,NULL,False,NULL,NULL,"22.11","2026-03-06 18:01:41.761388+00"
"116352",8558,"2026-03-06 12:15:09.449+00","40.18853330","71.72970830",NULL,"3.02",NULL,NULL,NULL,NULL,False,NULL,NULL,"11.61","2026-03-06 18:01:41.761386+00"
"116353",8558,"2026-03-06 12:15:09.449+00","40.18853330","71.72970830",NULL,"3.02",NULL,NULL,NULL,NULL,False,NULL,NULL,"0.00","2026-03-06 18:01:41.761387+00"
"116350",8558,"2026-03-06 12:15:08.172+00","40.18843170","71.72967670",NULL,"2.09",NULL,NULL,NULL,NULL,False,NULL,NULL,"30.27","2026-03-06 18:01:41.441499+00"
"116351",8558,"2026-03-06 12:15:08.172+00","40.18843170","71.72967670",NULL,"2.09",NULL,NULL,NULL,NULL,False,NULL,NULL,"0.00","2026-03-06 18:01:41.761384+00"
"116349",8558,"2026-03-06 12:14:56.158+00","40.18816000","71.72969830",NULL,"7.86",NULL,NULL,NULL,NULL,False,NULL,NULL,"35.58","2026-03-06 18:01:41.441498+00"
"116348",8558,"2026-03-06 12:14:52.159+00","40.18804670","71.73009000",NULL,"10.83",NULL,NULL,NULL,NULL,False,NULL,NULL,"33.25","2026-03-06 18:01:41.441497+00"
"116347",8558,"2026-03-06 12:14:49.158+00","40.18811830","71.73047000",NULL,"11.48",NULL,NULL,NULL,NULL,False,NULL,NULL,"35.61","2026-03-06 18:01:41.441494+00"
"116346",8558,"2026-03-06 12:14:46.158+00","40.18822170","71.73086670",NULL,"11.81",NULL,NULL,NULL,NULL,False,NULL,NULL,"37.37","2026-03-06 18:01:41.441493+00"
"116345",8558,"2026-03-06 12:14:43.158+00","40.18835000","71.73127330",NULL,"12.16",NULL,NULL,NULL,NULL,False,NULL,NULL,"32.06","2026-03-06 18:01:41.441493+00"
"116343",8558,"2026-03-06 12:14:40.159+00","40.18852330","71.73157500",NULL,"12.21",NULL,NULL,NULL,NULL,False,NULL,NULL,"42.22","2026-03-06 18:01:41.441491+00"
"116344",8558,"2026-03-06 12:14:40.159+00","40.18852330","71.73157500",NULL,"12.21",NULL,NULL,NULL,NULL,False,NULL,NULL,"0.00","2026-03-06 18:01:41.441492+00"
"116341",8558,"2026-03-06 12:14:37.159+00","40.18864670","71.73204500",NULL,"12.77",NULL,NULL,NULL,NULL,False,NULL,NULL,"39.40","2026-03-06 18:01:41.44149+00"
"116342",8558,"2026-03-06 12:14:37.159+00","40.18864670","71.73204500",NULL,"12.77",NULL,NULL,NULL,NULL,False,NULL,NULL,"0.00","2026-03-06 18:01:41.44149+00"
"116340",8558,"2026-03-06 12:14:34.159+00","40.18881000","71.73245670",NULL,"12.30",NULL,NULL,NULL,NULL,False,NULL,NULL,"35.72","2026-03-06 18:01:41.441489+00"
"116339",8558,"2026-03-06 12:14:31.158+00","40.18893330","71.73284500",NULL,"11.81",NULL,NULL,NULL,NULL,False,NULL,NULL,"40.28","2026-03-06 18:01:41.441488+00"
"116337",8558,"2026-03-06 12:14:28.162+00","40.18899000","71.73331330",NULL,"12.37",NULL,NULL,NULL,NULL,False,NULL,NULL,"50.02","2026-03-06 18:01:41.441487+00"
"116338",8558,"2026-03-06 12:14:28.162+00","40.18899000","71.73331330",NULL,"12.37",NULL,NULL,NULL,NULL,False,NULL,NULL,"0.00","2026-03-06 18:01:41.441488+00"
"116335",8558,"2026-03-06 12:14:24.159+00","40.18918330","71.73384500",NULL,"12.56",NULL,NULL,NULL,NULL,False,NULL,NULL,"41.63","2026-03-06 18:01:41.441486+00"
"116336",8558,"2026-03-06 12:14:24.159+00","40.18918330","71.73384500",NULL,"12.56",NULL,NULL,NULL,NULL,False,NULL,NULL,"0.00","2026-03-06 18:01:41.441486+00"
"116334",8558,"2026-03-06 12:14:21.16+00","40.18933170","71.73429500",NULL,"11.90",NULL,NULL,NULL,NULL,False,NULL,NULL,"34.31","2026-03-06 18:01:41.441485+00"
"116333",8558,"2026-03-06 12:14:18.161+00","40.18945830","71.73466330",NULL,"10.94",NULL,NULL,NULL,NULL,False,NULL,NULL,"30.39","2026-03-06 18:01:41.441484+00"
"116332",8558,"2026-03-06 12:14:15.161+00","40.18956670","71.73499170",NULL,"10.19",NULL,NULL,NULL,NULL,False,NULL,NULL,"36.04","2026-03-06 18:01:41.441483+00"
"116331",8558,"2026-03-06 12:14:10.581+00","40.18971830","71.73536670",NULL,"7.99",NULL,NULL,NULL,NULL,False,NULL,NULL,"30.91","2026-03-06 18:01:41.441482+00"
"116329",8558,"2026-03-06 12:14:09.17+00","40.18978500","71.73572000",NULL,"7.61",NULL,NULL,NULL,NULL,False,NULL,NULL,"25.67","2026-03-06 18:01:41.441479+00"
"116330",8558,"2026-03-06 12:14:09.17+00","40.18978500","71.73572000",NULL,"7.61",NULL,NULL,NULL,NULL,False,NULL,NULL,"0.00","2026-03-06 18:01:41.441481+00"
"116328",8558,"2026-03-06 12:14:06.17+00","40.18987500","71.73599830",NULL,"6.54",NULL,NULL,NULL,NULL,False,NULL,NULL,"21.38","2026-03-06 18:01:41.441479+00"
"116326",8558,"2026-03-06 12:14:01.174+00","40.18993670","71.73623670",NULL,"2.55",NULL,NULL,NULL,NULL,False,NULL,NULL,"31.79","2026-03-06 18:01:41.441477+00"
"116327",8558,"2026-03-06 12:14:01.174+00","40.18993670","71.73623670",NULL,"2.55",NULL,NULL,NULL,NULL,False,NULL,NULL,"0.00","2026-03-06 18:01:41.441478+00"
"116324",8558,"2026-03-06 12:13:55.172+00","40.18968330","71.73641000",NULL,"8.14",NULL,NULL,NULL,NULL,False,NULL,NULL,"44.15","2026-03-06 18:01:41.441476+00"
"116325",8558,"2026-03-06 12:13:55.172+00","40.18968330","71.73641000",NULL,"8.14",NULL,NULL,NULL,NULL,False,NULL,NULL,"0.00","2026-03-06 18:01:41.441477+00"
"116323",8558,"2026-03-06 12:13:51.168+00","40.18928830","71.73635670",NULL,"12.83",NULL,NULL,NULL,NULL,False,NULL,NULL,"40.81","2026-03-06 18:01:41.441475+00"
"116322",8558,"2026-03-06 12:13:48.171+00","40.18892330","71.73630670",NULL,"13.35",NULL,NULL,NULL,NULL,False,NULL,NULL,"42.76","2026-03-06 18:01:41.441475+00"
"116320",8558,"2026-03-06 12:13:43.173+00","40.18854000","71.73626670",NULL,"13.20",NULL,NULL,NULL,NULL,False,NULL,NULL,"38.51","2026-03-06 18:01:41.441473+00"
"116321",8558,"2026-03-06 12:13:43.173+00","40.18854000","71.73626670",NULL,"13.20",NULL,NULL,NULL,NULL,False,NULL,NULL,"0.00","2026-03-06 18:01:41.441474+00"
"116319",8558,"2026-03-06 12:13:40.17+00","40.18819500","71.73622670",NULL,"12.32",NULL,NULL,NULL,NULL,False,NULL,NULL,"187.74","2026-03-06 18:01:41.441472+00"
"116317",8558,"2026-03-06 12:13:34.168+00","40.18652830","71.73587330",NULL,"10.52",NULL,NULL,NULL,NULL,False,NULL,NULL,"36.51","2026-03-06 18:01:41.44147+00"
"116318",8558,"2026-03-06 12:13:34.168+00","40.18652830","71.73587330",NULL,"10.52",NULL,NULL,NULL,NULL,False,NULL,NULL,"0.00","2026-03-06 18:01:41.441471+00"
"116316",8558,"2026-03-06 12:13:32.171+00","40.18620000","71.73588170",NULL,"5.97",NULL,NULL,NULL,NULL,False,NULL,NULL,"33.58","2026-03-06 18:01:41.44147+00"
"116314",8558,"2026-03-06 12:13:27.173+00","40.18590170","71.73594330",NULL,"2.79",NULL,NULL,NULL,NULL,False,NULL,NULL,"10.56","2026-03-06 18:01:41.441468+00"
"116315",8558,"2026-03-06 12:13:27.173+00","40.18590170","71.73594330",NULL,"2.79",NULL,NULL,NULL,NULL,False,NULL,NULL,"0.00","2026-03-06 18:01:41.441469+00"
"116312",8558,"2026-03-06 12:13:24.162+00","40.18580670","71.73594500",NULL,"0.00",NULL,NULL,NULL,NULL,False,NULL,NULL,"26.16","2026-03-06 18:01:41.441467+00"
"116313",8558,"2026-03-06 12:13:24.162+00","40.18580670","71.73594500",NULL,"0.00",NULL,NULL,NULL,NULL,False,NULL,NULL,"0.00","2026-03-06 18:01:41.441467+00"
"116310",8558,"2026-03-06 12:13:14.159+00","40.18557170","71.73593000",NULL,"4.34",NULL,NULL,NULL,NULL,False,NULL,NULL,"15.39","2026-03-06 18:01:41.441463+00"
"116311",8558,"2026-03-06 12:13:14.159+00","40.18557170","71.73593000",NULL,"4.34",NULL,NULL,NULL,NULL,False,NULL,NULL,"0.00","2026-03-06 18:01:41.441463+00"
"116308",8558,"2026-03-06 12:13:10.16+00","40.18543500","71.73595830",NULL,"0.00",NULL,NULL,NULL,NULL,False,NULL,NULL,"25.65","2026-03-06 18:01:41.441461+00"
"116309",8558,"2026-03-06 12:13:10.16+00","40.18543500","71.73595830",NULL,"0.00",NULL,NULL,NULL,NULL,False,NULL,NULL,"0.00","2026-03-06 18:01:41.441461+00"
"116306",8558,"2026-03-06 12:13:03.17+00","40.18521000","71.73602500",NULL,"3.78",NULL,NULL,NULL,NULL,False,NULL,NULL,"13.89","2026-03-06 18:01:41.441459+00"
"116307",8558,"2026-03-06 12:13:03.17+00","40.18521000","71.73602500",NULL,"3.78",NULL,NULL,NULL,NULL,False,NULL,NULL,"0.00","2026-03-06 18:01:41.44146+00"
"116305",8558,"2026-03-06 12:13:00.172+00","40.18508830","71.73606170",NULL,"0.00",NULL,NULL,NULL,NULL,False,NULL,NULL,"11.36","2026-03-06 18:01:41.441458+00"
"116304",8558,"2026-03-06 12:12:57.171+00","40.18499830","71.73612500",NULL,"0.00",NULL,NULL,NULL,NULL,False,NULL,NULL,"10.16","2026-03-06 18:01:41.441457+00"
"116303",8558,"2026-03-06 12:12:43.158+00","40.18497830","71.73624170",NULL,"0.00",NULL,NULL,NULL,NULL,False,NULL,NULL,"10.24","2026-03-06 18:01:41.441456+00"
"116301",8558,"2026-03-06 12:11:32.515+00","40.18492330","71.73614500",NULL,"0.11",NULL,NULL,NULL,NULL,False,NULL,NULL,"0.00","2026-03-06 18:01:41.441453+00"
"116302",8558,"2026-03-06 12:11:32.515+00","40.18492330","71.73614500",NULL,"0.11",NULL,NULL,NULL,NULL,False,NULL,NULL,"0.00","2026-03-06 18:01:41.441454+00"
"116300",8558,"2026-03-06 12:11:32.515+00","40.18492330","71.73614500",NULL,"0.11",NULL,NULL,NULL,NULL,False,NULL,NULL,"671.04","2026-03-06 18:01:41.130838+00"
"116299",8558,"2026-03-06 11:40:44.159+00","40.18669000","71.72859170",NULL,"0.00",NULL,NULL,NULL,NULL,False,NULL,NULL,"0.46","2026-03-06 18:01:41.130837+00"
"116298",8558,"2026-03-06 11:38:31.173+00","40.18669330","71.72859500",NULL,"0.24",NULL,NULL,NULL,NULL,False,NULL,NULL,"12.03","2026-03-06 18:01:41.130836+00"
"116297",8558,"2026-03-06 11:35:38.169+00","40.18679500","71.72864330",NULL,"0.26",NULL,NULL,NULL,NULL,False,NULL,NULL,"10.05","2026-03-06 18:01:41.130836+00"
"116296",8558,"2026-03-06 11:26:44.169+00","40.18676170","71.72853330",NULL,"0.23",NULL,NULL,NULL,NULL,False,NULL,NULL,"10.02","2026-03-06 18:01:41.130835+00"
"116295",8558,"2026-03-06 11:26:20.164+00","40.18670830","71.72862830",NULL,"0.53",NULL,NULL,NULL,NULL,False,NULL,NULL,"13.21","2026-03-06 18:01:41.130834+00"
"116294",8558,"2026-03-06 11:26:18.007+00","40.18665170","71.72876500",NULL,"0.00",NULL,NULL,NULL,NULL,False,NULL,NULL,"11.53","2026-03-06 18:01:41.130833+00"
"116292",8558,"2026-03-06 11:26:12.158+00","40.18660830","71.72888830",NULL,"0.00",NULL,NULL,NULL,NULL,False,NULL,NULL,"11.10","2026-03-06 18:01:41.130831+00"
"116293",8558,"2026-03-06 11:26:12.158+00","40.18660830","71.72888830",NULL,"0.00",NULL,NULL,NULL,NULL,False,NULL,NULL,"0.00","2026-03-06 18:01:41.130831+00"
"116291",8558,"2026-03-06 11:26:10.159+00","40.18659830","71.72901830",NULL,"0.00",NULL,NULL,NULL,NULL,False,NULL,NULL,"13.38","2026-03-06 18:01:41.13083+00"
"116289",8558,"2026-03-06 11:26:03.14+00","40.18663500","71.72916830",NULL,"0.00",NULL,NULL,NULL,NULL,False,NULL,NULL,"30.53","2026-03-06 18:01:41.130828+00"
"116290",8558,"2026-03-06 11:26:03.14+00","40.18663500","71.72916830",NULL,"0.00",NULL,NULL,NULL,NULL,False,NULL,NULL,"0.00","2026-03-06 18:01:41.130829+00"
"116286",8558,"2026-03-06 11:26:00.158+00","40.18688330","71.72932170",NULL,"11.48",NULL,NULL,NULL,NULL,False,NULL,NULL,"34.53","2026-03-06 18:01:41.130827+00"
"116287",8558,"2026-03-06 11:26:00.158+00","40.18688330","71.72932170",NULL,"11.48",NULL,NULL,NULL,NULL,False,NULL,NULL,"0.00","2026-03-06 18:01:41.130827+00"
"116288",8558,"2026-03-06 11:26:00.158+00","40.18688330","71.72932170",NULL,"11.48",NULL,NULL,NULL,NULL,False,NULL,NULL,"0.00","2026-03-06 18:01:41.130828+00"
"116285",8558,"2026-03-06 11:25:57.571+00","40.18719330","71.72929830",NULL,"8.53",NULL,NULL,NULL,NULL,False,NULL,NULL,"34.82","2026-03-06 18:01:41.130826+00"
"116281",8558,"2026-03-06 11:25:56.159+00","40.18748000","71.72946330",NULL,"8.74",NULL,NULL,NULL,NULL,False,NULL,NULL,"20.39","2026-03-06 18:01:41.130823+00"
"116282",8558,"2026-03-06 11:25:56.159+00","40.18748000","71.72946330",NULL,"8.74",NULL,NULL,NULL,NULL,False,NULL,NULL,"0.00","2026-03-06 18:01:41.130824+00"
"116283",8558,"2026-03-06 11:25:56.159+00","40.18748000","71.72946330",NULL,"8.74",NULL,NULL,NULL,NULL,False,NULL,NULL,"0.00","2026-03-06 18:01:41.130824+00"
"116284",8558,"2026-03-06 11:25:56.159+00","40.18748000","71.72946330",NULL,"8.74",NULL,NULL,NULL,NULL,False,NULL,NULL,"0.00","2026-03-06 18:01:41.130825+00"
"116280",8558,"2026-03-06 11:25:54.158+00","40.18766330","71.72947000",NULL,"6.63",NULL,NULL,NULL,NULL,False,NULL,NULL,"25.76","2026-03-06 18:01:41.130822+00"
"116276",8558,"2026-03-06 11:25:49.159+00","40.18789500","71.72947170",NULL,"2.99",NULL,NULL,NULL,NULL,False,NULL,NULL,"12.87","2026-03-06 18:01:41.13082+00"
"116277",8558,"2026-03-06 11:25:49.159+00","40.18789500","71.72947170",NULL,"2.99",NULL,NULL,NULL,NULL,False,NULL,NULL,"0.00","2026-03-06 18:01:41.13082+00"
"116278",8558,"2026-03-06 11:25:49.159+00","40.18789500","71.72947170",NULL,"2.99",NULL,NULL,NULL,NULL,False,NULL,NULL,"0.00","2026-03-06 18:01:41.130821+00"
"116279",8558,"2026-03-06 11:25:49.159+00","40.18789500","71.72947170",NULL,"2.99",NULL,NULL,NULL,NULL,False,NULL,NULL,"0.00","2026-03-06 18:01:41.130821+00"
"116274",8558,"2026-03-06 11:25:47.159+00","40.18800330","71.72952500",NULL,"1.97",NULL,NULL,NULL,NULL,False,NULL,NULL,"30.08","2026-03-06 18:01:41.130817+00"
"116275",8558,"2026-03-06 11:25:47.159+00","40.18800330","71.72952500",NULL,"1.97",NULL,NULL,NULL,NULL,False,NULL,NULL,"0.00","2026-03-06 18:01:41.130817+00"
"116270",8558,"2026-03-06 11:25:23.171+00","40.18802170","71.72987830",NULL,"10.85",NULL,NULL,NULL,NULL,False,NULL,NULL,"52.37","2026-03-06 18:01:41.130814+00"
"116271",8558,"2026-03-06 11:25:23.171+00","40.18802170","71.72987830",NULL,"10.85",NULL,NULL,NULL,NULL,False,NULL,NULL,"0.00","2026-03-06 18:01:41.130815+00"
"116272",8558,"2026-03-06 11:25:23.171+00","40.18802170","71.72987830",NULL,"10.85",NULL,NULL,NULL,NULL,False,NULL,NULL,"0.00","2026-03-06 18:01:41.130815+00"
"116273",8558,"2026-03-06 11:25:23.171+00","40.18802170","71.72987830",NULL,"10.85",NULL,NULL,NULL,NULL,False,NULL,NULL,"0.00","2026-03-06 18:01:41.130816+00"
"116269",8558,"2026-03-06 11:25:20.171+00","40.18814000","71.73047500",NULL,"20.74",NULL,NULL,NULL,NULL,False,NULL,NULL,"57.93","2026-03-06 18:01:41.130813+00"
"116266",8558,"2026-03-06 11:25:17.173+00","40.18828500","71.73113000",NULL,"20.64",NULL,NULL,NULL,NULL,False,NULL,NULL,"61.76","2026-03-06 18:01:41.130811+00"
"116267",8558,"2026-03-06 11:25:17.173+00","40.18828500","71.73113000",NULL,"20.64",NULL,NULL,NULL,NULL,False,NULL,NULL,"0.00","2026-03-06 18:01:41.130812+00"
"116268",8558,"2026-03-06 11:25:17.173+00","40.18828500","71.73113000",NULL,"20.64",NULL,NULL,NULL,NULL,False,NULL,NULL,"0.00","2026-03-06 18:01:41.130812+00"
"116265",8558,"2026-03-06 11:25:14.171+00","40.18848170","71.73181000",NULL,"19.43",NULL,NULL,NULL,NULL,False,NULL,NULL,"56.77","2026-03-06 18:01:41.13081+00"
"116262",8558,"2026-03-06 11:25:11.172+00","40.18874830","71.73238000",NULL,"19.08",NULL,NULL,NULL,NULL,False,NULL,NULL,"58.60","2026-03-06 18:01:41.130808+00"
"116263",8558,"2026-03-06 11:25:11.172+00","40.18874830","71.73238000",NULL,"19.08",NULL,NULL,NULL,NULL,False,NULL,NULL,"0.00","2026-03-06 18:01:41.130809+00"
"116264",8558,"2026-03-06 11:25:11.172+00","40.18874830","71.73238000",NULL,"19.08",NULL,NULL,NULL,NULL,False,NULL,NULL,"0.00","2026-03-06 18:01:41.130809+00"
"116261",8558,"2026-03-06 11:25:08.169+00","40.18894500","71.73302000",NULL,"18.54",NULL,NULL,NULL,NULL,False,NULL,NULL,"69.13","2026-03-06 18:01:41.130807+00"
"116257",8558,"2026-03-06 11:25:04.166+00","40.18915000","71.73378830",NULL,"17.70",NULL,NULL,NULL,NULL,False,NULL,NULL,"53.50","2026-03-06 18:01:41.130797+00"
"116258",8558,"2026-03-06 11:25:04.166+00","40.18915000","71.73378830",NULL,"17.70",NULL,NULL,NULL,NULL,False,NULL,NULL,"0.00","2026-03-06 18:01:41.130798+00"
"116259",8558,"2026-03-06 11:25:04.166+00","40.18915000","71.73378830",NULL,"17.70",NULL,NULL,NULL,NULL,False,NULL,NULL,"0.00","2026-03-06 18:01:41.130805+00"
"116260",8558,"2026-03-06 11:25:04.166+00","40.18915000","71.73378830",NULL,"17.70",NULL,NULL,NULL,NULL,False,NULL,NULL,"0.00","2026-03-06 18:01:41.130806+00"
"116256",8558,"2026-03-06 11:25:01.168+00","40.18936000","71.73435500",NULL,"15.19",NULL,NULL,NULL,NULL,False,NULL,NULL,"52.05","2026-03-06 18:01:41.130796+00"
"116252",8558,"2026-03-06 11:24:57.169+00","40.18949500","71.73494170",NULL,"12.86",NULL,NULL,NULL,NULL,False,NULL,NULL,"38.71","2026-03-06 18:01:41.130792+00"
"116253",8558,"2026-03-06 11:24:57.169+00","40.18949500","71.73494170",NULL,"12.86",NULL,NULL,NULL,NULL,False,NULL,NULL,"0.00","2026-03-06 18:01:41.130793+00"
"116254",8558,"2026-03-06 11:24:57.169+00","40.18949500","71.73494170",NULL,"12.86",NULL,NULL,NULL,NULL,False,NULL,NULL,"0.00","2026-03-06 18:01:41.130794+00"
"116255",8558,"2026-03-06 11:24:57.169+00","40.18949500","71.73494170",NULL,"12.86",NULL,NULL,NULL,NULL,False,NULL,NULL,"0.00","2026-03-06 18:01:41.130794+00"
"116251",8558,"2026-03-06 11:24:54.168+00","40.18964170","71.73535500",NULL,"11.58",NULL,NULL,NULL,NULL,False,NULL,NULL,"35.96","2026-03-06 18:01:41.130791+00"
"116247",8558,"2026-03-06 11:24:51.172+00","40.18979170","71.73573000",NULL,"10.13",NULL,NULL,NULL,NULL,False,NULL,NULL,"27.01","2026-03-06 18:01:40.848013+00"
"116248",8558,"2026-03-06 11:24:51.172+00","40.18979170","71.73573000",NULL,"10.13",NULL,NULL,NULL,NULL,False,NULL,NULL,"0.00","2026-03-06 18:01:40.848013+00"
"116249",8558,"2026-03-06 11:24:51.172+00","40.18979170","71.73573000",NULL,"10.13",NULL,NULL,NULL,NULL,False,NULL,NULL,"0.00","2026-03-06 18:01:40.848014+00"
"116250",8558,"2026-03-06 11:24:51.172+00","40.18979170","71.73573000",NULL,"10.13",NULL,NULL,NULL,NULL,False,NULL,NULL,"0.00","2026-03-06 18:01:40.848014+00"
"116246",8558,"2026-03-06 11:24:48.162+00","40.18988830","71.73602170",NULL,"7.20",NULL,NULL,NULL,NULL,False,NULL,NULL,"26.28","2026-03-06 18:01:40.848012+00"
"116242",8558,"2026-03-06 11:24:40.168+00","40.18993500","71.73632500",NULL,"4.36",NULL,NULL,NULL,NULL,False,NULL,NULL,"42.40","2026-03-06 18:01:40.848011+00"
"116243",8558,"2026-03-06 11:24:40.168+00","40.18993500","71.73632500",NULL,"4.36",NULL,NULL,NULL,NULL,False,NULL,NULL,"0.00","2026-03-06 18:01:40.848012+00"
"116244",8558,"2026-03-06 11:24:40.168+00","40.18993500","71.73632500",NULL,"4.36",NULL,NULL,NULL,NULL,False,NULL,NULL,"0.00","2026-03-06 18:01:40.848012+00"
"116245",8558,"2026-03-06 11:24:40.168+00","40.18993500","71.73632500",NULL,"4.36",NULL,NULL,NULL,NULL,False,NULL,NULL,"0.00","2026-03-06 18:01:40.848012+00"
"116239",8558,"2026-03-06 11:24:34.171+00","40.18956170","71.73622330",NULL,"16.11",NULL,NULL,NULL,NULL,False,NULL,NULL,"57.76","2026-03-06 18:01:40.848011+00"
"116240",8558,"2026-03-06 11:24:34.171+00","40.18956170","71.73622330",NULL,"16.11",NULL,NULL,NULL,NULL,False,NULL,NULL,"0.00","2026-03-06 18:01:40.848011+00"
"116241",8558,"2026-03-06 11:24:34.171+00","40.18956170","71.73622330",NULL,"16.11",NULL,NULL,NULL,NULL,False,NULL,NULL,"0.00","2026-03-06 18:01:40.848011+00"
"116238",8558,"2026-03-06 11:24:31.17+00","40.18904830","71.73612000",NULL,"21.24",NULL,NULL,NULL,NULL,False,NULL,NULL,"68.01","2026-03-06 18:01:40.84801+00"
"116235",8558,"2026-03-06 11:24:28.171+00","40.18843670","71.73612170",NULL,"21.32",NULL,NULL,NULL,NULL,False,NULL,NULL,"59.88","2026-03-06 18:01:40.84801+00"
"116236",8558,"2026-03-06 11:24:28.171+00","40.18843670","71.73612170",NULL,"21.32",NULL,NULL,NULL,NULL,False,NULL,NULL,"0.00","2026-03-06 18:01:40.84801+00"
"116237",8558,"2026-03-06 11:24:28.171+00","40.18843670","71.73612170",NULL,"21.32",NULL,NULL,NULL,NULL,False,NULL,NULL,"0.00","2026-03-06 18:01:40.84801+00"
"116234",8558,"2026-03-06 11:24:25.17+00","40.18790500","71.73601000",NULL,"20.79",NULL,NULL,NULL,NULL,False,NULL,NULL,"51.13","2026-03-06 18:01:40.848009+00"
"116230",8558,"2026-03-06 11:24:23.168+00","40.18744830","71.73608000",NULL,"18.60",NULL,NULL,NULL,NULL,False,NULL,NULL,"56.44","2026-03-06 18:01:40.848007+00"
"116231",8558,"2026-03-06 11:24:23.168+00","40.18744830","71.73608000",NULL,"18.60",NULL,NULL,NULL,NULL,False,NULL,NULL,"0.00","2026-03-06 18:01:40.848008+00"
"116232",8558,"2026-03-06 11:24:23.168+00","40.18744830","71.73608000",NULL,"18.60",NULL,NULL,NULL,NULL,False,NULL,NULL,"0.00","2026-03-06 18:01:40.848009+00"
"116233",8558,"2026-03-06 11:24:23.168+00","40.18744830","71.73608000",NULL,"18.60",NULL,NULL,NULL,NULL,False,NULL,NULL,"0.00","2026-03-06 18:01:40.848009+00"
"116226",8558,"2026-03-06 11:24:19.495+00","40.18694670","71.73597830",NULL,"17.18",NULL,NULL,NULL,NULL,False,NULL,NULL,"34.85","2026-03-06 18:01:40.848007+00"
"116227",8558,"2026-03-06 11:24:19.495+00","40.18694670","71.73597830",NULL,"17.18",NULL,NULL,NULL,NULL,False,NULL,NULL,"0.00","2026-03-06 18:01:40.848007+00"
"116228",8558,"2026-03-06 11:24:19.495+00","40.18694670","71.73597830",NULL,"17.18",NULL,NULL,NULL,NULL,False,NULL,NULL,"0.00","2026-03-06 18:01:40.848007+00"
"116229",8558,"2026-03-06 11:24:19.495+00","40.18694670","71.73597830",NULL,"17.18",NULL,NULL,NULL,NULL,False,NULL,NULL,"0.00","2026-03-06 18:01:40.848007+00"
"116223",8558,"2026-03-06 11:24:18.169+00","40.18663330","71.73597670",NULL,"12.49",NULL,NULL,NULL,NULL,False,NULL,NULL,"36.91","2026-03-06 18:01:40.848006+00"
"116224",8558,"2026-03-06 11:24:18.169+00","40.18663330","71.73597670",NULL,"12.49",NULL,NULL,NULL,NULL,False,NULL,NULL,"0.00","2026-03-06 18:01:40.848006+00"
"116225",8558,"2026-03-06 11:24:18.169+00","40.18663330","71.73597670",NULL,"12.49",NULL,NULL,NULL,NULL,False,NULL,NULL,"0.00","2026-03-06 18:01:40.848006+00"
"116222",8558,"2026-03-06 11:24:15.167+00","40.18630170","71.73595830",NULL,"11.91",NULL,NULL,NULL,NULL,False,NULL,NULL,"34.11","2026-03-06 18:01:40.848006+00"
"116219",8558,"2026-03-06 11:24:13.172+00","40.18600330","71.73586500",NULL,"11.72",NULL,NULL,NULL,NULL,False,NULL,NULL,"38.56","2026-03-06 18:01:40.848005+00"
"116220",8558,"2026-03-06 11:24:13.172+00","40.18600330","71.73586500",NULL,"11.72",NULL,NULL,NULL,NULL,False,NULL,NULL,"0.00","2026-03-06 18:01:40.848005+00"
"116221",8558,"2026-03-06 11:24:13.172+00","40.18600330","71.73586500",NULL,"11.72",NULL,NULL,NULL,NULL,False,NULL,NULL,"0.00","2026-03-06 18:01:40.848005+00"
"116218",8558,"2026-03-06 11:24:10.166+00","40.18565670","71.73585000",NULL,"10.32",NULL,NULL,NULL,NULL,False,NULL,NULL,"39.52","2026-03-06 18:01:40.848005+00"
"116216",8558,"2026-03-06 11:24:07.17+00","40.18531170","71.73596170",NULL,"9.16",NULL,NULL,NULL,NULL,False,NULL,NULL,"20.86","2026-03-06 18:01:40.848004+00"
"116217",8558,"2026-03-06 11:24:07.17+00","40.18531170","71.73596170",NULL,"9.16",NULL,NULL,NULL,NULL,False,NULL,NULL,"0.00","2026-03-06 18:01:40.848004+00"
"116215",8558,"2026-03-06 11:24:05.17+00","40.18512830","71.73601330",NULL,"6.72",NULL,NULL,NULL,NULL,False,NULL,NULL,"26.75","2026-03-06 18:01:40.847989+00"
"116213",8558,"2026-03-06 11:24:01.171+00","40.18489000","71.73605670",NULL,"5.21",NULL,NULL,NULL,NULL,False,NULL,NULL,"10.30","2026-03-06 18:01:40.847989+00"
"116214",8558,"2026-03-06 11:24:01.171+00","40.18489000","71.73605670",NULL,"5.21",NULL,NULL,NULL,NULL,False,NULL,NULL,"0.00","2026-03-06 18:01:40.847989+00"
"116212",8558,"2026-03-06 11:23:49.25+00","40.18489750","71.73617750",NULL,"0.16",NULL,NULL,NULL,NULL,False,NULL,NULL,"10.80","2026-03-06 18:01:40.847987+00"
"116211",8558,"2026-03-06 11:23:33.234+00","40.18499440","71.73616920",NULL,"0.18",NULL,NULL,NULL,NULL,False,NULL,NULL,"10.08","2026-03-06 18:01:40.847986+00"
"116210",8558,"2026-03-06 11:17:17.037+00","40.18498710","71.73605090",NULL,"0.09",NULL,NULL,NULL,NULL,False,NULL,NULL,"10.10","2026-03-06 18:01:40.847986+00"
"116209",8558,"2026-03-06 11:16:21.494+00","40.18498260","71.73616960",NULL,"0.50",NULL,NULL,NULL,NULL,False,NULL,NULL,"10.17","2026-03-06 18:01:40.847986+00"
"116208",8558,"2026-03-06 11:15:30.161+00","40.18489170","71.73615670",NULL,"0.55",NULL,NULL,NULL,NULL,False,NULL,NULL,"10.18","2026-03-06 18:01:40.847985+00"
"116207",8558,"2026-03-06 11:15:23.161+00","40.18498000","71.73612500",NULL,"0.29",NULL,NULL,NULL,NULL,False,NULL,NULL,"13.92","2026-03-06 18:01:40.847985+00"
"116205",8558,"2026-03-06 11:15:19.159+00","40.18509000","71.73604670",NULL,"0.00",NULL,NULL,NULL,NULL,False,NULL,NULL,"10.54","2026-03-06 18:01:40.847984+00"
"116206",8558,"2026-03-06 11:15:19.159+00","40.18509000","71.73604670",NULL,"0.00",NULL,NULL,NULL,NULL,False,NULL,NULL,"0.00","2026-03-06 18:01:40.847985+00"
"116204",8558,"2026-03-06 11:15:13.16+00","40.18513830","71.73594000",NULL,"0.00",NULL,NULL,NULL,NULL,False,NULL,NULL,"50.16","2026-03-06 18:01:40.847984+00"
"116201",8558,"2026-03-06 11:15:09+00","40.18558830","71.73598170",NULL,"0.00",NULL,NULL,NULL,NULL,False,NULL,NULL,"48.92","2026-03-06 18:01:40.847982+00"
"116202",8558,"2026-03-06 11:15:09+00","40.18558830","71.73598170",NULL,"0.00",NULL,NULL,NULL,NULL,False,NULL,NULL,"0.00","2026-03-06 18:01:40.847983+00"
"116203",8558,"2026-03-06 11:15:09+00","40.18558830","71.73598170",NULL,"0.00",NULL,NULL,NULL,NULL,False,NULL,NULL,"0.00","2026-03-06 18:01:40.847983+00"
"116198",8558,"2026-03-06 11:15:06.16+00","40.18515070","71.73592200",NULL,"5.06",NULL,NULL,NULL,NULL,False,NULL,NULL,"21.70","2026-03-06 18:01:40.577984+00"
"116199",8558,"2026-03-06 11:15:06.16+00","40.18515070","71.73592200",NULL,"5.06",NULL,NULL,NULL,NULL,False,NULL,NULL,"0.00","2026-03-06 18:01:40.577984+00"
"116200",8558,"2026-03-06 11:15:06.16+00","40.18515070","71.73592200",NULL,"5.06",NULL,NULL,NULL,NULL,False,NULL,NULL,"0.00","2026-03-06 18:01:40.577984+00"
"116197",8558,"2026-03-06 11:15:02.159+00","40.18534510","71.73590020",NULL,"4.44",NULL,NULL,NULL,NULL,False,NULL,NULL,"21.31","2026-03-06 18:01:40.577983+00"
"116196",8558,"2026-03-06 11:14:58.159+00","40.18553670","71.73589350",NULL,"3.75",NULL,NULL,NULL,NULL,False,NULL,NULL,"24.16","2026-03-06 18:01:40.577983+00"
"116193",8558,"2026-03-06 11:14:53.163+00","40.18575390","71.73589840",NULL,"2.83",NULL,NULL,NULL,NULL,False,NULL,NULL,"21.50","2026-03-06 18:01:40.577982+00"
"116194",8558,"2026-03-06 11:14:53.163+00","40.18575390","71.73589840",NULL,"2.83",NULL,NULL,NULL,NULL,False,NULL,NULL,"0.00","2026-03-06 18:01:40.577982+00"
"116195",8558,"2026-03-06 11:14:53.163+00","40.18575390","71.73589840",NULL,"2.83",NULL,NULL,NULL,NULL,False,NULL,NULL,"0.00","2026-03-06 18:01:40.577983+00"
"116192",8558,"2026-03-06 11:14:15.162+00","40.18592580","71.73578260",NULL,"4.62",NULL,NULL,NULL,NULL,False,NULL,NULL,"24.64","2026-03-06 18:01:40.577982+00"
"116191",8558,"2026-03-06 11:14:11.161+00","40.18614310","71.73583940",NULL,"3.99",NULL,NULL,NULL,NULL,False,NULL,NULL,"22.06","2026-03-06 18:01:40.577982+00"
"116187",8558,"2026-03-06 11:14:07.159+00","40.18633920","71.73587870",NULL,"6.29",NULL,NULL,NULL,NULL,False,NULL,NULL,"35.59","2026-03-06 18:01:40.57798+00"
"116188",8558,"2026-03-06 11:14:07.159+00","40.18633920","71.73587870",NULL,"6.29",NULL,NULL,NULL,NULL,False,NULL,NULL,"0.00","2026-03-06 18:01:40.57798+00"
"116189",8558,"2026-03-06 11:14:07.159+00","40.18633920","71.73587870",NULL,"6.29",NULL,NULL,NULL,NULL,False,NULL,NULL,"0.00","2026-03-06 18:01:40.57798+00"
"116190",8558,"2026-03-06 11:14:07.159+00","40.18633920","71.73587870",NULL,"6.29",NULL,NULL,NULL,NULL,False,NULL,NULL,"0.00","2026-03-06 18:01:40.57798+00"
"116184",8558,"2026-03-06 11:14:01.159+00","40.18665720","71.73592620",NULL,"7.86",NULL,NULL,NULL,NULL,False,NULL,NULL,"30.22","2026-03-06 18:01:40.577979+00"
"116185",8558,"2026-03-06 11:14:01.159+00","40.18665720","71.73592620",NULL,"7.86",NULL,NULL,NULL,NULL,False,NULL,NULL,"0.00","2026-03-06 18:01:40.577979+00"
"116186",8558,"2026-03-06 11:14:01.159+00","40.18665720","71.73592620",NULL,"7.86",NULL,NULL,NULL,NULL,False,NULL,NULL,"0.00","2026-03-06 18:01:40.57798+00"
"116183",8558,"2026-03-06 11:13:57.16+00","40.18692750","71.73596320",NULL,"9.85",NULL,NULL,NULL,NULL,False,NULL,NULL,"34.20","2026-03-06 18:01:40.577979+00"
"116180",8558,"2026-03-06 11:13:54.159+00","40.18723500","71.73595320",NULL,"10.80",NULL,NULL,NULL,NULL,False,NULL,NULL,"34.57","2026-03-06 18:01:40.577978+00"
"116181",8558,"2026-03-06 11:13:54.159+00","40.18723500","71.73595320",NULL,"10.80",NULL,NULL,NULL,NULL,False,NULL,NULL,"0.00","2026-03-06 18:01:40.577978+00"
"116182",8558,"2026-03-06 11:13:54.159+00","40.18723500","71.73595320",NULL,"10.80",NULL,NULL,NULL,NULL,False,NULL,NULL,"0.00","2026-03-06 18:01:40.577979+00"
"116179",8558,"2026-03-06 11:13:51.16+00","40.18754580","71.73596400",NULL,"11.28",NULL,NULL,NULL,NULL,False,NULL,NULL,"32.99","2026-03-06 18:01:40.577978+00"
"116176",8558,"2026-03-06 11:13:48.16+00","40.18783180","71.73606730",NULL,"11.69",NULL,NULL,NULL,NULL,False,NULL,NULL,"36.11","2026-03-06 18:01:40.577977+00"
"116177",8558,"2026-03-06 11:13:48.16+00","40.18783180","71.73606730",NULL,"11.69",NULL,NULL,NULL,NULL,False,NULL,NULL,"0.00","2026-03-06 18:01:40.577977+00"
"116178",8558,"2026-03-06 11:13:48.16+00","40.18783180","71.73606730",NULL,"11.69",NULL,NULL,NULL,NULL,False,NULL,NULL,"0.00","2026-03-06 18:01:40.577977+00"
"116175",8558,"2026-03-06 11:13:45.159+00","40.18815570","71.73609720",NULL,"11.41",NULL,NULL,NULL,NULL,False,NULL,NULL,"38.21","2026-03-06 18:01:40.577977+00"
"116172",8558,"2026-03-06 11:13:42.16+00","40.18848460","71.73622740",NULL,"10.94",NULL,NULL,NULL,NULL,False,NULL,NULL,"35.85","2026-03-06 18:01:40.577975+00"
"116173",8558,"2026-03-06 11:13:42.16+00","40.18848460","71.73622740",NULL,"10.94",NULL,NULL,NULL,NULL,False,NULL,NULL,"0.00","2026-03-06 18:01:40.577976+00"
"116174",8558,"2026-03-06 11:13:42.16+00","40.18848460","71.73622740",NULL,"10.94",NULL,NULL,NULL,NULL,False,NULL,NULL,"0.00","2026-03-06 18:01:40.577977+00"
"116171",8558,"2026-03-06 11:13:39.162+00","40.18880590","71.73626280",NULL,"9.52",NULL,NULL,NULL,NULL,False,NULL,NULL,"43.02","2026-03-06 18:01:40.577975+00"
"116168",8558,"2026-03-06 11:13:35.162+00","40.18919270","71.73625510",NULL,"8.87",NULL,NULL,NULL,NULL,False,NULL,NULL,"28.91","2026-03-06 18:01:40.577974+00"
"116169",8558,"2026-03-06 11:13:35.162+00","40.18919270","71.73625510",NULL,"8.87",NULL,NULL,NULL,NULL,False,NULL,NULL,"0.00","2026-03-06 18:01:40.577974+00"
"116170",8558,"2026-03-06 11:13:35.162+00","40.18919270","71.73625510",NULL,"8.87",NULL,NULL,NULL,NULL,False,NULL,NULL,"0.00","2026-03-06 18:01:40.577975+00"
"116167",8558,"2026-03-06 11:13:32.162+00","40.18945230","71.73627430",NULL,"7.02",NULL,NULL,NULL,NULL,False,NULL,NULL,"21.49","2026-03-06 18:01:40.577974+00"
"116166",8558,"2026-03-06 11:13:29.574+00","40.18964520","71.73629020",NULL,"3.70",NULL,NULL,NULL,NULL,False,NULL,NULL,"20.85","2026-03-06 18:01:40.577973+00"
"116162",8558,"2026-03-06 11:13:23.162+00","40.18983270","71.73628550",NULL,"7.02",NULL,NULL,NULL,NULL,False,NULL,NULL,"34.37","2026-03-06 18:01:40.577973+00"
"116163",8558,"2026-03-06 11:13:23.162+00","40.18983270","71.73628550",NULL,"7.02",NULL,NULL,NULL,NULL,False,NULL,NULL,"0.00","2026-03-06 18:01:40.577973+00"
"116164",8558,"2026-03-06 11:13:23.162+00","40.18983270","71.73628550",NULL,"7.02",NULL,NULL,NULL,NULL,False,NULL,NULL,"0.00","2026-03-06 18:01:40.577973+00"
"116165",8558,"2026-03-06 11:13:23.162+00","40.18983270","71.73628550",NULL,"7.02",NULL,NULL,NULL,NULL,False,NULL,NULL,"0.00","2026-03-06 18:01:40.577973+00"
"116159",8558,"2026-03-06 11:13:18.161+00","40.18980090","71.73588300",NULL,"9.00",NULL,NULL,NULL,NULL,False,NULL,NULL,"36.21","2026-03-06 18:01:40.577971+00"
"116160",8558,"2026-03-06 11:13:18.161+00","40.18980090","71.73588300",NULL,"9.00",NULL,NULL,NULL,NULL,False,NULL,NULL,"0.00","2026-03-06 18:01:40.577972+00"
"116161",8558,"2026-03-06 11:13:18.161+00","40.18980090","71.73588300",NULL,"9.00",NULL,NULL,NULL,NULL,False,NULL,NULL,"0.00","2026-03-06 18:01:40.577972+00"
"116158",8558,"2026-03-06 11:13:14.159+00","40.18968440","71.73548490",NULL,"9.19",NULL,NULL,NULL,NULL,False,NULL,NULL,"35.86","2026-03-06 18:01:40.577971+00"
"116157",8558,"2026-03-06 11:13:10.16+00","40.18958020","71.73508540",NULL,"9.58",NULL,NULL,NULL,NULL,False,NULL,NULL,"30.23","2026-03-06 18:01:40.577971+00"
"116154",8558,"2026-03-06 11:13:07.162+00","40.18943080","71.73478810",NULL,"10.06",NULL,NULL,NULL,NULL,False,NULL,NULL,"35.97","2026-03-06 18:01:40.577966+00"
"116155",8558,"2026-03-06 11:13:07.162+00","40.18943080","71.73478810",NULL,"10.06",NULL,NULL,NULL,NULL,False,NULL,NULL,"0.00","2026-03-06 18:01:40.57797+00"
"116156",8558,"2026-03-06 11:13:07.162+00","40.18943080","71.73478810",NULL,"10.06",NULL,NULL,NULL,NULL,False,NULL,NULL,"0.00","2026-03-06 18:01:40.577971+00"
"116153",8558,"2026-03-06 11:13:03.527+00","40.18930750","71.73439660",NULL,"11.26",NULL,NULL,NULL,NULL,False,NULL,NULL,"35.32","2026-03-06 18:01:40.577966+00"
"116150",8558,"2026-03-06 11:13:01.162+00","40.18910420","71.73407710",NULL,"11.48",NULL,NULL,NULL,NULL,False,NULL,NULL,"37.86","2026-03-06 18:01:40.31197+00"
"116151",8558,"2026-03-06 11:13:01.162+00","40.18910420","71.73407710",NULL,"11.48",NULL,NULL,NULL,NULL,False,NULL,NULL,"0.00","2026-03-06 18:01:40.577965+00"
"116152",8558,"2026-03-06 11:13:01.162+00","40.18910420","71.73407710",NULL,"11.48",NULL,NULL,NULL,NULL,False,NULL,NULL,"0.00","2026-03-06 18:01:40.577965+00"
"116149",8558,"2026-03-06 11:12:58.16+00","40.18891240","71.73370880",NULL,"11.71",NULL,NULL,NULL,NULL,False,NULL,NULL,"39.03","2026-03-06 18:01:40.31197+00"
"116148",8558,"2026-03-06 11:12:55.162+00","40.18874110","71.73330770",NULL,"11.75",NULL,NULL,NULL,NULL,False,NULL,NULL,"30.27","2026-03-06 18:01:40.31197+00"
"116145",8558,"2026-03-06 11:12:53.161+00","40.18885200","71.73298230",NULL,"11.56",NULL,NULL,NULL,NULL,False,NULL,NULL,"35.89","2026-03-06 18:01:40.311969+00"
"116146",8558,"2026-03-06 11:12:53.161+00","40.18885200","71.73298230",NULL,"11.56",NULL,NULL,NULL,NULL,False,NULL,NULL,"0.00","2026-03-06 18:01:40.311969+00"
"116147",8558,"2026-03-06 11:12:53.161+00","40.18885200","71.73298230",NULL,"11.56",NULL,NULL,NULL,NULL,False,NULL,NULL,"0.00","2026-03-06 18:01:40.31197+00"
"116144",8558,"2026-03-06 11:12:50.161+00","40.18871210","71.73260160",NULL,"9.95",NULL,NULL,NULL,NULL,False,NULL,NULL,"33.23","2026-03-06 18:01:40.311969+00"
"116141",8558,"2026-03-06 11:12:47.161+00","40.18859170","71.73224360",NULL,"9.50",NULL,NULL,NULL,NULL,False,NULL,NULL,"38.42","2026-03-06 18:01:40.311968+00"
"116142",8558,"2026-03-06 11:12:47.161+00","40.18859170","71.73224360",NULL,"9.50",NULL,NULL,NULL,NULL,False,NULL,NULL,"0.00","2026-03-06 18:01:40.311969+00"
"116143",8558,"2026-03-06 11:12:47.161+00","40.18859170","71.73224360",NULL,"9.50",NULL,NULL,NULL,NULL,False,NULL,NULL,"0.00","2026-03-06 18:01:40.311969+00"
"116140",8558,"2026-03-06 11:12:43.161+00","40.18847360","71.73181860",NULL,"9.24",NULL,NULL,NULL,NULL,False,NULL,NULL,"34.78","2026-03-06 18:01:40.311968+00"
"116137",8558,"2026-03-06 11:12:39.162+00","40.18834450","71.73144560",NULL,"9.42",NULL,NULL,NULL,NULL,False,NULL,NULL,"37.88","2026-03-06 18:01:40.311966+00"
"116138",8558,"2026-03-06 11:12:39.162+00","40.18834450","71.73144560",NULL,"9.42",NULL,NULL,NULL,NULL,False,NULL,NULL,"0.00","2026-03-06 18:01:40.311966+00"
"116139",8558,"2026-03-06 11:12:39.162+00","40.18834450","71.73144560",NULL,"9.42",NULL,NULL,NULL,NULL,False,NULL,NULL,"0.00","2026-03-06 18:01:40.311968+00"
"116136",8558,"2026-03-06 11:12:35.161+00","40.18819970","71.73104190",NULL,"9.16",NULL,NULL,NULL,NULL,False,NULL,NULL,"34.90","2026-03-06 18:01:40.311966+00"
"116133",8558,"2026-03-06 11:12:31.162+00","40.18810370","71.73065070",NULL,"9.56",NULL,NULL,NULL,NULL,False,NULL,NULL,"31.69","2026-03-06 18:01:40.311965+00"
"116134",8558,"2026-03-06 11:12:31.162+00","40.18810370","71.73065070",NULL,"9.56",NULL,NULL,NULL,NULL,False,NULL,NULL,"0.00","2026-03-06 18:01:40.311965+00"
"116135",8558,"2026-03-06 11:12:31.162+00","40.18810370","71.73065070",NULL,"9.56",NULL,NULL,NULL,NULL,False,NULL,NULL,"0.00","2026-03-06 18:01:40.311965+00"
"116132",8558,"2026-03-06 11:12:28.16+00","40.18800350","71.73030140",NULL,"10.23",NULL,NULL,NULL,NULL,False,NULL,NULL,"39.41","2026-03-06 18:01:40.311965+00"
"116129",8558,"2026-03-06 11:12:24.162+00","40.18796860","71.72983970",NULL,"9.17",NULL,NULL,NULL,NULL,False,NULL,NULL,"31.81","2026-03-06 18:01:40.311964+00"
"116130",8558,"2026-03-06 11:12:24.162+00","40.18796860","71.72983970",NULL,"9.17",NULL,NULL,NULL,NULL,False,NULL,NULL,"0.00","2026-03-06 18:01:40.311964+00"
"116131",8558,"2026-03-06 11:12:24.162+00","40.18796860","71.72983970",NULL,"9.17",NULL,NULL,NULL,NULL,False,NULL,NULL,"0.00","2026-03-06 18:01:40.311964+00"
"116128",8558,"2026-03-06 11:12:20.434+00","40.18775950","71.72958410",NULL,"11.46",NULL,NULL,NULL,NULL,False,NULL,NULL,"35.38","2026-03-06 18:01:40.311964+00"
"116124",8558,"2026-03-06 11:12:18.162+00","40.18744570","71.72951520",NULL,"11.54",NULL,NULL,NULL,NULL,False,NULL,NULL,"45.63","2026-03-06 18:01:40.311963+00"
"116125",8558,"2026-03-06 11:12:18.162+00","40.18744570","71.72951520",NULL,"11.54",NULL,NULL,NULL,NULL,False,NULL,NULL,"0.00","2026-03-06 18:01:40.311963+00"
"116126",8558,"2026-03-06 11:12:18.162+00","40.18744570","71.72951520",NULL,"11.54",NULL,NULL,NULL,NULL,False,NULL,NULL,"0.00","2026-03-06 18:01:40.311963+00"
"116127",8558,"2026-03-06 11:12:18.162+00","40.18744570","71.72951520",NULL,"11.54",NULL,NULL,NULL,NULL,False,NULL,NULL,"0.00","2026-03-06 18:01:40.311963+00"
"116123",8558,"2026-03-06 11:12:14.162+00","40.18703880","71.72944550",NULL,"12.53",NULL,NULL,NULL,NULL,False,NULL,NULL,"41.36","2026-03-06 18:01:40.311963+00"
"116120",8558,"2026-03-06 11:12:11.162+00","40.18666730","71.72947020",NULL,"13.02",NULL,NULL,NULL,NULL,False,NULL,NULL,"51.05","2026-03-06 18:01:40.311961+00"
"116121",8558,"2026-03-06 11:12:11.162+00","40.18666730","71.72947020",NULL,"13.02",NULL,NULL,NULL,NULL,False,NULL,NULL,"0.00","2026-03-06 18:01:40.311962+00"
"116122",8558,"2026-03-06 11:12:11.162+00","40.18666730","71.72947020",NULL,"13.02",NULL,NULL,NULL,NULL,False,NULL,NULL,"0.00","2026-03-06 18:01:40.311962+00"
"116119",8558,"2026-03-06 11:12:07.163+00","40.18620820","71.72946180",NULL,"13.85",NULL,NULL,NULL,NULL,False,NULL,NULL,"50.31","2026-03-06 18:01:40.311961+00"
"116116",8558,"2026-03-06 11:12:03.162+00","40.18575610","71.72943900",NULL,"14.84",NULL,NULL,NULL,NULL,False,NULL,NULL,"43.71","2026-03-06 18:01:40.31196+00"
"116117",8558,"2026-03-06 11:12:03.162+00","40.18575610","71.72943900",NULL,"14.84",NULL,NULL,NULL,NULL,False,NULL,NULL,"0.00","2026-03-06 18:01:40.31196+00"
"116118",8558,"2026-03-06 11:12:03.162+00","40.18575610","71.72943900",NULL,"14.84",NULL,NULL,NULL,NULL,False,NULL,NULL,"0.00","2026-03-06 18:01:40.31196+00"
"116115",8558,"2026-03-06 11:12:00.159+00","40.18536330","71.72945970",NULL,"15.24",NULL,NULL,NULL,NULL,False,NULL,NULL,"49.51","2026-03-06 18:01:40.311959+00"
"116112",8558,"2026-03-06 11:11:58.16+00","40.18491930","71.72950370",NULL,"14.94",NULL,NULL,NULL,NULL,False,NULL,NULL,"46.26","2026-03-06 18:01:40.311959+00"
"116113",8558,"2026-03-06 11:11:58.16+00","40.18491930","71.72950370",NULL,"14.94",NULL,NULL,NULL,NULL,False,NULL,NULL,"0.00","2026-03-06 18:01:40.311959+00"
"116114",8558,"2026-03-06 11:11:58.16+00","40.18491930","71.72950370",NULL,"14.94",NULL,NULL,NULL,NULL,False,NULL,NULL,"0.00","2026-03-06 18:01:40.311959+00"
"116111",8558,"2026-03-06 11:11:55.16+00","40.18450470","71.72954850",NULL,"14.52",NULL,NULL,NULL,NULL,False,NULL,NULL,"48.76","2026-03-06 18:01:40.311959+00"
"116108",8558,"2026-03-06 11:11:51.162+00","40.18406630","71.72956270",NULL,"14.07",NULL,NULL,NULL,NULL,False,NULL,NULL,"41.71","2026-03-06 18:01:40.311958+00"
"116109",8558,"2026-03-06 11:11:51.162+00","40.18406630","71.72956270",NULL,"14.07",NULL,NULL,NULL,NULL,False,NULL,NULL,"0.00","2026-03-06 18:01:40.311958+00"
"116110",8558,"2026-03-06 11:11:51.162+00","40.18406630","71.72956270",NULL,"14.07",NULL,NULL,NULL,NULL,False,NULL,NULL,"0.00","2026-03-06 18:01:40.311958+00"
"116107",8558,"2026-03-06 11:11:48.161+00","40.18369160","71.72958510",NULL,"13.02",NULL,NULL,NULL,NULL,False,NULL,NULL,"58.39","2026-03-06 18:01:40.311957+00"
"116103",8558,"2026-03-06 11:11:44.162+00","40.18316780","71.72963390",NULL,"12.86",NULL,NULL,NULL,NULL,False,NULL,NULL,"38.94","2026-03-06 18:01:40.311955+00"
"116104",8558,"2026-03-06 11:11:44.162+00","40.18316780","71.72963390",NULL,"12.86",NULL,NULL,NULL,NULL,False,NULL,NULL,"0.00","2026-03-06 18:01:40.311956+00"
"116105",8558,"2026-03-06 11:11:44.162+00","40.18316780","71.72963390",NULL,"12.86",NULL,NULL,NULL,NULL,False,NULL,NULL,"0.00","2026-03-06 18:01:40.311957+00"
"116106",8558,"2026-03-06 11:11:44.162+00","40.18316780","71.72963390",NULL,"12.86",NULL,NULL,NULL,NULL,False,NULL,NULL,"0.00","2026-03-06 18:01:40.311957+00"
"116102",8558,"2026-03-06 11:11:41.163+00","40.18281760","71.72963290",NULL,"11.75",NULL,NULL,NULL,NULL,False,NULL,NULL,"36.89","2026-03-06 18:01:40.311954+00"
"116101",8558,"2026-03-06 11:11:38.159+00","40.18248580","71.72963490",NULL,"11.59",NULL,NULL,NULL,NULL,False,NULL,NULL,"0.00","2026-03-06 18:01:40.311953+00"
"116099",8558,"2026-03-06 11:11:38.159+00","40.18248580","71.72963490",NULL,"11.59",NULL,NULL,NULL,NULL,False,NULL,NULL,"35.78","2026-03-06 18:01:39.961242+00"
"116100",8558,"2026-03-06 11:11:38.159+00","40.18248580","71.72963490",NULL,"11.59",NULL,NULL,NULL,NULL,False,NULL,NULL,"0.00","2026-03-06 18:01:39.961243+00"
"116098",8558,"2026-03-06 11:11:35.162+00","40.18216400","71.72963420",NULL,"10.06",NULL,NULL,NULL,NULL,False,NULL,NULL,"33.53","2026-03-06 18:01:39.961242+00"
"116096",8558,"2026-03-06 11:11:32.163+00","40.18186270","71.72961880",NULL,"7.61",NULL,NULL,NULL,NULL,False,NULL,NULL,"23.48","2026-03-06 18:01:39.96124+00"
"116097",8558,"2026-03-06 11:11:32.163+00","40.18186270","71.72961880",NULL,"7.61",NULL,NULL,NULL,NULL,False,NULL,NULL,"0.00","2026-03-06 18:01:39.961241+00"
"116092",8558,"2026-03-06 11:11:30.159+00","40.18165750","71.72968390",NULL,"6.38",NULL,NULL,NULL,NULL,False,NULL,NULL,"17.43","2026-03-06 18:01:39.961237+00"
"116093",8558,"2026-03-06 11:11:30.159+00","40.18165750","71.72968390",NULL,"6.38",NULL,NULL,NULL,NULL,False,NULL,NULL,"0.00","2026-03-06 18:01:39.961237+00"
"116094",8558,"2026-03-06 11:11:30.159+00","40.18165750","71.72968390",NULL,"6.38",NULL,NULL,NULL,NULL,False,NULL,NULL,"0.00","2026-03-06 18:01:39.961239+00"
"116095",8558,"2026-03-06 11:11:30.159+00","40.18165750","71.72968390",NULL,"6.38",NULL,NULL,NULL,NULL,False,NULL,NULL,"0.00","2026-03-06 18:01:39.96124+00"
"116091",8558,"2026-03-06 11:11:28.43+00","40.18150080","71.72969080",NULL,"2.47",NULL,NULL,NULL,NULL,False,NULL,NULL,"15.75","2026-03-06 18:01:39.961236+00"
"116089",8558,"2026-03-06 11:11:27.161+00","40.18135940","71.72967960",NULL,"1.80",NULL,NULL,NULL,NULL,False,NULL,NULL,"11.18","2026-03-06 18:01:39.961235+00"
"116090",8558,"2026-03-06 11:11:27.161+00","40.18135940","71.72967960",NULL,"1.80",NULL,NULL,NULL,NULL,False,NULL,NULL,"0.00","2026-03-06 18:01:39.961235+00"
"116088",8558,"2026-03-06 11:11:26.202+00","40.18125980","71.72969790",NULL,"0.61",NULL,NULL,NULL,NULL,False,NULL,NULL,"15.47","2026-03-06 18:01:39.961234+00"
"116087",8558,"2026-03-06 11:11:11.349+00","40.18116440","71.72983040",NULL,"1.99",NULL,NULL,NULL,NULL,False,NULL,NULL,"11.69","2026-03-06 18:01:39.961233+00"
"116086",8558,"2026-03-06 11:11:09.402+00","40.18111630","71.72995270",NULL,"2.43",NULL,NULL,NULL,NULL,False,NULL,NULL,"10.77","2026-03-06 18:01:39.961232+00"
"116084",8558,"2026-03-06 11:11:05.676+00","40.18106150","71.73005720",NULL,"1.35",NULL,NULL,NULL,NULL,False,NULL,NULL,"20.64","2026-03-06 18:01:39.961231+00"
"116085",8558,"2026-03-06 11:11:05.676+00","40.18106150","71.73005720",NULL,"1.35",NULL,NULL,NULL,NULL,False,NULL,NULL,"0.00","2026-03-06 18:01:39.961232+00"
"116083",8558,"2026-03-06 11:09:05.159+00","40.18089000","71.73015000",NULL,"4.56",NULL,NULL,NULL,NULL,False,NULL,NULL,"22.17","2026-03-06 18:01:39.96123+00"
"116082",8558,"2026-03-06 11:08:59.496+00","40.18070330","71.73005830",NULL,"5.44",NULL,NULL,NULL,NULL,False,NULL,NULL,"21.78","2026-03-06 18:01:39.961229+00"
"116079",8558,"2026-03-06 11:08:58.159+00","40.18055670","71.72988830",NULL,"5.84",NULL,NULL,NULL,NULL,False,NULL,NULL,"31.43","2026-03-06 18:01:39.961227+00"
"116080",8558,"2026-03-06 11:08:58.159+00","40.18055670","71.72988830",NULL,"5.84",NULL,NULL,NULL,NULL,False,NULL,NULL,"0.00","2026-03-06 18:01:39.961228+00"
"116081",8558,"2026-03-06 11:08:58.159+00","40.18055670","71.72988830",NULL,"5.84",NULL,NULL,NULL,NULL,False,NULL,NULL,"0.00","2026-03-06 18:01:39.961228+00"
"116078",8558,"2026-03-06 11:08:51.657+00","40.18034830","71.72963830",NULL,"8.61",NULL,NULL,NULL,NULL,False,NULL,NULL,"35.25","2026-03-06 18:01:39.961226+00"
"116076",8558,"2026-03-06 11:08:49.164+00","40.18003170","71.72965830",NULL,"10.34",NULL,NULL,NULL,NULL,False,NULL,NULL,"12.23","2026-03-06 18:01:39.961225+00"
"116077",8558,"2026-03-06 11:08:49.164+00","40.18003170","71.72965830",NULL,"10.34",NULL,NULL,NULL,NULL,False,NULL,NULL,"0.00","2026-03-06 18:01:39.961226+00"
"116075",8558,"2026-03-06 11:08:48.162+00","40.17992170","71.72965500",NULL,"10.84",NULL,NULL,NULL,NULL,False,NULL,NULL,"30.59","2026-03-06 18:01:39.961222+00"
"116074",8558,"2026-03-06 11:08:45.163+00","40.17964670","71.72966330",NULL,"11.25",NULL,NULL,NULL,NULL,False,NULL,NULL,"38.21","2026-03-06 18:01:39.961222+00"
"116071",8558,"2026-03-06 11:08:41.161+00","40.17930670","71.72959830",NULL,"11.06",NULL,NULL,NULL,NULL,False,NULL,NULL,"39.71","2026-03-06 18:01:39.96122+00"
"116072",8558,"2026-03-06 11:08:41.161+00","40.17930670","71.72959830",NULL,"11.06",NULL,NULL,NULL,NULL,False,NULL,NULL,"0.00","2026-03-06 18:01:39.96122+00"
"116073",8558,"2026-03-06 11:08:41.161+00","40.17930670","71.72959830",NULL,"11.06",NULL,NULL,NULL,NULL,False,NULL,NULL,"0.00","2026-03-06 18:01:39.961221+00"
"116070",8558,"2026-03-06 11:08:37.397+00","40.17895000","71.72962170",NULL,"10.94",NULL,NULL,NULL,NULL,False,NULL,NULL,"34.87","2026-03-06 18:01:39.961219+00"
"116066",8558,"2026-03-06 11:08:36.158+00","40.17863670","71.72964000",NULL,"10.12",NULL,NULL,NULL,NULL,False,NULL,NULL,"29.89","2026-03-06 18:01:39.961216+00"
"116067",8558,"2026-03-06 11:08:36.158+00","40.17863670","71.72964000",NULL,"10.12",NULL,NULL,NULL,NULL,False,NULL,NULL,"0.00","2026-03-06 18:01:39.961216+00"
"116068",8558,"2026-03-06 11:08:36.158+00","40.17863670","71.72964000",NULL,"10.12",NULL,NULL,NULL,NULL,False,NULL,NULL,"0.00","2026-03-06 18:01:39.961217+00"
"116069",8558,"2026-03-06 11:08:36.158+00","40.17863670","71.72964000",NULL,"10.12",NULL,NULL,NULL,NULL,False,NULL,NULL,"0.00","2026-03-06 18:01:39.961218+00"
"116065",8558,"2026-03-06 11:08:33.157+00","40.17836830","71.72966000",NULL,"6.66",NULL,NULL,NULL,NULL,False,NULL,NULL,"20.37","2026-03-06 18:01:39.961215+00"
"116061",8558,"2026-03-06 11:08:08.162+00","40.17819000","71.72971500",NULL,"5.48",NULL,NULL,NULL,NULL,False,NULL,NULL,"30.67","2026-03-06 18:01:39.961212+00"
"116062",8558,"2026-03-06 11:08:08.162+00","40.17819000","71.72971500",NULL,"5.48",NULL,NULL,NULL,NULL,False,NULL,NULL,"0.00","2026-03-06 18:01:39.961213+00"
"116063",8558,"2026-03-06 11:08:08.162+00","40.17819000","71.72971500",NULL,"5.48",NULL,NULL,NULL,NULL,False,NULL,NULL,"0.00","2026-03-06 18:01:39.961213+00"
"116064",8558,"2026-03-06 11:08:08.162+00","40.17819000","71.72971500",NULL,"5.48",NULL,NULL,NULL,NULL,False,NULL,NULL,"0.00","2026-03-06 18:01:39.961214+00"
"116060",8558,"2026-03-06 11:08:04.162+00","40.17791500","71.72974330",NULL,"9.35",NULL,NULL,NULL,NULL,False,NULL,NULL,"32.56","2026-03-06 18:01:39.961211+00"
"116059",8558,"2026-03-06 11:08:00.161+00","40.17762330","71.72977670",NULL,"8.68",NULL,NULL,NULL,NULL,False,NULL,NULL,"32.62","2026-03-06 18:01:39.96121+00"
"116056",8558,"2026-03-06 11:07:57.161+00","40.17733000","71.72978500",NULL,"10.44",NULL,NULL,NULL,NULL,False,NULL,NULL,"39.12","2026-03-06 18:01:39.961202+00"
"116057",8558,"2026-03-06 11:07:57.161+00","40.17733000","71.72978500",NULL,"10.44",NULL,NULL,NULL,NULL,False,NULL,NULL,"0.00","2026-03-06 18:01:39.961202+00"
"116058",8558,"2026-03-06 11:07:57.161+00","40.17733000","71.72978500",NULL,"10.44",NULL,NULL,NULL,NULL,False,NULL,NULL,"0.00","2026-03-06 18:01:39.961209+00"
"116055",8558,"2026-03-06 11:07:53.16+00","40.17697830","71.72977170",NULL,"10.08",NULL,NULL,NULL,NULL,False,NULL,NULL,"36.86","2026-03-06 18:01:39.9612+00"
"116052",8558,"2026-03-06 11:07:50.159+00","40.17664830","71.72981330",NULL,"10.18",NULL,NULL,NULL,NULL,False,NULL,NULL,"32.71","2026-03-06 18:01:39.961197+00"
"116053",8558,"2026-03-06 11:07:50.159+00","40.17664830","71.72981330",NULL,"10.18",NULL,NULL,NULL,NULL,False,NULL,NULL,"0.00","2026-03-06 18:01:39.961198+00"
"116054",8558,"2026-03-06 11:07:50.159+00","40.17664830","71.72981330",NULL,"10.18",NULL,NULL,NULL,NULL,False,NULL,NULL,"0.00","2026-03-06 18:01:39.961199+00"
"116051",8558,"2026-03-06 11:07:47.162+00","40.17635500","71.72978330",NULL,"10.36",NULL,NULL,NULL,NULL,False,NULL,NULL,"35.79","2026-03-06 18:01:39.961196+00"
"116050",8558,"2026-03-06 11:07:44.159+00","40.17603330","71.72976830",NULL,"10.04",NULL,NULL,NULL,NULL,False,NULL,NULL,"34.74","2026-03-06 18:01:39.641227+00"
"116049",8558,"2026-03-06 11:07:41.928+00","40.17581170","71.72948000",NULL,"9.92",NULL,NULL,NULL,NULL,False,NULL,NULL,"31.70","2026-03-06 18:01:39.641227+00"
"116045",8558,"2026-03-06 11:07:41.16+00","40.17578670","71.72985170",NULL,"10.48",NULL,NULL,NULL,NULL,False,NULL,NULL,"47.83","2026-03-06 18:01:39.641222+00"
"116046",8558,"2026-03-06 11:07:41.16+00","40.17578670","71.72985170",NULL,"10.48",NULL,NULL,NULL,NULL,False,NULL,NULL,"0.00","2026-03-06 18:01:39.641223+00"
"116047",8558,"2026-03-06 11:07:41.16+00","40.17578670","71.72985170",NULL,"10.48",NULL,NULL,NULL,NULL,False,NULL,NULL,"0.00","2026-03-06 18:01:39.641225+00"
"116048",8558,"2026-03-06 11:07:41.16+00","40.17578670","71.72985170",NULL,"10.48",NULL,NULL,NULL,NULL,False,NULL,NULL,"0.00","2026-03-06 18:01:39.641226+00"
"116043",8558,"2026-03-06 11:07:36.161+00","40.17537830","71.72967500",NULL,"12.63",NULL,NULL,NULL,NULL,False,NULL,NULL,"30.06","2026-03-06 18:01:39.641221+00"
"116044",8558,"2026-03-06 11:07:36.161+00","40.17537830","71.72967500",NULL,"12.63",NULL,NULL,NULL,NULL,False,NULL,NULL,"0.00","2026-03-06 18:01:39.641221+00"
"116040",8558,"2026-03-06 11:07:34.161+00","40.17510830","71.72965830",NULL,"11.99",NULL,NULL,NULL,NULL,False,NULL,NULL,"35.51","2026-03-06 18:01:39.641213+00"
"116041",8558,"2026-03-06 11:07:34.161+00","40.17510830","71.72965830",NULL,"11.99",NULL,NULL,NULL,NULL,False,NULL,NULL,"0.00","2026-03-06 18:01:39.641214+00"
"116042",8558,"2026-03-06 11:07:34.161+00","40.17510830","71.72965830",NULL,"11.99",NULL,NULL,NULL,NULL,False,NULL,NULL,"0.00","2026-03-06 18:01:39.641214+00"
"116039",8558,"2026-03-06 11:07:31.162+00","40.17479000","71.72962500",NULL,"12.24",NULL,NULL,NULL,NULL,False,NULL,NULL,"42.88","2026-03-06 18:01:39.641212+00"
"116036",8558,"2026-03-06 11:07:27.158+00","40.17441670","71.72949830",NULL,"12.16",NULL,NULL,NULL,NULL,False,NULL,NULL,"39.65","2026-03-06 18:01:39.641204+00"
"116037",8558,"2026-03-06 11:07:27.158+00","40.17441670","71.72949830",NULL,"12.16",NULL,NULL,NULL,NULL,False,NULL,NULL,"0.00","2026-03-06 18:01:39.641211+00"
"116038",8558,"2026-03-06 11:07:27.158+00","40.17441670","71.72949830",NULL,"12.16",NULL,NULL,NULL,NULL,False,NULL,NULL,"0.00","2026-03-06 18:01:39.641211+00"
"116035",8558,"2026-03-06 11:07:22.489+00","40.17406170","71.72945500",NULL,"9.69",NULL,NULL,NULL,NULL,False,NULL,NULL,"37.25","2026-03-06 18:01:39.641204+00"
"116032",8558,"2026-03-06 11:07:21.162+00","40.17372670","71.72945670",NULL,"9.95",NULL,NULL,NULL,NULL,False,NULL,NULL,"34.88","2026-03-06 18:01:39.641201+00"
"116033",8558,"2026-03-06 11:07:21.162+00","40.17372670","71.72945670",NULL,"9.95",NULL,NULL,NULL,NULL,False,NULL,NULL,"0.00","2026-03-06 18:01:39.641202+00"
"116034",8558,"2026-03-06 11:07:21.162+00","40.17372670","71.72945670",NULL,"9.95",NULL,NULL,NULL,NULL,False,NULL,NULL,"0.00","2026-03-06 18:01:39.641203+00"
"116031",8558,"2026-03-06 11:07:17.16+00","40.17341330","71.72943830",NULL,"8.21",NULL,NULL,NULL,NULL,False,NULL,NULL,"37.70","2026-03-06 18:01:39.641201+00"
"116027",8558,"2026-03-06 11:07:14.161+00","40.17307830","71.72950670",NULL,"8.06",NULL,NULL,NULL,NULL,False,NULL,NULL,"23.39","2026-03-06 18:01:39.641196+00"
"116028",8558,"2026-03-06 11:07:14.161+00","40.17307830","71.72950670",NULL,"8.06",NULL,NULL,NULL,NULL,False,NULL,NULL,"0.00","2026-03-06 18:01:39.641197+00"
"116029",8558,"2026-03-06 11:07:14.161+00","40.17307830","71.72950670",NULL,"8.06",NULL,NULL,NULL,NULL,False,NULL,NULL,"0.00","2026-03-06 18:01:39.641199+00"
"116030",8558,"2026-03-06 11:07:14.161+00","40.17307830","71.72950670",NULL,"8.06",NULL,NULL,NULL,NULL,False,NULL,NULL,"0.00","2026-03-06 18:01:39.6412+00"
"116026",8558,"2026-03-06 11:07:11.163+00","40.17287000","71.72954500",NULL,"6.70",NULL,NULL,NULL,NULL,False,NULL,NULL,"22.10","2026-03-06 18:01:39.641195+00"
"116022",8558,"2026-03-06 11:07:03.162+00","40.17270330","71.72940330",NULL,"6.38",NULL,NULL,NULL,NULL,False,NULL,NULL,"35.99","2026-03-06 18:01:39.641193+00"
"116023",8558,"2026-03-06 11:07:03.162+00","40.17270330","71.72940330",NULL,"6.38",NULL,NULL,NULL,NULL,False,NULL,NULL,"0.00","2026-03-06 18:01:39.641193+00"
"116024",8558,"2026-03-06 11:07:03.162+00","40.17270330","71.72940330",NULL,"6.38",NULL,NULL,NULL,NULL,False,NULL,NULL,"0.00","2026-03-06 18:01:39.641194+00"
"116025",8558,"2026-03-06 11:07:03.162+00","40.17270330","71.72940330",NULL,"6.38",NULL,NULL,NULL,NULL,False,NULL,NULL,"0.00","2026-03-06 18:01:39.641194+00"
"116021",8558,"2026-03-06 11:06:59.159+00","40.17302670","71.72938500",NULL,"12.29",NULL,NULL,NULL,NULL,False,NULL,NULL,"37.31","2026-03-06 18:01:39.641192+00"
"116018",8558,"2026-03-06 11:06:56.161+00","40.17336170","71.72936000",NULL,"12.15",NULL,NULL,NULL,NULL,False,NULL,NULL,"36.89","2026-03-06 18:01:39.64119+00"
"116019",8558,"2026-03-06 11:06:56.161+00","40.17336170","71.72936000",NULL,"12.15",NULL,NULL,NULL,NULL,False,NULL,NULL,"0.00","2026-03-06 18:01:39.641191+00"
"116020",8558,"2026-03-06 11:06:56.161+00","40.17336170","71.72936000",NULL,"12.15",NULL,NULL,NULL,NULL,False,NULL,NULL,"0.00","2026-03-06 18:01:39.641191+00"
"116017",8558,"2026-03-06 11:06:53.161+00","40.17369330","71.72937170",NULL,"11.80",NULL,NULL,NULL,NULL,False,NULL,NULL,"36.24","2026-03-06 18:01:39.641189+00"
"116016",8558,"2026-03-06 11:06:50.156+00","40.17401830","71.72940330",NULL,"11.13",NULL,NULL,NULL,NULL,False,NULL,NULL,"31.78","2026-03-06 18:01:39.641188+00"
"116013",8558,"2026-03-06 11:06:47.158+00","40.17430170","71.72945170",NULL,"10.65",NULL,NULL,NULL,NULL,False,NULL,NULL,"34.88","2026-03-06 18:01:39.641186+00"
"116014",8558,"2026-03-06 11:06:47.158+00","40.17430170","71.72945170",NULL,"10.65",NULL,NULL,NULL,NULL,False,NULL,NULL,"0.00","2026-03-06 18:01:39.641187+00"
"116015",8558,"2026-03-06 11:06:47.158+00","40.17430170","71.72945170",NULL,"10.65",NULL,NULL,NULL,NULL,False,NULL,NULL,"0.00","2026-03-06 18:01:39.641187+00"
"116012",8558,"2026-03-06 11:06:44.158+00","40.17461500","71.72947170",NULL,"9.02",NULL,NULL,NULL,NULL,False,NULL,NULL,"44.74","2026-03-06 18:01:39.641185+00"
"116009",8558,"2026-03-06 11:06:40.157+00","40.17501500","71.72952830",NULL,"9.47",NULL,NULL,NULL,NULL,False,NULL,NULL,"31.06","2026-03-06 18:01:39.64117+00"
"116010",8558,"2026-03-06 11:06:40.157+00","40.17501500","71.72952830",NULL,"9.47",NULL,NULL,NULL,NULL,False,NULL,NULL,"0.00","2026-03-06 18:01:39.641177+00"
"116011",8558,"2026-03-06 11:06:40.157+00","40.17501500","71.72952830",NULL,"9.47",NULL,NULL,NULL,NULL,False,NULL,NULL,"0.00","2026-03-06 18:01:39.641185+00"
"116008",8558,"2026-03-06 11:06:37.158+00","40.17529170","71.72957830",NULL,"9.96",NULL,NULL,NULL,NULL,False,NULL,NULL,"38.95","2026-03-06 18:01:39.641169+00"
"116005",8558,"2026-03-06 11:06:32.16+00","40.17563330","71.72968000",NULL,"9.55",NULL,NULL,NULL,NULL,False,NULL,NULL,"37.62","2026-03-06 18:01:39.64116+00"
"116006",8558,"2026-03-06 11:06:32.16+00","40.17563330","71.72968000",NULL,"9.55",NULL,NULL,NULL,NULL,False,NULL,NULL,"0.00","2026-03-06 18:01:39.641161+00"
"116007",8558,"2026-03-06 11:06:32.16+00","40.17563330","71.72968000",NULL,"9.55",NULL,NULL,NULL,NULL,False,NULL,NULL,"0.00","2026-03-06 18:01:39.641168+00"
"116004",8558,"2026-03-06 11:06:28.162+00","40.17596830","71.72974170",NULL,"9.64",NULL,NULL,NULL,NULL,False,NULL,NULL,"36.42","2026-03-06 18:01:39.641159+00"
"116003",8558,"2026-03-06 11:06:24.159+00","40.17629330","71.72979500",NULL,"8.32",NULL,NULL,NULL,NULL,False,NULL,NULL,"30.45","2026-03-06 18:01:39.641158+00"
"116001",8558,"2026-03-06 11:06:21.159+00","40.17656670","71.72981500",NULL,"8.09",NULL,NULL,NULL,NULL,False,NULL,NULL,"0.00","2026-03-06 18:01:39.641155+00"
"116002",8558,"2026-03-06 11:06:21.159+00","40.17656670","71.72981500",NULL,"8.09",NULL,NULL,NULL,NULL,False,NULL,NULL,"0.00","2026-03-06 18:01:39.641156+00"
"115999",8558,"2026-03-06 11:06:21.159+00","40.17656670","71.72981500",NULL,"8.09",NULL,NULL,NULL,NULL,False,NULL,NULL,"27.74","2026-03-06 18:01:39.327656+00"
"116000",8558,"2026-03-06 11:06:21.159+00","40.17656670","71.72981500",NULL,"8.09",NULL,NULL,NULL,NULL,False,NULL,NULL,"0.00","2026-03-06 18:01:39.327657+00"
"115998",8558,"2026-03-06 11:06:18.158+00","40.17681500","71.72978330",NULL,"6.43",NULL,NULL,NULL,NULL,False,NULL,NULL,"26.35","2026-03-06 18:01:39.327656+00"
"115994",8558,"2026-03-06 11:06:13.421+00","40.17700330","71.72959500",NULL,"3.60",NULL,NULL,NULL,NULL,False,NULL,NULL,"36.25","2026-03-06 18:01:39.327655+00"
"115995",8558,"2026-03-06 11:06:13.421+00","40.17700330","71.72959500",NULL,"3.60",NULL,NULL,NULL,NULL,False,NULL,NULL,"0.00","2026-03-06 18:01:39.327655+00"
"115996",8558,"2026-03-06 11:06:13.421+00","40.17700330","71.72959500",NULL,"3.60",NULL,NULL,NULL,NULL,False,NULL,NULL,"0.00","2026-03-06 18:01:39.327655+00"
"115997",8558,"2026-03-06 11:06:13.421+00","40.17700330","71.72959500",NULL,"3.60",NULL,NULL,NULL,NULL,False,NULL,NULL,"0.00","2026-03-06 18:01:39.327656+00"
"115992",8558,"2026-03-06 11:06:12.158+00","40.17731500","71.72972000",NULL,"7.50",NULL,NULL,NULL,NULL,False,NULL,NULL,"24.91","2026-03-06 18:01:39.327654+00"
"115993",8558,"2026-03-06 11:06:12.158+00","40.17731500","71.72972000",NULL,"7.50",NULL,NULL,NULL,NULL,False,NULL,NULL,"0.00","2026-03-06 18:01:39.327655+00"
"115989",8558,"2026-03-06 11:06:09.157+00","40.17753500","71.72966500",NULL,"6.77",NULL,NULL,NULL,NULL,False,NULL,NULL,"25.50","2026-03-06 18:01:39.327654+00"
"115990",8558,"2026-03-06 11:06:09.157+00","40.17753500","71.72966500",NULL,"6.77",NULL,NULL,NULL,NULL,False,NULL,NULL,"0.00","2026-03-06 18:01:39.327654+00"
"115991",8558,"2026-03-06 11:06:09.157+00","40.17753500","71.72966500",NULL,"6.77",NULL,NULL,NULL,NULL,False,NULL,NULL,"0.00","2026-03-06 18:01:39.327654+00"
"115988",8558,"2026-03-06 11:06:06.156+00","40.17776170","71.72962000",NULL,"6.41",NULL,NULL,NULL,NULL,False,NULL,NULL,"24.74","2026-03-06 18:01:39.327653+00"
"115986",8558,"2026-03-06 11:06:00.162+00","40.17798330","71.72959330",NULL,"3.91",NULL,NULL,NULL,NULL,False,NULL,NULL,"12.03","2026-03-06 18:01:39.327653+00"
"115987",8558,"2026-03-06 11:06:00.162+00","40.17798330","71.72959330",NULL,"3.91",NULL,NULL,NULL,NULL,False,NULL,NULL,"0.00","2026-03-06 18:01:39.327653+00"
"115985",8558,"2026-03-06 11:05:50.161+00","40.17807170","71.72951170",NULL,"1.14",NULL,NULL,NULL,NULL,False,NULL,NULL,"10.65","2026-03-06 18:01:39.327652+00"
"115983",8558,"2026-03-06 11:05:43.16+00","40.17802830","71.72940000",NULL,"1.38",NULL,NULL,NULL,NULL,False,NULL,NULL,"12.41","2026-03-06 18:01:39.327652+00"
"115984",8558,"2026-03-06 11:05:43.16+00","40.17802830","71.72940000",NULL,"1.38",NULL,NULL,NULL,NULL,False,NULL,NULL,"0.00","2026-03-06 18:01:39.327652+00"
"115982",8558,"2026-03-06 11:05:38.16+00","40.17791670","71.72939830",NULL,"0.18",NULL,NULL,NULL,NULL,False,NULL,NULL,"10.22","2026-03-06 18:01:39.327651+00"
"115981",8558,"2026-03-06 11:04:59.161+00","40.17782500","71.72940670",NULL,"1.54",NULL,NULL,NULL,NULL,False,NULL,NULL,"10.28","2026-03-06 18:01:39.32765+00"
"115979",8558,"2026-03-06 11:04:50.159+00","40.17773330","71.72942170",NULL,"2.06",NULL,NULL,NULL,NULL,False,NULL,NULL,"21.34","2026-03-06 18:01:39.32765+00"
"115980",8558,"2026-03-06 11:04:50.159+00","40.17773330","71.72942170",NULL,"2.06",NULL,NULL,NULL,NULL,False,NULL,NULL,"0.00","2026-03-06 18:01:39.32765+00"
"115975",8558,"2026-03-06 11:04:44.157+00","40.17763830","71.72964000",NULL,"4.86",NULL,NULL,NULL,NULL,False,NULL,NULL,"30.74","2026-03-06 18:01:39.327649+00"
"115976",8558,"2026-03-06 11:04:44.157+00","40.17763830","71.72964000",NULL,"4.86",NULL,NULL,NULL,NULL,False,NULL,NULL,"0.00","2026-03-06 18:01:39.327649+00"
"115977",8558,"2026-03-06 11:04:44.157+00","40.17763830","71.72964000",NULL,"4.86",NULL,NULL,NULL,NULL,False,NULL,NULL,"0.00","2026-03-06 18:01:39.327649+00"
"115978",8558,"2026-03-06 11:04:44.157+00","40.17763830","71.72964000",NULL,"4.86",NULL,NULL,NULL,NULL,False,NULL,NULL,"0.00","2026-03-06 18:01:39.327649+00"
"115972",8558,"2026-03-06 11:04:40.161+00","40.17791000","71.72957330",NULL,"9.31",NULL,NULL,NULL,NULL,False,NULL,NULL,"30.18","2026-03-06 18:01:39.327648+00"
"115973",8558,"2026-03-06 11:04:40.161+00","40.17791000","71.72957330",NULL,"9.31",NULL,NULL,NULL,NULL,False,NULL,NULL,"0.00","2026-03-06 18:01:39.327648+00"
"115974",8558,"2026-03-06 11:04:40.161+00","40.17791000","71.72957330",NULL,"9.31",NULL,NULL,NULL,NULL,False,NULL,NULL,"0.00","2026-03-06 18:01:39.327648+00"
"115971",8558,"2026-03-06 11:04:37.161+00","40.17817830","71.72952000",NULL,"10.18",NULL,NULL,NULL,NULL,False,NULL,NULL,"36.52","2026-03-06 18:01:39.327648+00"
"115968",8558,"2026-03-06 11:04:33.16+00","40.17850670","71.72952500",NULL,"10.60",NULL,NULL,NULL,NULL,False,NULL,NULL,"30.78","2026-03-06 18:01:39.327647+00"
"115969",8558,"2026-03-06 11:04:33.16+00","40.17850670","71.72952500",NULL,"10.60",NULL,NULL,NULL,NULL,False,NULL,NULL,"0.00","2026-03-06 18:01:39.327647+00"
"115970",8558,"2026-03-06 11:04:33.16+00","40.17850670","71.72952500",NULL,"10.60",NULL,NULL,NULL,NULL,False,NULL,NULL,"0.00","2026-03-06 18:01:39.327647+00"
"115967",8558,"2026-03-06 11:04:30.161+00","40.17878330","71.72951000",NULL,"11.10",NULL,NULL,NULL,NULL,False,NULL,NULL,"39.68","2026-03-06 18:01:39.327647+00"
"115964",8558,"2026-03-06 11:04:27.16+00","40.17914000","71.72952330",NULL,"11.93",NULL,NULL,NULL,NULL,False,NULL,NULL,"36.38","2026-03-06 18:01:39.327646+00"
"115965",8558,"2026-03-06 11:04:27.16+00","40.17914000","71.72952330",NULL,"11.93",NULL,NULL,NULL,NULL,False,NULL,NULL,"0.00","2026-03-06 18:01:39.327646+00"
"115966",8558,"2026-03-06 11:04:27.16+00","40.17914000","71.72952330",NULL,"11.93",NULL,NULL,NULL,NULL,False,NULL,NULL,"0.00","2026-03-06 18:01:39.327646+00"
"115963",8558,"2026-03-06 11:04:24.159+00","40.17946670","71.72954670",NULL,"12.05",NULL,NULL,NULL,NULL,False,NULL,NULL,"36.16","2026-03-06 18:01:39.327643+00"
"115959",8558,"2026-03-06 11:04:21.16+00","40.17979170","71.72953330",NULL,"12.35",NULL,NULL,NULL,NULL,False,NULL,NULL,"48.74","2026-03-06 18:01:39.327642+00"
"115960",8558,"2026-03-06 11:04:21.16+00","40.17979170","71.72953330",NULL,"12.35",NULL,NULL,NULL,NULL,False,NULL,NULL,"0.00","2026-03-06 18:01:39.327643+00"
"115961",8558,"2026-03-06 11:04:21.16+00","40.17979170","71.72953330",NULL,"12.35",NULL,NULL,NULL,NULL,False,NULL,NULL,"0.00","2026-03-06 18:01:39.327643+00"
"115962",8558,"2026-03-06 11:04:21.16+00","40.17979170","71.72953330",NULL,"12.35",NULL,NULL,NULL,NULL,False,NULL,NULL,"0.00","2026-03-06 18:01:39.327643+00"
"115956",8558,"2026-03-06 11:04:17.161+00","40.18023000","71.72952830",NULL,"12.83",NULL,NULL,NULL,NULL,False,NULL,NULL,"50.83","2026-03-06 18:01:39.327642+00"
"115957",8558,"2026-03-06 11:04:17.161+00","40.18023000","71.72952830",NULL,"12.83",NULL,NULL,NULL,NULL,False,NULL,NULL,"0.00","2026-03-06 18:01:39.327642+00"
"115958",8558,"2026-03-06 11:04:17.161+00","40.18023000","71.72952830",NULL,"12.83",NULL,NULL,NULL,NULL,False,NULL,NULL,"0.00","2026-03-06 18:01:39.327642+00"
"115955",8558,"2026-03-06 11:04:13.16+00","40.18068670","71.72955500",NULL,"12.54",NULL,NULL,NULL,NULL,False,NULL,NULL,"52.29","2026-03-06 18:01:39.327641+00"
"115952",8558,"2026-03-06 11:04:09.16+00","40.18115670","71.72953500",NULL,"12.66",NULL,NULL,NULL,NULL,False,NULL,NULL,"37.07","2026-03-06 18:01:39.327639+00"
"115953",8558,"2026-03-06 11:04:09.16+00","40.18115670","71.72953500",NULL,"12.66",NULL,NULL,NULL,NULL,False,NULL,NULL,"0.00","2026-03-06 18:01:39.32764+00"
"115954",8558,"2026-03-06 11:04:09.16+00","40.18115670","71.72953500",NULL,"12.66",NULL,NULL,NULL,NULL,False,NULL,NULL,"0.00","2026-03-06 18:01:39.32764+00"
"115951",8558,"2026-03-06 11:04:06.16+00","40.18149000","71.72954670",NULL,"12.36",NULL,NULL,NULL,NULL,False,NULL,NULL,"35.89","2026-03-06 18:01:39.32751+00"
"115950",8558,"2026-03-06 11:04:03.161+00","40.18181000","71.72960170",NULL,"12.20",NULL,NULL,NULL,NULL,False,NULL,NULL,"31.17","2026-03-06 18:01:39.015503+00"
"115947",8558,"2026-03-06 11:04:01.16+00","40.18209000","71.72958500",NULL,"12.25",NULL,NULL,NULL,NULL,False,NULL,NULL,"36.69","2026-03-06 18:01:39.015501+00"
"115948",8558,"2026-03-06 11:04:01.16+00","40.18209000","71.72958500",NULL,"12.25",NULL,NULL,NULL,NULL,False,NULL,NULL,"0.00","2026-03-06 18:01:39.015502+00"
"115949",8558,"2026-03-06 11:04:01.16+00","40.18209000","71.72958500",NULL,"12.25",NULL,NULL,NULL,NULL,False,NULL,NULL,"0.00","2026-03-06 18:01:39.015502+00"
"115946",8558,"2026-03-06 11:03:58.16+00","40.18242000","71.72958500",NULL,"11.51",NULL,NULL,NULL,NULL,False,NULL,NULL,"32.74","2026-03-06 18:01:39.015501+00"
"115943",8558,"2026-03-06 11:03:56.16+00","40.18270330","71.72948000",NULL,"11.90",NULL,NULL,NULL,NULL,False,NULL,NULL,"38.58","2026-03-06 18:01:39.015499+00"
"115944",8558,"2026-03-06 11:03:56.16+00","40.18270330","71.72948000",NULL,"11.90",NULL,NULL,NULL,NULL,False,NULL,NULL,"0.00","2026-03-06 18:01:39.015499+00"
"115945",8558,"2026-03-06 11:03:56.16+00","40.18270330","71.72948000",NULL,"11.90",NULL,NULL,NULL,NULL,False,NULL,NULL,"0.00","2026-03-06 18:01:39.0155+00"
"115942",8558,"2026-03-06 11:03:53.161+00","40.18305000","71.72946170",NULL,"11.41",NULL,NULL,NULL,NULL,False,NULL,NULL,"34.28","2026-03-06 18:01:39.015498+00"
"115939",8558,"2026-03-06 11:03:49.159+00","40.18335830","71.72946500",NULL,"11.20",NULL,NULL,NULL,NULL,False,NULL,NULL,"35.45","2026-03-06 18:01:39.015494+00"
"115940",8558,"2026-03-06 11:03:49.159+00","40.18335830","71.72946500",NULL,"11.20",NULL,NULL,NULL,NULL,False,NULL,NULL,"0.00","2026-03-06 18:01:39.015495+00"
"115941",8558,"2026-03-06 11:03:49.159+00","40.18335830","71.72946500",NULL,"11.20",NULL,NULL,NULL,NULL,False,NULL,NULL,"0.00","2026-03-06 18:01:39.015497+00"
"115938",8558,"2026-03-06 11:03:46.158+00","40.18367670","71.72944500",NULL,"11.27",NULL,NULL,NULL,NULL,False,NULL,NULL,"35.65","2026-03-06 18:01:39.015493+00"
"115935",8558,"2026-03-06 11:03:43.161+00","40.18399670","71.72941830",NULL,"11.16",NULL,NULL,NULL,NULL,False,NULL,NULL,"32.34","2026-03-06 18:01:39.015492+00"
"115936",8558,"2026-03-06 11:03:43.161+00","40.18399670","71.72941830",NULL,"11.16",NULL,NULL,NULL,NULL,False,NULL,NULL,"0.00","2026-03-06 18:01:39.015492+00"
"115937",8558,"2026-03-06 11:03:43.161+00","40.18399670","71.72941830",NULL,"11.16",NULL,NULL,NULL,NULL,False,NULL,NULL,"0.00","2026-03-06 18:01:39.015493+00"
"115934",8558,"2026-03-06 11:03:40.159+00","40.18428670","71.72939000",NULL,"10.61",NULL,NULL,NULL,NULL,False,NULL,NULL,"36.70","2026-03-06 18:01:39.01549+00"
"115931",8558,"2026-03-06 11:03:37.159+00","40.18461670","71.72940000",NULL,"10.55",NULL,NULL,NULL,NULL,False,NULL,NULL,"40.04","2026-03-06 18:01:39.015464+00"
"115932",8558,"2026-03-06 11:03:37.159+00","40.18461670","71.72940000",NULL,"10.55",NULL,NULL,NULL,NULL,False,NULL,NULL,"0.00","2026-03-06 18:01:39.015464+00"
"115933",8558,"2026-03-06 11:03:37.159+00","40.18461670","71.72940000",NULL,"10.55",NULL,NULL,NULL,NULL,False,NULL,NULL,"0.00","2026-03-06 18:01:39.015465+00"
"115930",8558,"2026-03-06 11:03:33.657+00","40.18497670","71.72938830",NULL,"8.68",NULL,NULL,NULL,NULL,False,NULL,NULL,"35.72","2026-03-06 18:01:39.015463+00"
"115926",8558,"2026-03-06 11:03:31.156+00","40.18529670","71.72935170",NULL,"9.36",NULL,NULL,NULL,NULL,False,NULL,NULL,"31.10","2026-03-06 18:01:39.015461+00"
"115927",8558,"2026-03-06 11:03:31.156+00","40.18529670","71.72935170",NULL,"9.36",NULL,NULL,NULL,NULL,False,NULL,NULL,"0.00","2026-03-06 18:01:39.015461+00"
"115928",8558,"2026-03-06 11:03:31.156+00","40.18529670","71.72935170",NULL,"9.36",NULL,NULL,NULL,NULL,False,NULL,NULL,"0.00","2026-03-06 18:01:39.015462+00"
"115929",8558,"2026-03-06 11:03:31.156+00","40.18529670","71.72935170",NULL,"9.36",NULL,NULL,NULL,NULL,False,NULL,NULL,"0.00","2026-03-06 18:01:39.015462+00"
"115925",8558,"2026-03-06 11:03:28.16+00","40.18557500","71.72931500",NULL,"5.95",NULL,NULL,NULL,NULL,False,NULL,NULL,"20.31","2026-03-06 18:01:39.01546+00"
"115921",8558,"2026-03-06 11:03:23.16+00","40.18575330","71.72936670",NULL,"6.90",NULL,NULL,NULL,NULL,False,NULL,NULL,"34.86","2026-03-06 18:01:39.015456+00"
"115922",8558,"2026-03-06 11:03:23.16+00","40.18575330","71.72936670",NULL,"6.90",NULL,NULL,NULL,NULL,False,NULL,NULL,"0.00","2026-03-06 18:01:39.015456+00"
"115923",8558,"2026-03-06 11:03:23.16+00","40.18575330","71.72936670",NULL,"6.90",NULL,NULL,NULL,NULL,False,NULL,NULL,"0.00","2026-03-06 18:01:39.015457+00"
"115924",8558,"2026-03-06 11:03:23.16+00","40.18575330","71.72936670",NULL,"6.90",NULL,NULL,NULL,NULL,False,NULL,NULL,"0.00","2026-03-06 18:01:39.015459+00"
"115917",8558,"2026-03-06 11:03:20.159+00","40.18606670","71.72935500",NULL,"7.68",NULL,NULL,NULL,NULL,False,NULL,NULL,"28.57","2026-03-06 18:01:39.015453+00"
"115918",8558,"2026-03-06 11:03:20.159+00","40.18606670","71.72935500",NULL,"7.68",NULL,NULL,NULL,NULL,False,NULL,NULL,"0.00","2026-03-06 18:01:39.015454+00"
"115919",8558,"2026-03-06 11:03:20.159+00","40.18606670","71.72935500",NULL,"7.68",NULL,NULL,NULL,NULL,False,NULL,NULL,"0.00","2026-03-06 18:01:39.015454+00"
"115920",8558,"2026-03-06 11:03:20.159+00","40.18606670","71.72935500",NULL,"7.68",NULL,NULL,NULL,NULL,False,NULL,NULL,"0.00","2026-03-06 18:01:39.015455+00"
"115915",8558,"2026-03-06 11:03:16.163+00","40.18632330","71.72933670",NULL,"5.77",NULL,NULL,NULL,NULL,False,NULL,NULL,"14.66","2026-03-06 18:01:39.015452+00"
"115916",8558,"2026-03-06 11:03:16.163+00","40.18632330","71.72933670",NULL,"5.77",NULL,NULL,NULL,NULL,False,NULL,NULL,"0.00","2026-03-06 18:01:39.015452+00"
"115912",8558,"2026-03-06 11:01:19.161+00","40.18645500","71.72932830",NULL,"0.03",NULL,NULL,NULL,NULL,False,NULL,NULL,"20.37","2026-03-06 18:01:39.01545+00"
"115913",8558,"2026-03-06 11:01:19.161+00","40.18645500","71.72932830",NULL,"0.03",NULL,NULL,NULL,NULL,False,NULL,NULL,"0.00","2026-03-06 18:01:39.01545+00"
"115914",8558,"2026-03-06 11:01:19.161+00","40.18645500","71.72932830",NULL,"0.03",NULL,NULL,NULL,NULL,False,NULL,NULL,"0.00","2026-03-06 18:01:39.015451+00"
"115911",8558,"2026-03-06 11:01:08.161+00","40.18660000","71.72918170",NULL,"4.87",NULL,NULL,NULL,NULL,False,NULL,NULL,"27.14","2026-03-06 18:01:39.015449+00"
"115907",8558,"2026-03-06 11:01:03.16+00","40.18662000","71.72886330",NULL,"5.32",NULL,NULL,NULL,NULL,False,NULL,NULL,"11.14","2026-03-06 18:01:39.015446+00"
"115908",8558,"2026-03-06 11:01:03.16+00","40.18662000","71.72886330",NULL,"5.32",NULL,NULL,NULL,NULL,False,NULL,NULL,"0.00","2026-03-06 18:01:39.015446+00"
"115909",8558,"2026-03-06 11:01:03.16+00","40.18662000","71.72886330",NULL,"5.32",NULL,NULL,NULL,NULL,False,NULL,NULL,"0.00","2026-03-06 18:01:39.015447+00"
"115910",8558,"2026-03-06 11:01:03.16+00","40.18662000","71.72886330",NULL,"5.32",NULL,NULL,NULL,NULL,False,NULL,NULL,"0.00","2026-03-06 18:01:39.015448+00"
"115906",8558,"2026-03-06 11:01:01.16+00","40.18666330","71.72874500",NULL,"1.30",NULL,NULL,NULL,NULL,False,NULL,NULL,"11.53","2026-03-06 18:01:39.015445+00"
"115905",8558,"2026-03-06 10:59:20.158+00","40.18671830","71.72863000",NULL,"2.12",NULL,NULL,NULL,NULL,False,NULL,NULL,"12.23","2026-03-06 18:01:39.015437+00"
"115904",8558,"2026-03-06 10:59:17.157+00","40.18676830","71.72850170",NULL,"1.28",NULL,NULL,NULL,NULL,False,NULL,NULL,"10.89","2026-03-06 18:01:39.015436+00"
"115903",8558,"2026-03-06 10:59:05.238+00","40.18681120","71.72838640",NULL,"1.71",NULL,NULL,NULL,NULL,False,NULL,NULL,"11.34","2026-03-06 18:01:39.015435+00"
"115902",8558,"2026-03-06 10:58:59.196+00","40.18677610","71.72851170",NULL,"0.52",NULL,NULL,NULL,NULL,False,NULL,NULL,"10.52","2026-03-06 18:01:39.015359+00"
"115901",8558,"2026-03-06 10:57:28.158+00","40.18682830","71.72861500",NULL,"1.92",NULL,NULL,NULL,NULL,False,NULL,NULL,"0.00","2026-03-06 18:01:39.015357+00"
"115900",8558,"2026-03-06 10:57:28.158+00","40.18682830","71.72861500",NULL,"1.92",NULL,NULL,NULL,NULL,False,NULL,NULL,"11.06","2026-03-06 18:01:38.748253+00"
"115899",8558,"2026-03-06 10:57:24.916+00","40.18678670","71.72873330",NULL,"2.38",NULL,NULL,NULL,NULL,False,NULL,NULL,"23.22","2026-03-06 18:01:38.748253+00"
"115897",8558,"2026-03-06 10:57:22.135+00","40.18659500","71.72862500",NULL,"0.38",NULL,NULL,NULL,NULL,False,NULL,NULL,"31.08","2026-03-06 18:01:38.748252+00"
"115898",8558,"2026-03-06 10:57:22.135+00","40.18659500","71.72862500",NULL,"0.38",NULL,NULL,NULL,NULL,False,NULL,NULL,"0.00","2026-03-06 18:01:38.748252+00"
"115893",8558,"2026-03-06 10:57:18.157+00","40.18653830","71.72898330",NULL,"5.51",NULL,NULL,NULL,NULL,False,NULL,NULL,"30.41","2026-03-06 18:01:38.748252+00"
"115894",8558,"2026-03-06 10:57:18.157+00","40.18653830","71.72898330",NULL,"5.51",NULL,NULL,NULL,NULL,False,NULL,NULL,"0.00","2026-03-06 18:01:38.748252+00"
"115895",8558,"2026-03-06 10:57:18.157+00","40.18653830","71.72898330",NULL,"5.51",NULL,NULL,NULL,NULL,False,NULL,NULL,"0.00","2026-03-06 18:01:38.748252+00"
"115896",8558,"2026-03-06 10:57:18.157+00","40.18653830","71.72898330",NULL,"5.51",NULL,NULL,NULL,NULL,False,NULL,NULL,"0.00","2026-03-06 18:01:38.748252+00"
"115892",8558,"2026-03-06 10:57:06.165+00","40.18662000","71.72932500",NULL,"7.55",NULL,NULL,NULL,NULL,False,NULL,NULL,"30.88","2026-03-06 18:01:38.748251+00"
"115889",8558,"2026-03-06 10:57:03.169+00","40.18689170","71.72940000",NULL,"9.51",NULL,NULL,NULL,NULL,False,NULL,NULL,"31.13","2026-03-06 18:01:38.748251+00"
"115890",8558,"2026-03-06 10:57:03.169+00","40.18689170","71.72940000",NULL,"9.51",NULL,NULL,NULL,NULL,False,NULL,NULL,"0.00","2026-03-06 18:01:38.748251+00"
"115891",8558,"2026-03-06 10:57:03.169+00","40.18689170","71.72940000",NULL,"9.51",NULL,NULL,NULL,NULL,False,NULL,NULL,"0.00","2026-03-06 18:01:38.748251+00"
"115888",8558,"2026-03-06 10:57:00.168+00","40.18716830","71.72945670",NULL,"8.86",NULL,NULL,NULL,NULL,False,NULL,NULL,"31.28","2026-03-06 18:01:38.748251+00"
"115884",8558,"2026-03-06 10:56:56.158+00","40.18744170","71.72937000",NULL,"10.51",NULL,NULL,NULL,NULL,False,NULL,NULL,"47.61","2026-03-06 18:01:38.74825+00"
"115885",8558,"2026-03-06 10:56:56.158+00","40.18744170","71.72937000",NULL,"10.51",NULL,NULL,NULL,NULL,False,NULL,NULL,"0.00","2026-03-06 18:01:38.74825+00"
"115886",8558,"2026-03-06 10:56:56.158+00","40.18744170","71.72937000",NULL,"10.51",NULL,NULL,NULL,NULL,False,NULL,NULL,"0.00","2026-03-06 18:01:38.74825+00"
"115887",8558,"2026-03-06 10:56:56.158+00","40.18744170","71.72937000",NULL,"10.51",NULL,NULL,NULL,NULL,False,NULL,NULL,"0.00","2026-03-06 18:01:38.74825+00"
"115883",8558,"2026-03-06 10:56:52.158+00","40.18786830","71.72941830",NULL,"13.47",NULL,NULL,NULL,NULL,False,NULL,NULL,"45.92","2026-03-06 18:01:38.74825+00"
"115880",8558,"2026-03-06 10:56:49.16+00","40.18828000","71.72946000",NULL,"14.14",NULL,NULL,NULL,NULL,False,NULL,NULL,"53.44","2026-03-06 18:01:38.748248+00"
"115881",8558,"2026-03-06 10:56:49.16+00","40.18828000","71.72946000",NULL,"14.14",NULL,NULL,NULL,NULL,False,NULL,NULL,"0.00","2026-03-06 18:01:38.748249+00"
"115882",8558,"2026-03-06 10:56:49.16+00","40.18828000","71.72946000",NULL,"14.14",NULL,NULL,NULL,NULL,False,NULL,NULL,"0.00","2026-03-06 18:01:38.748249+00"
"115879",8558,"2026-03-06 10:56:45.46+00","40.18876000","71.72942830",NULL,"16.77",NULL,NULL,NULL,NULL,False,NULL,NULL,"59.03","2026-03-06 18:01:38.748248+00"
"115876",8558,"2026-03-06 10:56:44.16+00","40.18912330","71.72993500",NULL,"16.22",NULL,NULL,NULL,NULL,False,NULL,NULL,"46.87","2026-03-06 18:01:38.748247+00"
"115877",8558,"2026-03-06 10:56:44.16+00","40.18912330","71.72993500",NULL,"16.22",NULL,NULL,NULL,NULL,False,NULL,NULL,"0.00","2026-03-06 18:01:38.748248+00"
"115878",8558,"2026-03-06 10:56:44.16+00","40.18912330","71.72993500",NULL,"16.22",NULL,NULL,NULL,NULL,False,NULL,NULL,"0.00","2026-03-06 18:01:38.748248+00"
"115875",8558,"2026-03-06 10:56:41.95+00","40.18945330","71.73027830",NULL,"16.44",NULL,NULL,NULL,NULL,False,NULL,NULL,"46.87","2026-03-06 18:01:38.748247+00"
"115872",8558,"2026-03-06 10:56:41.157+00","40.18942000","71.72972830",NULL,"16.29",NULL,NULL,NULL,NULL,False,NULL,NULL,"50.88","2026-03-06 18:01:38.748247+00"
"115873",8558,"2026-03-06 10:56:41.157+00","40.18942000","71.72972830",NULL,"16.29",NULL,NULL,NULL,NULL,False,NULL,NULL,"0.00","2026-03-06 18:01:38.748247+00"
"115874",8558,"2026-03-06 10:56:41.157+00","40.18942000","71.72972830",NULL,"16.29",NULL,NULL,NULL,NULL,False,NULL,NULL,"0.00","2026-03-06 18:01:38.748247+00"
"115871",8558,"2026-03-06 10:56:38.158+00","40.18986830","71.72984830",NULL,"17.43",NULL,NULL,NULL,NULL,False,NULL,NULL,"47.22","2026-03-06 18:01:38.748246+00"
"115868",8558,"2026-03-06 10:56:35.157+00","40.19028670","71.72994330",NULL,"16.42",NULL,NULL,NULL,NULL,False,NULL,NULL,"47.56","2026-03-06 18:01:38.748246+00"
"115869",8558,"2026-03-06 10:56:35.157+00","40.19028670","71.72994330",NULL,"16.42",NULL,NULL,NULL,NULL,False,NULL,NULL,"0.00","2026-03-06 18:01:38.748246+00"
"115870",8558,"2026-03-06 10:56:35.157+00","40.19028670","71.72994330",NULL,"16.42",NULL,NULL,NULL,NULL,False,NULL,NULL,"0.00","2026-03-06 18:01:38.748246+00"
"115867",8558,"2026-03-06 10:56:32.169+00","40.19070500","71.73006000",NULL,"16.13",NULL,NULL,NULL,NULL,False,NULL,NULL,"48.78","2026-03-06 18:01:38.748246+00"
"115864",8558,"2026-03-06 10:56:29.173+00","40.19112670","71.73021830",NULL,"15.76",NULL,NULL,NULL,NULL,False,NULL,NULL,"47.58","2026-03-06 18:01:38.748245+00"
"115865",8558,"2026-03-06 10:56:29.173+00","40.19112670","71.73021830",NULL,"15.76",NULL,NULL,NULL,NULL,False,NULL,NULL,"0.00","2026-03-06 18:01:38.748245+00"
"115866",8558,"2026-03-06 10:56:29.173+00","40.19112670","71.73021830",NULL,"15.76",NULL,NULL,NULL,NULL,False,NULL,NULL,"0.00","2026-03-06 18:01:38.748245+00"
"115863",8558,"2026-03-06 10:56:26.172+00","40.19154000","71.73036330",NULL,"15.64",NULL,NULL,NULL,NULL,False,NULL,NULL,"47.08","2026-03-06 18:01:38.748245+00"
"115860",8558,"2026-03-06 10:56:23.172+00","40.19195670","71.73046170",NULL,"15.27",NULL,NULL,NULL,NULL,False,NULL,NULL,"46.05","2026-03-06 18:01:38.748243+00"
"115861",8558,"2026-03-06 10:56:23.172+00","40.19195670","71.73046170",NULL,"15.27",NULL,NULL,NULL,NULL,False,NULL,NULL,"0.00","2026-03-06 18:01:38.748244+00"
"115862",8558,"2026-03-06 10:56:23.172+00","40.19195670","71.73046170",NULL,"15.27",NULL,NULL,NULL,NULL,False,NULL,NULL,"0.00","2026-03-06 18:01:38.748244+00"
"115859",8558,"2026-03-06 10:56:20.171+00","40.19236830","71.73052170",NULL,"14.23",NULL,NULL,NULL,NULL,False,NULL,NULL,"42.57","2026-03-06 18:01:38.748243+00"
"115856",8558,"2026-03-06 10:56:17.171+00","40.19275000","71.73056000",NULL,"12.87",NULL,NULL,NULL,NULL,False,NULL,NULL,"36.78","2026-03-06 18:01:38.748243+00"
"115857",8558,"2026-03-06 10:56:17.171+00","40.19275000","71.73056000",NULL,"12.87",NULL,NULL,NULL,NULL,False,NULL,NULL,"0.00","2026-03-06 18:01:38.748243+00"
"115858",8558,"2026-03-06 10:56:17.171+00","40.19275000","71.73056000",NULL,"12.87",NULL,NULL,NULL,NULL,False,NULL,NULL,"0.00","2026-03-06 18:01:38.748243+00"
"115855",8558,"2026-03-06 10:56:14.172+00","40.19307830","71.73061330",NULL,"11.18",NULL,NULL,NULL,NULL,False,NULL,NULL,"40.35","2026-03-06 18:01:38.748242+00"
"115853",8558,"2026-03-06 10:56:10.171+00","40.19343830","71.73067330",NULL,"7.93",NULL,NULL,NULL,NULL,False,NULL,NULL,"24.54","2026-03-06 18:01:38.748242+00"
"115854",8558,"2026-03-06 10:56:10.171+00","40.19343830","71.73067330",NULL,"7.93",NULL,NULL,NULL,NULL,False,NULL,NULL,"0.00","2026-03-06 18:01:38.748242+00"
"115849",8558,"2026-03-06 10:56:06.172+00","40.19365670","71.73071500",NULL,"5.34",NULL,NULL,NULL,NULL,False,NULL,NULL,"32.27","2026-03-06 18:01:38.493522+00"
"115850",8558,"2026-03-06 10:56:06.172+00","40.19365670","71.73071500",NULL,"5.34",NULL,NULL,NULL,NULL,False,NULL,NULL,"0.00","2026-03-06 18:01:38.493523+00"
"115851",8558,"2026-03-06 10:56:06.172+00","40.19365670","71.73071500",NULL,"5.34",NULL,NULL,NULL,NULL,False,NULL,NULL,"0.00","2026-03-06 18:01:38.74824+00"
"115852",8558,"2026-03-06 10:56:06.172+00","40.19365670","71.73071500",NULL,"5.34",NULL,NULL,NULL,NULL,False,NULL,NULL,"0.00","2026-03-06 18:01:38.748241+00"
"115845",8558,"2026-03-06 10:55:58.17+00","40.19394500","71.73075830",NULL,"10.22",NULL,NULL,NULL,NULL,False,NULL,NULL,"49.03","2026-03-06 18:01:38.49352+00"
"115846",8558,"2026-03-06 10:55:58.17+00","40.19394500","71.73075830",NULL,"10.22",NULL,NULL,NULL,NULL,False,NULL,NULL,"0.00","2026-03-06 18:01:38.49352+00"
"115847",8558,"2026-03-06 10:55:58.17+00","40.19394500","71.73075830",NULL,"10.22",NULL,NULL,NULL,NULL,False,NULL,NULL,"0.00","2026-03-06 18:01:38.493521+00"
"115848",8558,"2026-03-06 10:55:58.17+00","40.19394500","71.73075830",NULL,"10.22",NULL,NULL,NULL,NULL,False,NULL,NULL,"0.00","2026-03-06 18:01:38.493521+00"
"115844",8558,"2026-03-06 10:55:54.173+00","40.19438170","71.73083830",NULL,"13.08",NULL,NULL,NULL,NULL,False,NULL,NULL,"41.51","2026-03-06 18:01:38.493519+00"
"115841",8558,"2026-03-06 10:55:51.172+00","40.19475170","71.73090330",NULL,"14.68",NULL,NULL,NULL,NULL,False,NULL,NULL,"47.41","2026-03-06 18:01:38.493517+00"
"115842",8558,"2026-03-06 10:55:51.172+00","40.19475170","71.73090330",NULL,"14.68",NULL,NULL,NULL,NULL,False,NULL,NULL,"0.00","2026-03-06 18:01:38.493518+00"
"115843",8558,"2026-03-06 10:55:51.172+00","40.19475170","71.73090330",NULL,"14.68",NULL,NULL,NULL,NULL,False,NULL,NULL,"0.00","2026-03-06 18:01:38.493518+00"
"115840",8558,"2026-03-06 10:55:48.172+00","40.19517500","71.73097000",NULL,"16.60",NULL,NULL,NULL,NULL,False,NULL,NULL,"51.94","2026-03-06 18:01:38.493516+00"
"115836",8558,"2026-03-06 10:55:45.172+00","40.19564170","71.73099500",NULL,"17.48",NULL,NULL,NULL,NULL,False,NULL,NULL,"52.78","2026-03-06 18:01:38.493512+00"
"115837",8558,"2026-03-06 10:55:45.172+00","40.19564170","71.73099500",NULL,"17.48",NULL,NULL,NULL,NULL,False,NULL,NULL,"0.00","2026-03-06 18:01:38.493513+00"
"115838",8558,"2026-03-06 10:55:45.172+00","40.19564170","71.73099500",NULL,"17.48",NULL,NULL,NULL,NULL,False,NULL,NULL,"0.00","2026-03-06 18:01:38.493515+00"
"115839",8558,"2026-03-06 10:55:45.172+00","40.19564170","71.73099500",NULL,"17.48",NULL,NULL,NULL,NULL,False,NULL,NULL,"0.00","2026-03-06 18:01:38.493515+00"
"115835",8558,"2026-03-06 10:55:42.171+00","40.19611500","71.73094830",NULL,"17.93",NULL,NULL,NULL,NULL,False,NULL,NULL,"56.27","2026-03-06 18:01:38.493511+00"
"115832",8558,"2026-03-06 10:55:39.171+00","40.19661670","71.73086170",NULL,"18.92",NULL,NULL,NULL,NULL,False,NULL,NULL,"60.08","2026-03-06 18:01:38.493509+00"
"115833",8558,"2026-03-06 10:55:39.171+00","40.19661670","71.73086170",NULL,"18.92",NULL,NULL,NULL,NULL,False,NULL,NULL,"0.00","2026-03-06 18:01:38.49351+00"
"115834",8558,"2026-03-06 10:55:39.171+00","40.19661670","71.73086170",NULL,"18.92",NULL,NULL,NULL,NULL,False,NULL,NULL,"0.00","2026-03-06 18:01:38.493511+00"
"115831",8558,"2026-03-06 10:55:36.172+00","40.19715670","71.73083830",NULL,"20.06",NULL,NULL,NULL,NULL,False,NULL,NULL,"60.07","2026-03-06 18:01:38.493508+00"
"115828",8558,"2026-03-06 10:55:33.172+00","40.19769330","71.73092000",NULL,"19.56",NULL,NULL,NULL,NULL,False,NULL,NULL,"58.67","2026-03-06 18:01:38.493506+00"
"115829",8558,"2026-03-06 10:55:33.172+00","40.19769330","71.73092000",NULL,"19.56",NULL,NULL,NULL,NULL,False,NULL,NULL,"0.00","2026-03-06 18:01:38.493507+00"
"115830",8558,"2026-03-06 10:55:33.172+00","40.19769330","71.73092000",NULL,"19.56",NULL,NULL,NULL,NULL,False,NULL,NULL,"0.00","2026-03-06 18:01:38.493507+00"
"115827",8558,"2026-03-06 10:55:30.171+00","40.19821000","71.73106000",NULL,"18.71",NULL,NULL,NULL,NULL,False,NULL,NULL,"56.83","2026-03-06 18:01:38.493506+00"
"115823",8558,"2026-03-06 10:55:27.172+00","40.19870500","71.73122670",NULL,"18.44",NULL,NULL,NULL,NULL,False,NULL,NULL,"54.99","2026-03-06 18:01:38.493503+00"
"115824",8558,"2026-03-06 10:55:27.172+00","40.19870500","71.73122670",NULL,"18.44",NULL,NULL,NULL,NULL,False,NULL,NULL,"0.00","2026-03-06 18:01:38.493504+00"
"115825",8558,"2026-03-06 10:55:27.172+00","40.19870500","71.73122670",NULL,"18.44",NULL,NULL,NULL,NULL,False,NULL,NULL,"0.00","2026-03-06 18:01:38.493504+00"
"115826",8558,"2026-03-06 10:55:27.172+00","40.19870500","71.73122670",NULL,"18.44",NULL,NULL,NULL,NULL,False,NULL,NULL,"0.00","2026-03-06 18:01:38.493505+00"
"115820",8558,"2026-03-06 10:55:24.172+00","40.19919000","71.73135330",NULL,"17.40",NULL,NULL,NULL,NULL,False,NULL,NULL,"51.74","2026-03-06 18:01:38.493501+00"
"115821",8558,"2026-03-06 10:55:24.172+00","40.19919000","71.73135330",NULL,"17.40",NULL,NULL,NULL,NULL,False,NULL,NULL,"0.00","2026-03-06 18:01:38.493502+00"
"115822",8558,"2026-03-06 10:55:24.172+00","40.19919000","71.73135330",NULL,"17.40",NULL,NULL,NULL,NULL,False,NULL,NULL,"0.00","2026-03-06 18:01:38.493502+00"
"115819",8558,"2026-03-06 10:55:21.17+00","40.19965000","71.73144500",NULL,"17.02",NULL,NULL,NULL,NULL,False,NULL,NULL,"51.13","2026-03-06 18:01:38.493499+00"
"115816",8558,"2026-03-06 10:55:18.172+00","40.20010500","71.73153170",NULL,"16.33",NULL,NULL,NULL,NULL,False,NULL,NULL,"51.13","2026-03-06 18:01:38.493496+00"
"115817",8558,"2026-03-06 10:55:18.172+00","40.20010500","71.73153170",NULL,"16.33",NULL,NULL,NULL,NULL,False,NULL,NULL,"0.00","2026-03-06 18:01:38.493497+00"
"115818",8558,"2026-03-06 10:55:18.172+00","40.20010500","71.73153170",NULL,"16.33",NULL,NULL,NULL,NULL,False,NULL,NULL,"0.00","2026-03-06 18:01:38.493498+00"
"115815",8558,"2026-03-06 10:55:15.168+00","40.20056000","71.73161830",NULL,"15.66",NULL,NULL,NULL,NULL,False,NULL,NULL,"49.18","2026-03-06 18:01:38.493496+00"
"115812",8558,"2026-03-06 10:55:12.171+00","40.20100000","71.73167670",NULL,"14.41",NULL,NULL,NULL,NULL,False,NULL,NULL,"42.89","2026-03-06 18:01:38.493494+00"
"115813",8558,"2026-03-06 10:55:12.171+00","40.20100000","71.73167670",NULL,"14.41",NULL,NULL,NULL,NULL,False,NULL,NULL,"0.00","2026-03-06 18:01:38.493494+00"
"115814",8558,"2026-03-06 10:55:12.171+00","40.20100000","71.73167670",NULL,"14.41",NULL,NULL,NULL,NULL,False,NULL,NULL,"0.00","2026-03-06 18:01:38.493495+00"
"115811",8558,"2026-03-06 10:55:09.17+00","40.20137830","71.73177500",NULL,"14.45",NULL,NULL,NULL,NULL,False,NULL,NULL,"52.84","2026-03-06 18:01:38.493492+00"
"115808",8558,"2026-03-06 10:55:05.167+00","40.20184330","71.73190330",NULL,"16.01",NULL,NULL,NULL,NULL,False,NULL,NULL,"49.87","2026-03-06 18:01:38.49349+00"
"115809",8558,"2026-03-06 10:55:05.167+00","40.20184330","71.73190330",NULL,"16.01",NULL,NULL,NULL,NULL,False,NULL,NULL,"0.00","2026-03-06 18:01:38.493491+00"
"115810",8558,"2026-03-06 10:55:05.167+00","40.20184330","71.73190330",NULL,"16.01",NULL,NULL,NULL,NULL,False,NULL,NULL,"0.00","2026-03-06 18:01:38.493491+00"
"115807",8558,"2026-03-06 10:55:02.171+00","40.20228670","71.73199170",NULL,"16.51",NULL,NULL,NULL,NULL,False,NULL,NULL,"47.89","2026-03-06 18:01:38.493489+00"
"115804",8558,"2026-03-06 10:54:59.17+00","40.20271170","71.73208330",NULL,"15.72",NULL,NULL,NULL,NULL,False,NULL,NULL,"45.39","2026-03-06 18:01:38.493486+00"
"115805",8558,"2026-03-06 10:54:59.17+00","40.20271170","71.73208330",NULL,"15.72",NULL,NULL,NULL,NULL,False,NULL,NULL,"0.00","2026-03-06 18:01:38.493487+00"
"115806",8558,"2026-03-06 10:54:59.17+00","40.20271170","71.73208330",NULL,"15.72",NULL,NULL,NULL,NULL,False,NULL,NULL,"0.00","2026-03-06 18:01:38.493488+00"
"115803",8558,"2026-03-06 10:54:56.165+00","40.20311670","71.73215000",NULL,"15.11",NULL,NULL,NULL,NULL,False,NULL,NULL,"44.52","2026-03-06 18:01:38.493485+00"
"115801",8558,"2026-03-06 10:54:53.168+00","40.20348830","71.73234500",NULL,"15.71",NULL,NULL,NULL,NULL,False,NULL,NULL,"0.00","2026-03-06 18:01:38.493475+00"
"115802",8558,"2026-03-06 10:54:53.168+00","40.20348830","71.73234500",NULL,"15.71",NULL,NULL,NULL,NULL,False,NULL,NULL,"0.00","2026-03-06 18:01:38.493477+00"
"115800",8558,"2026-03-06 10:54:53.168+00","40.20348830","71.73234500",NULL,"15.71",NULL,NULL,NULL,NULL,False,NULL,NULL,"48.93","2026-03-06 18:01:38.225433+00"
"115799",8558,"2026-03-06 10:54:50.169+00","40.20391670","71.73247670",NULL,"17.03",NULL,NULL,NULL,NULL,False,NULL,NULL,"42.07","2026-03-06 18:01:38.225432+00"
"115795",8558,"2026-03-06 10:54:48.169+00","40.20429500","71.73246670",NULL,"17.40",NULL,NULL,NULL,NULL,False,NULL,NULL,"54.81","2026-03-06 18:01:38.225422+00"
"115796",8558,"2026-03-06 10:54:48.169+00","40.20429500","71.73246670",NULL,"17.40",NULL,NULL,NULL,NULL,False,NULL,NULL,"0.00","2026-03-06 18:01:38.22543+00"
"115797",8558,"2026-03-06 10:54:48.169+00","40.20429500","71.73246670",NULL,"17.40",NULL,NULL,NULL,NULL,False,NULL,NULL,"0.00","2026-03-06 18:01:38.225431+00"
"115798",8558,"2026-03-06 10:54:48.169+00","40.20429500","71.73246670",NULL,"17.40",NULL,NULL,NULL,NULL,False,NULL,NULL,"0.00","2026-03-06 18:01:38.225431+00"
"115794",8558,"2026-03-06 10:54:45.169+00","40.20478000","71.73258170",NULL,"18.26",NULL,NULL,NULL,NULL,False,NULL,NULL,"65.71","2026-03-06 18:01:38.225421+00"
"115791",8558,"2026-03-06 10:54:41.17+00","40.20536170","71.73271830",NULL,"19.88",NULL,NULL,NULL,NULL,False,NULL,NULL,"57.64","2026-03-06 18:01:38.225419+00"
"115792",8558,"2026-03-06 10:54:41.17+00","40.20536170","71.73271830",NULL,"19.88",NULL,NULL,NULL,NULL,False,NULL,NULL,"0.00","2026-03-06 18:01:38.22542+00"
"115793",8558,"2026-03-06 10:54:41.17+00","40.20536170","71.73271830",NULL,"19.88",NULL,NULL,NULL,NULL,False,NULL,NULL,"0.00","2026-03-06 18:01:38.22542+00"
"115790",8558,"2026-03-06 10:54:38.169+00","40.20587000","71.73285170",NULL,"20.36",NULL,NULL,NULL,NULL,False,NULL,NULL,"68.45","2026-03-06 18:01:38.225418+00"
"115787",8558,"2026-03-06 10:54:35.168+00","40.20648500","71.73281670",NULL,"21.32",NULL,NULL,NULL,NULL,False,NULL,NULL,"68.46","2026-03-06 18:01:38.225417+00"
"115788",8558,"2026-03-06 10:54:35.168+00","40.20648500","71.73281670",NULL,"21.32",NULL,NULL,NULL,NULL,False,NULL,NULL,"0.00","2026-03-06 18:01:38.225417+00"
"115789",8558,"2026-03-06 10:54:35.168+00","40.20648500","71.73281670",NULL,"21.32",NULL,NULL,NULL,NULL,False,NULL,NULL,"0.00","2026-03-06 18:01:38.225418+00"
"115786",8558,"2026-03-06 10:54:32.168+00","40.20710000","71.73285500",NULL,"21.52",NULL,NULL,NULL,NULL,False,NULL,NULL,"57.39","2026-03-06 18:01:38.225416+00"
"115783",8558,"2026-03-06 10:54:29.167+00","40.20758000","71.73310330",NULL,"21.44",NULL,NULL,NULL,NULL,False,NULL,NULL,"63.97","2026-03-06 18:01:38.225412+00"
"115784",8558,"2026-03-06 10:54:29.167+00","40.20758000","71.73310330",NULL,"21.44",NULL,NULL,NULL,NULL,False,NULL,NULL,"0.00","2026-03-06 18:01:38.225413+00"
"115785",8558,"2026-03-06 10:54:29.167+00","40.20758000","71.73310330",NULL,"21.44",NULL,NULL,NULL,NULL,False,NULL,NULL,"0.00","2026-03-06 18:01:38.225414+00"
"115782",8558,"2026-03-06 10:54:26.171+00","40.20815000","71.73320500",NULL,"21.37",NULL,NULL,NULL,NULL,False,NULL,NULL,"65.31","2026-03-06 18:01:38.225411+00"
"115779",8558,"2026-03-06 10:54:23.17+00","40.20873330","71.73311500",NULL,"21.54",NULL,NULL,NULL,NULL,False,NULL,NULL,"111.71","2026-03-06 18:01:38.225409+00"
"115780",8558,"2026-03-06 10:54:23.17+00","40.20873330","71.73311500",NULL,"21.54",NULL,NULL,NULL,NULL,False,NULL,NULL,"0.00","2026-03-06 18:01:38.22541+00"
"115781",8558,"2026-03-06 10:54:23.17+00","40.20873330","71.73311500",NULL,"21.54",NULL,NULL,NULL,NULL,False,NULL,NULL,"0.00","2026-03-06 18:01:38.22541+00"
"115776",8558,"2026-03-06 10:54:18.169+00","40.20973000","71.73328000",NULL,"21.45",NULL,NULL,NULL,NULL,False,NULL,NULL,"63.22","2026-03-06 18:01:38.225407+00"
"115777",8558,"2026-03-06 10:54:18.169+00","40.20973000","71.73328000",NULL,"21.45",NULL,NULL,NULL,NULL,False,NULL,NULL,"0.00","2026-03-06 18:01:38.225408+00"
"115778",8558,"2026-03-06 10:54:18.169+00","40.20973000","71.73328000",NULL,"21.45",NULL,NULL,NULL,NULL,False,NULL,NULL,"0.00","2026-03-06 18:01:38.225408+00"
"115775",8558,"2026-03-06 10:54:15.168+00","40.21029670","71.73334000",NULL,"21.60",NULL,NULL,NULL,NULL,False,NULL,NULL,"65.05","2026-03-06 18:01:38.225407+00"
"115772",8558,"2026-03-06 10:54:12.167+00","40.21088000","71.73339830",NULL,"20.97",NULL,NULL,NULL,NULL,False,NULL,NULL,"66.27","2026-03-06 18:01:38.225404+00"
"115773",8558,"2026-03-06 10:54:12.167+00","40.21088000","71.73339830",NULL,"20.97",NULL,NULL,NULL,NULL,False,NULL,NULL,"0.00","2026-03-06 18:01:38.225405+00"
"115774",8558,"2026-03-06 10:54:12.167+00","40.21088000","71.73339830",NULL,"20.97",NULL,NULL,NULL,NULL,False,NULL,NULL,"0.00","2026-03-06 18:01:38.225406+00"
"115771",8558,"2026-03-06 10:54:09.168+00","40.21147500","71.73344330",NULL,"20.99",NULL,NULL,NULL,NULL,False,NULL,NULL,"55.21","2026-03-06 18:01:38.225404+00"
"115768",8558,"2026-03-06 10:54:06.171+00","40.21195170","71.73362500",NULL,"20.91",NULL,NULL,NULL,NULL,False,NULL,NULL,"61.86","2026-03-06 18:01:38.225402+00"
"115769",8558,"2026-03-06 10:54:06.171+00","40.21195170","71.73362500",NULL,"20.91",NULL,NULL,NULL,NULL,False,NULL,NULL,"0.00","2026-03-06 18:01:38.225402+00"
"115770",8558,"2026-03-06 10:54:06.171+00","40.21195170","71.73362500",NULL,"20.91",NULL,NULL,NULL,NULL,False,NULL,NULL,"0.00","2026-03-06 18:01:38.225403+00"
"115767",8558,"2026-03-06 10:54:03.168+00","40.21250670","71.73367500",NULL,"20.69",NULL,NULL,NULL,NULL,False,NULL,NULL,"68.39","2026-03-06 18:01:38.225399+00"
"115764",8558,"2026-03-06 10:54:00.171+00","40.21312170","71.73368500",NULL,"21.15",NULL,NULL,NULL,NULL,False,NULL,NULL,"63.96","2026-03-06 18:01:38.225397+00"
"115765",8558,"2026-03-06 10:54:00.171+00","40.21312170","71.73368500",NULL,"21.15",NULL,NULL,NULL,NULL,False,NULL,NULL,"0.00","2026-03-06 18:01:38.225398+00"
"115766",8558,"2026-03-06 10:54:00.171+00","40.21312170","71.73368500",NULL,"21.15",NULL,NULL,NULL,NULL,False,NULL,NULL,"0.00","2026-03-06 18:01:38.225398+00"
"115763",8558,"2026-03-06 10:53:57.169+00","40.21369500","71.73374670",NULL,"21.01",NULL,NULL,NULL,NULL,False,NULL,NULL,"82.14","2026-03-06 18:01:38.225396+00"
"115760",8558,"2026-03-06 10:53:53.172+00","40.21442330","71.73390830",NULL,"20.86",NULL,NULL,NULL,NULL,False,NULL,NULL,"64.63","2026-03-06 18:01:38.225394+00"
"115761",8558,"2026-03-06 10:53:53.172+00","40.21442330","71.73390830",NULL,"20.86",NULL,NULL,NULL,NULL,False,NULL,NULL,"0.00","2026-03-06 18:01:38.225395+00"
"115762",8558,"2026-03-06 10:53:53.172+00","40.21442330","71.73390830",NULL,"20.86",NULL,NULL,NULL,NULL,False,NULL,NULL,"0.00","2026-03-06 18:01:38.225395+00"
"115759",8558,"2026-03-06 10:53:49.946+00","40.21496670","71.73417830",NULL,"20.69",NULL,NULL,NULL,NULL,False,NULL,NULL,"110.09","2026-03-06 18:01:38.225393+00"
"115756",8558,"2026-03-06 10:53:45.171+00","40.21591670","71.73454330",NULL,"20.68",NULL,NULL,NULL,NULL,False,NULL,NULL,"65.08","2026-03-06 18:01:38.225391+00"
"115757",8558,"2026-03-06 10:53:45.171+00","40.21591670","71.73454330",NULL,"20.68",NULL,NULL,NULL,NULL,False,NULL,NULL,"0.00","2026-03-06 18:01:38.225392+00"
"115758",8558,"2026-03-06 10:53:45.171+00","40.21591670","71.73454330",NULL,"20.68",NULL,NULL,NULL,NULL,False,NULL,NULL,"0.00","2026-03-06 18:01:38.225392+00"
"115755",8558,"2026-03-06 10:53:42.43+00","40.21647170","71.73478670",NULL,"20.43",NULL,NULL,NULL,NULL,False,NULL,NULL,"66.46","2026-03-06 18:01:38.22539+00"
"115752",8558,"2026-03-06 10:53:38.171+00","40.21692830","71.73529170",NULL,"19.91",NULL,NULL,NULL,NULL,False,NULL,NULL,"54.51","2026-03-06 18:01:38.225387+00"
"115753",8558,"2026-03-06 10:53:38.171+00","40.21692830","71.73529170",NULL,"19.91",NULL,NULL,NULL,NULL,False,NULL,NULL,"0.00","2026-03-06 18:01:38.225388+00"
"115754",8558,"2026-03-06 10:53:38.171+00","40.21692830","71.73529170",NULL,"19.91",NULL,NULL,NULL,NULL,False,NULL,NULL,"0.00","2026-03-06 18:01:38.225389+00"
"115751",8558,"2026-03-06 10:53:35.445+00","40.21735830","71.73560000",NULL,"19.43",NULL,NULL,NULL,NULL,False,NULL,NULL,"52.15","2026-03-06 18:01:38.225386+00"
"115748",8558,"2026-03-06 10:53:34.169+00","40.21782330","71.73568000",NULL,"19.45",NULL,NULL,NULL,NULL,False,NULL,NULL,"66.86","2026-03-06 18:01:37.926887+00"
"115749",8558,"2026-03-06 10:53:34.169+00","40.21782330","71.73568000",NULL,"19.45",NULL,NULL,NULL,NULL,False,NULL,NULL,"0.00","2026-03-06 18:01:37.926888+00"
"115750",8558,"2026-03-06 10:53:34.169+00","40.21782330","71.73568000",NULL,"19.45",NULL,NULL,NULL,NULL,False,NULL,NULL,"0.00","2026-03-06 18:01:37.926888+00"
"115747",8558,"2026-03-06 10:53:31.17+00","40.21838330","71.73596670",NULL,"19.27",NULL,NULL,NULL,NULL,False,NULL,NULL,"55.31","2026-03-06 18:01:37.926887+00"
"115744",8558,"2026-03-06 10:53:27.169+00","40.21871830","71.73644830",NULL,"18.84",NULL,NULL,NULL,NULL,False,NULL,NULL,"58.66","2026-03-06 18:01:37.926887+00"
"115745",8558,"2026-03-06 10:53:27.169+00","40.21871830","71.73644830",NULL,"18.84",NULL,NULL,NULL,NULL,False,NULL,NULL,"0.00","2026-03-06 18:01:37.926887+00"
"115746",8558,"2026-03-06 10:53:27.169+00","40.21871830","71.73644830",NULL,"18.84",NULL,NULL,NULL,NULL,False,NULL,NULL,"0.00","2026-03-06 18:01:37.926887+00"
"115743",8558,"2026-03-06 10:53:24.171+00","40.21919830","71.73673500",NULL,"17.96",NULL,NULL,NULL,NULL,False,NULL,NULL,"55.93","2026-03-06 18:01:37.926887+00"
"115740",8558,"2026-03-06 10:53:21.167+00","40.21967330","71.73695170",NULL,"17.86",NULL,NULL,NULL,NULL,False,NULL,NULL,"54.74","2026-03-06 18:01:37.926886+00"
"115741",8558,"2026-03-06 10:53:21.167+00","40.21967330","71.73695170",NULL,"17.86",NULL,NULL,NULL,NULL,False,NULL,NULL,"0.00","2026-03-06 18:01:37.926886+00"
"115742",8558,"2026-03-06 10:53:21.167+00","40.21967330","71.73695170",NULL,"17.86",NULL,NULL,NULL,NULL,False,NULL,NULL,"0.00","2026-03-06 18:01:37.926886+00"
"115739",8558,"2026-03-06 10:53:18.169+00","40.22011670","71.73723170",NULL,"16.75",NULL,NULL,NULL,NULL,False,NULL,NULL,"43.69","2026-03-06 18:01:37.926886+00"
"115736",8558,"2026-03-06 10:53:15.159+00","40.22048670","71.73740500",NULL,"17.25",NULL,NULL,NULL,NULL,False,NULL,NULL,"50.04","2026-03-06 18:01:37.926886+00"
"115737",8558,"2026-03-06 10:53:15.159+00","40.22048670","71.73740500",NULL,"17.25",NULL,NULL,NULL,NULL,False,NULL,NULL,"0.00","2026-03-06 18:01:37.926886+00"
"115738",8558,"2026-03-06 10:53:15.159+00","40.22048670","71.73740500",NULL,"17.25",NULL,NULL,NULL,NULL,False,NULL,NULL,"0.00","2026-03-06 18:01:37.926886+00"
"115735",8558,"2026-03-06 10:53:12.159+00","40.22090000","71.73763830",NULL,"17.08",NULL,NULL,NULL,NULL,False,NULL,NULL,"52.55","2026-03-06 18:01:37.926884+00"
"115731",8558,"2026-03-06 10:53:09.159+00","40.22132830","71.73790000",NULL,"16.83",NULL,NULL,NULL,NULL,False,NULL,NULL,"54.17","2026-03-06 18:01:37.926884+00"
"115732",8558,"2026-03-06 10:53:09.159+00","40.22132830","71.73790000",NULL,"16.83",NULL,NULL,NULL,NULL,False,NULL,NULL,"0.00","2026-03-06 18:01:37.926884+00"
"115733",8558,"2026-03-06 10:53:09.159+00","40.22132830","71.73790000",NULL,"16.83",NULL,NULL,NULL,NULL,False,NULL,NULL,"0.00","2026-03-06 18:01:37.926884+00"
"115734",8558,"2026-03-06 10:53:09.159+00","40.22132830","71.73790000",NULL,"16.83",NULL,NULL,NULL,NULL,False,NULL,NULL,"0.00","2026-03-06 18:01:37.926884+00"
"115727",8558,"2026-03-06 10:53:06.16+00","40.22174830","71.73822330",NULL,"17.85",NULL,NULL,NULL,NULL,False,NULL,NULL,"49.23","2026-03-06 18:01:37.926883+00"
"115728",8558,"2026-03-06 10:53:06.16+00","40.22174830","71.73822330",NULL,"17.85",NULL,NULL,NULL,NULL,False,NULL,NULL,"0.00","2026-03-06 18:01:37.926883+00"
"115729",8558,"2026-03-06 10:53:06.16+00","40.22174830","71.73822330",NULL,"17.85",NULL,NULL,NULL,NULL,False,NULL,NULL,"0.00","2026-03-06 18:01:37.926883+00"
"115730",8558,"2026-03-06 10:53:06.16+00","40.22174830","71.73822330",NULL,"17.85",NULL,NULL,NULL,NULL,False,NULL,NULL,"0.00","2026-03-06 18:01:37.926883+00"
"115724",8558,"2026-03-06 10:53:03.169+00","40.22216000","71.73843670",NULL,"17.22",NULL,NULL,NULL,NULL,False,NULL,NULL,"50.58","2026-03-06 18:01:37.926883+00"
"115725",8558,"2026-03-06 10:53:03.169+00","40.22216000","71.73843670",NULL,"17.22",NULL,NULL,NULL,NULL,False,NULL,NULL,"0.00","2026-03-06 18:01:37.926883+00"
"115726",8558,"2026-03-06 10:53:03.169+00","40.22216000","71.73843670",NULL,"17.22",NULL,NULL,NULL,NULL,False,NULL,NULL,"0.00","2026-03-06 18:01:37.926883+00"
"115723",8558,"2026-03-06 10:53:00.168+00","40.22257170","71.73869000",NULL,"17.01",NULL,NULL,NULL,NULL,False,NULL,NULL,"56.50","2026-03-06 18:01:37.926882+00"
"115720",8558,"2026-03-06 10:52:57.172+00","40.22306670","71.73884000",NULL,"16.63",NULL,NULL,NULL,NULL,False,NULL,NULL,"51.18","2026-03-06 18:01:37.926882+00"
"115721",8558,"2026-03-06 10:52:57.172+00","40.22306670","71.73884000",NULL,"16.63",NULL,NULL,NULL,NULL,False,NULL,NULL,"0.00","2026-03-06 18:01:37.926882+00"
"115722",8558,"2026-03-06 10:52:57.172+00","40.22306670","71.73884000",NULL,"16.63",NULL,NULL,NULL,NULL,False,NULL,NULL,"0.00","2026-03-06 18:01:37.926882+00"
"115719",8558,"2026-03-06 10:52:54.171+00","40.22350000","71.73904330",NULL,"16.47",NULL,NULL,NULL,NULL,False,NULL,NULL,"47.96","2026-03-06 18:01:37.926882+00"
"115716",8558,"2026-03-06 10:52:51.171+00","40.22377670","71.73947670",NULL,"16.42",NULL,NULL,NULL,NULL,False,NULL,NULL,"50.72","2026-03-06 18:01:37.92688+00"
"115717",8558,"2026-03-06 10:52:51.171+00","40.22377670","71.73947670",NULL,"16.42",NULL,NULL,NULL,NULL,False,NULL,NULL,"0.00","2026-03-06 18:01:37.92688+00"
"115718",8558,"2026-03-06 10:52:51.171+00","40.22377670","71.73947670",NULL,"16.42",NULL,NULL,NULL,NULL,False,NULL,NULL,"0.00","2026-03-06 18:01:37.926881+00"
"115715",8558,"2026-03-06 10:52:48.168+00","40.22419330","71.73972000",NULL,"16.36",NULL,NULL,NULL,NULL,False,NULL,NULL,"49.78","2026-03-06 18:01:37.92688+00"
"115711",8558,"2026-03-06 10:52:45.167+00","40.22460000","71.73996500",NULL,"17.46",NULL,NULL,NULL,NULL,False,NULL,NULL,"54.86","2026-03-06 18:01:37.926879+00"
"115712",8558,"2026-03-06 10:52:45.167+00","40.22460000","71.73996500",NULL,"17.46",NULL,NULL,NULL,NULL,False,NULL,NULL,"0.00","2026-03-06 18:01:37.926879+00"
"115713",8558,"2026-03-06 10:52:45.167+00","40.22460000","71.73996500",NULL,"17.46",NULL,NULL,NULL,NULL,False,NULL,NULL,"0.00","2026-03-06 18:01:37.926879+00"
"115714",8558,"2026-03-06 10:52:45.167+00","40.22460000","71.73996500",NULL,"17.46",NULL,NULL,NULL,NULL,False,NULL,NULL,"0.00","2026-03-06 18:01:37.926879+00"
"115708",8558,"2026-03-06 10:52:42.167+00","40.22507830","71.74012330",NULL,"19.34",NULL,NULL,NULL,NULL,False,NULL,NULL,"58.45","2026-03-06 18:01:37.926878+00"
"115709",8558,"2026-03-06 10:52:42.167+00","40.22507830","71.74012330",NULL,"19.34",NULL,NULL,NULL,NULL,False,NULL,NULL,"0.00","2026-03-06 18:01:37.926879+00"
"115710",8558,"2026-03-06 10:52:42.167+00","40.22507830","71.74012330",NULL,"19.34",NULL,NULL,NULL,NULL,False,NULL,NULL,"0.00","2026-03-06 18:01:37.926879+00"
"115707",8558,"2026-03-06 10:52:39.172+00","40.22556500","71.74038330",NULL,"19.82",NULL,NULL,NULL,NULL,False,NULL,NULL,"57.50","2026-03-06 18:01:37.926878+00"
"115704",8558,"2026-03-06 10:52:36.166+00","40.22601000","71.74072830",NULL,"18.99",NULL,NULL,NULL,NULL,False,NULL,NULL,"55.59","2026-03-06 18:01:37.926877+00"
"115705",8558,"2026-03-06 10:52:36.166+00","40.22601000","71.74072830",NULL,"18.99",NULL,NULL,NULL,NULL,False,NULL,NULL,"0.00","2026-03-06 18:01:37.926878+00"
"115706",8558,"2026-03-06 10:52:36.166+00","40.22601000","71.74072830",NULL,"18.99",NULL,NULL,NULL,NULL,False,NULL,NULL,"0.00","2026-03-06 18:01:37.926878+00"
"115703",8558,"2026-03-06 10:52:33.169+00","40.22645170","71.74103500",NULL,"19.32",NULL,NULL,NULL,NULL,False,NULL,NULL,"80.69","2026-03-06 18:01:37.926877+00"
"115701",8558,"2026-03-06 10:52:29.165+00","40.22711000","71.74143500",NULL,"18.75",NULL,NULL,NULL,NULL,False,NULL,NULL,"0.00","2026-03-06 18:01:37.926876+00"
"115702",8558,"2026-03-06 10:52:29.165+00","40.22711000","71.74143500",NULL,"18.75",NULL,NULL,NULL,NULL,False,NULL,NULL,"0.00","2026-03-06 18:01:37.926876+00"
"115700",8558,"2026-03-06 10:52:29.165+00","40.22711000","71.74143500",NULL,"18.75",NULL,NULL,NULL,NULL,False,NULL,NULL,"63.14","2026-03-06 18:01:37.656814+00"
"115699",8558,"2026-03-06 10:52:26.173+00","40.22762670","71.74174330",NULL,"17.94",NULL,NULL,NULL,NULL,False,NULL,NULL,"51.60","2026-03-06 18:01:37.656814+00"
"115695",8558,"2026-03-06 10:52:23.169+00","40.22808330","71.74185170",NULL,"17.67",NULL,NULL,NULL,NULL,False,NULL,NULL,"56.78","2026-03-06 18:01:37.656813+00"
"115696",8558,"2026-03-06 10:52:23.169+00","40.22808330","71.74185170",NULL,"17.67",NULL,NULL,NULL,NULL,False,NULL,NULL,"0.00","2026-03-06 18:01:37.656813+00"
"115697",8558,"2026-03-06 10:52:23.169+00","40.22808330","71.74185170",NULL,"17.67",NULL,NULL,NULL,NULL,False,NULL,NULL,"0.00","2026-03-06 18:01:37.656813+00"
"115698",8558,"2026-03-06 10:52:23.169+00","40.22808330","71.74185170",NULL,"17.67",NULL,NULL,NULL,NULL,False,NULL,NULL,"0.00","2026-03-06 18:01:37.656814+00"
"115694",8558,"2026-03-06 10:52:20.172+00","40.22856330","71.74208000",NULL,"17.14",NULL,NULL,NULL,NULL,False,NULL,NULL,"48.86","2026-03-06 18:01:37.656813+00"
"115691",8558,"2026-03-06 10:52:17.171+00","40.22893830","71.74238000",NULL,"16.69",NULL,NULL,NULL,NULL,False,NULL,NULL,"50.31","2026-03-06 18:01:37.656813+00"
"115692",8558,"2026-03-06 10:52:17.171+00","40.22893830","71.74238000",NULL,"16.69",NULL,NULL,NULL,NULL,False,NULL,NULL,"0.00","2026-03-06 18:01:37.656813+00"
"115693",8558,"2026-03-06 10:52:17.171+00","40.22893830","71.74238000",NULL,"16.69",NULL,NULL,NULL,NULL,False,NULL,NULL,"0.00","2026-03-06 18:01:37.656813+00"
"115690",8558,"2026-03-06 10:52:14.17+00","40.22934170","71.74264830",NULL,"15.99",NULL,NULL,NULL,NULL,False,NULL,NULL,"54.73","2026-03-06 18:01:37.656812+00"
"115687",8558,"2026-03-06 10:52:10.17+00","40.22975000","71.74300830",NULL,"15.11",NULL,NULL,NULL,NULL,False,NULL,NULL,"45.07","2026-03-06 18:01:37.656811+00"
"115688",8558,"2026-03-06 10:52:10.17+00","40.22975000","71.74300830",NULL,"15.11",NULL,NULL,NULL,NULL,False,NULL,NULL,"0.00","2026-03-06 18:01:37.656811+00"
"115689",8558,"2026-03-06 10:52:10.17+00","40.22975000","71.74300830",NULL,"15.11",NULL,NULL,NULL,NULL,False,NULL,NULL,"0.00","2026-03-06 18:01:37.656811+00"
"115686",8558,"2026-03-06 10:52:07.17+00","40.23012000","71.74322500",NULL,"14.51",NULL,NULL,NULL,NULL,False,NULL,NULL,"51.83","2026-03-06 18:01:37.656811+00"
"115682",8558,"2026-03-06 10:52:04.167+00","40.23054170","71.74348500",NULL,"14.12",NULL,NULL,NULL,NULL,False,NULL,NULL,"41.05","2026-03-06 18:01:37.65681+00"
"115683",8558,"2026-03-06 10:52:04.167+00","40.23054170","71.74348500",NULL,"14.12",NULL,NULL,NULL,NULL,False,NULL,NULL,"0.00","2026-03-06 18:01:37.65681+00"
"115684",8558,"2026-03-06 10:52:04.167+00","40.23054170","71.74348500",NULL,"14.12",NULL,NULL,NULL,NULL,False,NULL,NULL,"0.00","2026-03-06 18:01:37.656811+00"
"115685",8558,"2026-03-06 10:52:04.167+00","40.23054170","71.74348500",NULL,"14.12",NULL,NULL,NULL,NULL,False,NULL,NULL,"0.00","2026-03-06 18:01:37.656811+00"
"115681",8558,"2026-03-06 10:52:01.169+00","40.23087170","71.74370170",NULL,"12.19",NULL,NULL,NULL,NULL,False,NULL,NULL,"42.15","2026-03-06 18:01:37.65681+00"
"115677",8558,"2026-03-06 10:51:58.171+00","40.23122500","71.74388170",NULL,"10.54",NULL,NULL,NULL,NULL,False,NULL,NULL,"25.82","2026-03-06 18:01:37.656809+00"
"115678",8558,"2026-03-06 10:51:58.171+00","40.23122500","71.74388170",NULL,"10.54",NULL,NULL,NULL,NULL,False,NULL,NULL,"0.00","2026-03-06 18:01:37.65681+00"
"115679",8558,"2026-03-06 10:51:58.171+00","40.23122500","71.74388170",NULL,"10.54",NULL,NULL,NULL,NULL,False,NULL,NULL,"0.00","2026-03-06 18:01:37.65681+00"
"115680",8558,"2026-03-06 10:51:58.171+00","40.23122500","71.74388170",NULL,"10.54",NULL,NULL,NULL,NULL,False,NULL,NULL,"0.00","2026-03-06 18:01:37.65681+00"
"115676",8558,"2026-03-06 10:51:56.17+00","40.23143670","71.74400670",NULL,"7.15",NULL,NULL,NULL,NULL,False,NULL,NULL,"29.16","2026-03-06 18:01:37.656809+00"
"115672",8558,"2026-03-06 10:51:51.171+00","40.23167670","71.74414500",NULL,"5.62",NULL,NULL,NULL,NULL,False,NULL,NULL,"35.06","2026-03-06 18:01:37.656809+00"
"115673",8558,"2026-03-06 10:51:51.171+00","40.23167670","71.74414500",NULL,"5.62",NULL,NULL,NULL,NULL,False,NULL,NULL,"0.00","2026-03-06 18:01:37.656809+00"
"115674",8558,"2026-03-06 10:51:51.171+00","40.23167670","71.74414500",NULL,"5.62",NULL,NULL,NULL,NULL,False,NULL,NULL,"0.00","2026-03-06 18:01:37.656809+00"
"115675",8558,"2026-03-06 10:51:51.171+00","40.23167670","71.74414500",NULL,"5.62",NULL,NULL,NULL,NULL,False,NULL,NULL,"0.00","2026-03-06 18:01:37.656809+00"
"115668",8558,"2026-03-06 10:51:39.171+00","40.23195670","71.74433500",NULL,"8.31",NULL,NULL,NULL,NULL,False,NULL,NULL,"47.33","2026-03-06 18:01:37.656807+00"
"115669",8558,"2026-03-06 10:51:39.171+00","40.23195670","71.74433500",NULL,"8.31",NULL,NULL,NULL,NULL,False,NULL,NULL,"0.00","2026-03-06 18:01:37.656807+00"
"115670",8558,"2026-03-06 10:51:39.171+00","40.23195670","71.74433500",NULL,"8.31",NULL,NULL,NULL,NULL,False,NULL,NULL,"0.00","2026-03-06 18:01:37.656807+00"
"115671",8558,"2026-03-06 10:51:39.171+00","40.23195670","71.74433500",NULL,"8.31",NULL,NULL,NULL,NULL,False,NULL,NULL,"0.00","2026-03-06 18:01:37.656807+00"
"115667",8558,"2026-03-06 10:51:34.933+00","40.23236330","71.74450000",NULL,"14.25",NULL,NULL,NULL,NULL,False,NULL,NULL,"61.75","2026-03-06 18:01:37.656806+00"
"115663",8558,"2026-03-06 10:51:31.167+00","40.23288000","71.74476670",NULL,"16.94",NULL,NULL,NULL,NULL,False,NULL,NULL,"61.84","2026-03-06 18:01:37.656806+00"
"115664",8558,"2026-03-06 10:51:31.167+00","40.23288000","71.74476670",NULL,"16.94",NULL,NULL,NULL,NULL,False,NULL,NULL,"0.00","2026-03-06 18:01:37.656806+00"
"115665",8558,"2026-03-06 10:51:31.167+00","40.23288000","71.74476670",NULL,"16.94",NULL,NULL,NULL,NULL,False,NULL,NULL,"0.00","2026-03-06 18:01:37.656806+00"
"115666",8558,"2026-03-06 10:51:31.167+00","40.23288000","71.74476670",NULL,"16.94",NULL,NULL,NULL,NULL,False,NULL,NULL,"0.00","2026-03-06 18:01:37.656806+00"
"115659",8558,"2026-03-06 10:51:28.166+00","40.23335830","71.74513830",NULL,"17.95",NULL,NULL,NULL,NULL,False,NULL,NULL,"58.89","2026-03-06 18:01:37.656805+00"
"115660",8558,"2026-03-06 10:51:28.166+00","40.23335830","71.74513830",NULL,"17.95",NULL,NULL,NULL,NULL,False,NULL,NULL,"0.00","2026-03-06 18:01:37.656805+00"
"115661",8558,"2026-03-06 10:51:28.166+00","40.23335830","71.74513830",NULL,"17.95",NULL,NULL,NULL,NULL,False,NULL,NULL,"0.00","2026-03-06 18:01:37.656805+00"
"115662",8558,"2026-03-06 10:51:28.166+00","40.23335830","71.74513830",NULL,"17.95",NULL,NULL,NULL,NULL,False,NULL,NULL,"0.00","2026-03-06 18:01:37.656805+00"
"115655",8558,"2026-03-06 10:51:24.171+00","40.23385330","71.74538500",NULL,"17.29",NULL,NULL,NULL,NULL,False,NULL,NULL,"50.11","2026-03-06 18:01:37.656804+00"
"115656",8558,"2026-03-06 10:51:24.171+00","40.23385330","71.74538500",NULL,"17.29",NULL,NULL,NULL,NULL,False,NULL,NULL,"0.00","2026-03-06 18:01:37.656804+00"
"115657",8558,"2026-03-06 10:51:24.171+00","40.23385330","71.74538500",NULL,"17.29",NULL,NULL,NULL,NULL,False,NULL,NULL,"0.00","2026-03-06 18:01:37.656805+00"
"115658",8558,"2026-03-06 10:51:24.171+00","40.23385330","71.74538500",NULL,"17.29",NULL,NULL,NULL,NULL,False,NULL,NULL,"0.00","2026-03-06 18:01:37.656805+00"
"115652",8558,"2026-03-06 10:51:21.166+00","40.23428330","71.74556170",NULL,"18.17",NULL,NULL,NULL,NULL,False,NULL,NULL,"56.24","2026-03-06 18:01:37.656801+00"
"115653",8558,"2026-03-06 10:51:21.166+00","40.23428330","71.74556170",NULL,"18.17",NULL,NULL,NULL,NULL,False,NULL,NULL,"0.00","2026-03-06 18:01:37.656801+00"
"115654",8558,"2026-03-06 10:51:21.166+00","40.23428330","71.74556170",NULL,"18.17",NULL,NULL,NULL,NULL,False,NULL,NULL,"0.00","2026-03-06 18:01:37.656804+00"
"115651",8558,"2026-03-06 10:51:18.168+00","40.23477500","71.74571670",NULL,"18.78",NULL,NULL,NULL,NULL,False,NULL,NULL,"53.77","2026-03-06 18:01:37.6568+00"
"115648",8558,"2026-03-06 10:51:15.17+00","40.23523670","71.74590500",NULL,"19.61",NULL,NULL,NULL,NULL,False,NULL,NULL,"59.98","2026-03-06 18:01:36.794822+00"
"115649",8558,"2026-03-06 10:51:15.17+00","40.23523670","71.74590500",NULL,"19.61",NULL,NULL,NULL,NULL,False,NULL,NULL,"0.00","2026-03-06 18:01:36.794822+00"
"115650",8558,"2026-03-06 10:51:15.17+00","40.23523670","71.74590500",NULL,"19.61",NULL,NULL,NULL,NULL,False,NULL,NULL,"0.00","2026-03-06 18:01:36.794823+00"
"115647",8558,"2026-03-06 10:51:12.168+00","40.23576330","71.74605830",NULL,"20.53",NULL,NULL,NULL,NULL,False,NULL,NULL,"62.93","2026-03-06 18:01:36.794821+00"
"115644",8558,"2026-03-06 10:51:09.168+00","40.23631000","71.74625000",NULL,"20.93",NULL,NULL,NULL,NULL,False,NULL,NULL,"55.97","2026-03-06 18:01:36.794821+00"
"115645",8558,"2026-03-06 10:51:09.168+00","40.23631000","71.74625000",NULL,"20.93",NULL,NULL,NULL,NULL,False,NULL,NULL,"0.00","2026-03-06 18:01:36.794821+00"
"115646",8558,"2026-03-06 10:51:09.168+00","40.23631000","71.74625000",NULL,"20.93",NULL,NULL,NULL,NULL,False,NULL,NULL,"0.00","2026-03-06 18:01:36.794821+00"
"115643",8558,"2026-03-06 10:51:06.17+00","40.23679670","71.74641830",NULL,"20.39",NULL,NULL,NULL,NULL,False,NULL,NULL,"56.77","2026-03-06 18:01:36.794821+00"
"115640",8558,"2026-03-06 10:51:04.169+00","40.23729670","71.74655330",NULL,"21.10",NULL,NULL,NULL,NULL,False,NULL,NULL,"69.14","2026-03-06 18:01:36.79482+00"
"115641",8558,"2026-03-06 10:51:04.169+00","40.23729670","71.74655330",NULL,"21.10",NULL,NULL,NULL,NULL,False,NULL,NULL,"0.00","2026-03-06 18:01:36.794821+00"
"115642",8558,"2026-03-06 10:51:04.169+00","40.23729670","71.74655330",NULL,"21.10",NULL,NULL,NULL,NULL,False,NULL,NULL,"0.00","2026-03-06 18:01:36.794821+00"
"115639",8558,"2026-03-06 10:51:00.921+00","40.23789500","71.74677500",NULL,"21.16",NULL,NULL,NULL,NULL,False,NULL,NULL,"104.36","2026-03-06 18:01:36.79482+00"
"115636",8558,"2026-03-06 10:50:56.16+00","40.23882500","71.74694000",NULL,"21.24",NULL,NULL,NULL,NULL,False,NULL,NULL,"69.77","2026-03-06 18:01:36.79482+00"
"115637",8558,"2026-03-06 10:50:56.16+00","40.23882500","71.74694000",NULL,"21.24",NULL,NULL,NULL,NULL,False,NULL,NULL,"0.00","2026-03-06 18:01:36.79482+00"
"115638",8558,"2026-03-06 10:50:56.16+00","40.23882500","71.74694000",NULL,"21.24",NULL,NULL,NULL,NULL,False,NULL,NULL,"0.00","2026-03-06 18:01:36.79482+00"
"115635",8558,"2026-03-06 10:50:52.93+00","40.23944500","71.74706670",NULL,"21.53",NULL,NULL,NULL,NULL,False,NULL,NULL,"52.83","2026-03-06 18:01:36.794819+00"
"115632",8558,"2026-03-06 10:50:50.157+00","40.23986670","71.74735330",NULL,"21.17",NULL,NULL,NULL,NULL,False,NULL,NULL,"68.24","2026-03-06 18:01:36.794819+00"
"115633",8558,"2026-03-06 10:50:50.157+00","40.23986670","71.74735330",NULL,"21.17",NULL,NULL,NULL,NULL,False,NULL,NULL,"0.00","2026-03-06 18:01:36.794819+00"
"115634",8558,"2026-03-06 10:50:50.157+00","40.23986670","71.74735330",NULL,"21.17",NULL,NULL,NULL,NULL,False,NULL,NULL,"0.00","2026-03-06 18:01:36.794819+00"
"115631",8558,"2026-03-06 10:50:46.897+00","40.24046170","71.74755000",NULL,"21.41",NULL,NULL,NULL,NULL,False,NULL,NULL,"58.21","2026-03-06 18:01:36.794818+00"
"115628",8558,"2026-03-06 10:50:44.158+00","40.24096170","71.74775330",NULL,"21.85",NULL,NULL,NULL,NULL,False,NULL,NULL,"50.19","2026-03-06 18:01:36.794817+00"
"115629",8558,"2026-03-06 10:50:44.158+00","40.24096170","71.74775330",NULL,"21.85",NULL,NULL,NULL,NULL,False,NULL,NULL,"0.00","2026-03-06 18:01:36.794817+00"
"115630",8558,"2026-03-06 10:50:44.158+00","40.24096170","71.74775330",NULL,"21.85",NULL,NULL,NULL,NULL,False,NULL,NULL,"0.00","2026-03-06 18:01:36.794818+00"
"115627",8558,"2026-03-06 10:50:41.935+00","40.24140170","71.74788500",NULL,"21.90",NULL,NULL,NULL,NULL,False,NULL,NULL,"99.36","2026-03-06 18:01:36.794817+00"
"115624",8558,"2026-03-06 10:50:37.158+00","40.24225670","71.74822500",NULL,"21.42",NULL,NULL,NULL,NULL,False,NULL,NULL,"88.25","2026-03-06 18:01:36.794817+00"
"115625",8558,"2026-03-06 10:50:37.158+00","40.24225670","71.74822500",NULL,"21.42",NULL,NULL,NULL,NULL,False,NULL,NULL,"0.00","2026-03-06 18:01:36.794817+00"
"115626",8558,"2026-03-06 10:50:37.158+00","40.24225670","71.74822500",NULL,"21.42",NULL,NULL,NULL,NULL,False,NULL,NULL,"0.00","2026-03-06 18:01:36.794817+00"
"115621",8558,"2026-03-06 10:50:33.158+00","40.24303670","71.74841670",NULL,"21.34",NULL,NULL,NULL,NULL,False,NULL,NULL,"64.02","2026-03-06 18:01:36.794816+00"
"115622",8558,"2026-03-06 10:50:33.158+00","40.24303670","71.74841670",NULL,"21.34",NULL,NULL,NULL,NULL,False,NULL,NULL,"0.00","2026-03-06 18:01:36.794816+00"
"115623",8558,"2026-03-06 10:50:33.158+00","40.24303670","71.74841670",NULL,"21.34",NULL,NULL,NULL,NULL,False,NULL,NULL,"0.00","2026-03-06 18:01:36.794817+00"
"115620",8558,"2026-03-06 10:50:30.158+00","40.24359670","71.74859170",NULL,"21.45",NULL,NULL,NULL,NULL,False,NULL,NULL,"66.97","2026-03-06 18:01:36.794816+00"
"115617",8558,"2026-03-06 10:50:27.156+00","40.24417830","71.74879670",NULL,"21.36",NULL,NULL,NULL,NULL,False,NULL,NULL,"63.49","2026-03-06 18:01:36.794816+00"
"115618",8558,"2026-03-06 10:50:27.156+00","40.24417830","71.74879670",NULL,"21.36",NULL,NULL,NULL,NULL,False,NULL,NULL,"0.00","2026-03-06 18:01:36.794816+00"
"115619",8558,"2026-03-06 10:50:27.156+00","40.24417830","71.74879670",NULL,"21.36",NULL,NULL,NULL,NULL,False,NULL,NULL,"0.00","2026-03-06 18:01:36.794816+00"
"115616",8558,"2026-03-06 10:50:24.157+00","40.24472000","71.74903330",NULL,"20.90",NULL,NULL,NULL,NULL,False,NULL,NULL,"57.34","2026-03-06 18:01:36.794815+00"
"115613",8558,"2026-03-06 10:50:21.158+00","40.24523000","71.74913330",NULL,"21.11",NULL,NULL,NULL,NULL,False,NULL,NULL,"110.18","2026-03-06 18:01:36.794813+00"
"115614",8558,"2026-03-06 10:50:21.158+00","40.24523000","71.74913330",NULL,"21.11",NULL,NULL,NULL,NULL,False,NULL,NULL,"0.00","2026-03-06 18:01:36.794815+00"
"115615",8558,"2026-03-06 10:50:21.158+00","40.24523000","71.74913330",NULL,"21.11",NULL,NULL,NULL,NULL,False,NULL,NULL,"0.00","2026-03-06 18:01:36.794815+00"
"115610",8558,"2026-03-06 10:50:16.157+00","40.24619000","71.74945500",NULL,"20.72",NULL,NULL,NULL,NULL,False,NULL,NULL,"61.75","2026-03-06 18:01:36.794812+00"
"115611",8558,"2026-03-06 10:50:16.157+00","40.24619000","71.74945500",NULL,"20.72",NULL,NULL,NULL,NULL,False,NULL,NULL,"0.00","2026-03-06 18:01:36.794813+00"
"115612",8558,"2026-03-06 10:50:16.157+00","40.24619000","71.74945500",NULL,"20.72",NULL,NULL,NULL,NULL,False,NULL,NULL,"0.00","2026-03-06 18:01:36.794813+00"
"115609",8558,"2026-03-06 10:50:13.166+00","40.24673000","71.74962500",NULL,"20.50",NULL,NULL,NULL,NULL,False,NULL,NULL,"61.04","2026-03-06 18:01:36.794812+00"
"115606",8558,"2026-03-06 10:50:10.167+00","40.24727170","71.74974170",NULL,"20.40",NULL,NULL,NULL,NULL,False,NULL,NULL,"65.70","2026-03-06 18:01:36.794812+00"
"115607",8558,"2026-03-06 10:50:10.167+00","40.24727170","71.74974170",NULL,"20.40",NULL,NULL,NULL,NULL,False,NULL,NULL,"0.00","2026-03-06 18:01:36.794812+00"
"115608",8558,"2026-03-06 10:50:10.167+00","40.24727170","71.74974170",NULL,"20.40",NULL,NULL,NULL,NULL,False,NULL,NULL,"0.00","2026-03-06 18:01:36.794812+00"
"115605",8558,"2026-03-06 10:50:07.168+00","40.24784670","71.74992000",NULL,"17.70",NULL,NULL,NULL,NULL,False,NULL,NULL,"63.91","2026-03-06 18:01:36.794811+00"
"115602",8558,"2026-03-06 10:50:04.169+00","40.24841330","71.75004670",NULL,"20.94",NULL,NULL,NULL,NULL,False,NULL,NULL,"62.90","2026-03-06 18:01:36.79481+00"
"115603",8558,"2026-03-06 10:50:04.169+00","40.24841330","71.75004670",NULL,"20.94",NULL,NULL,NULL,NULL,False,NULL,NULL,"0.00","2026-03-06 18:01:36.794811+00"
"115604",8558,"2026-03-06 10:50:04.169+00","40.24841330","71.75004670",NULL,"20.94",NULL,NULL,NULL,NULL,False,NULL,NULL,"0.00","2026-03-06 18:01:36.794811+00"
"115601",8558,"2026-03-06 10:50:01.158+00","40.24895500","71.75026000",NULL,"20.80",NULL,NULL,NULL,NULL,False,NULL,NULL,"56.02","2026-03-06 18:01:36.79481+00"
"115598",8558,"2026-03-06 10:49:58.159+00","40.24945830","71.75023000",NULL,"20.79",NULL,NULL,NULL,NULL,False,NULL,NULL,"61.51","2026-03-06 18:01:35.862816+00"
"115599",8558,"2026-03-06 10:49:58.159+00","40.24945830","71.75023000",NULL,"20.79",NULL,NULL,NULL,NULL,False,NULL,NULL,"0.00","2026-03-06 18:01:35.862816+00"
"115600",8558,"2026-03-06 10:49:58.159+00","40.24945830","71.75023000",NULL,"20.79",NULL,NULL,NULL,NULL,False,NULL,NULL,"0.00","2026-03-06 18:01:35.862816+00"
"115597",8558,"2026-03-06 10:49:54.892+00","40.25000000","71.75037670",NULL,"21.15",NULL,NULL,NULL,NULL,False,NULL,NULL,"112.66","2026-03-06 18:01:35.862815+00"
"115594",8558,"2026-03-06 10:49:50.158+00","40.25093170","71.75089830",NULL,"20.72",NULL,NULL,NULL,NULL,False,NULL,NULL,"65.99","2026-03-06 18:01:35.862815+00"
"115595",8558,"2026-03-06 10:49:50.158+00","40.25093170","71.75089830",NULL,"20.72",NULL,NULL,NULL,NULL,False,NULL,NULL,"0.00","2026-03-06 18:01:35.862815+00"
"115596",8558,"2026-03-06 10:49:50.158+00","40.25093170","71.75089830",NULL,"20.72",NULL,NULL,NULL,NULL,False,NULL,NULL,"0.00","2026-03-06 18:01:35.862815+00"
"115593",8558,"2026-03-06 10:49:47.192+00","40.25151500","71.75104170",NULL,"20.28",NULL,NULL,NULL,NULL,False,NULL,NULL,"59.77","2026-03-06 18:01:35.862814+00"
"115590",8558,"2026-03-06 10:49:44.16+00","40.25202170","71.75127670",NULL,"18.84",NULL,NULL,NULL,NULL,False,NULL,NULL,"59.97","2026-03-06 18:01:35.862812+00"
"115591",8558,"2026-03-06 10:49:44.16+00","40.25202170","71.75127670",NULL,"18.84",NULL,NULL,NULL,NULL,False,NULL,NULL,"0.00","2026-03-06 18:01:35.862812+00"
"115592",8558,"2026-03-06 10:49:44.16+00","40.25202170","71.75127670",NULL,"18.84",NULL,NULL,NULL,NULL,False,NULL,NULL,"0.00","2026-03-06 18:01:35.862812+00"
"115589",8558,"2026-03-06 10:49:41.171+00","40.25255500","71.75138170",NULL,"19.72",NULL,NULL,NULL,NULL,False,NULL,NULL,"59.58","2026-03-06 18:01:35.862811+00"
"115586",8558,"2026-03-06 10:49:38.163+00","40.25308500","71.75148500",NULL,"19.38",NULL,NULL,NULL,NULL,False,NULL,NULL,"58.10","2026-03-06 18:01:35.862811+00"
"115587",8558,"2026-03-06 10:49:38.163+00","40.25308500","71.75148500",NULL,"19.38",NULL,NULL,NULL,NULL,False,NULL,NULL,"0.00","2026-03-06 18:01:35.862811+00"
"115588",8558,"2026-03-06 10:49:38.163+00","40.25308500","71.75148500",NULL,"19.38",NULL,NULL,NULL,NULL,False,NULL,NULL,"0.00","2026-03-06 18:01:35.862811+00"
"115585",8558,"2026-03-06 10:49:35.17+00","40.25360500","71.75155170",NULL,"19.31",NULL,NULL,NULL,NULL,False,NULL,NULL,"60.53","2026-03-06 18:01:35.86281+00"
"115582",8558,"2026-03-06 10:49:32.162+00","40.25414830","71.75159670",NULL,"19.41",NULL,NULL,NULL,NULL,False,NULL,NULL,"62.30","2026-03-06 18:01:35.86281+00"
"115583",8558,"2026-03-06 10:49:32.162+00","40.25414830","71.75159670",NULL,"19.41",NULL,NULL,NULL,NULL,False,NULL,NULL,"0.00","2026-03-06 18:01:35.86281+00"
"115584",8558,"2026-03-06 10:49:32.162+00","40.25414830","71.75159670",NULL,"19.41",NULL,NULL,NULL,NULL,False,NULL,NULL,"0.00","2026-03-06 18:01:35.86281+00"
"115581",8558,"2026-03-06 10:49:29.17+00","40.25470670","71.75165670",NULL,"19.08",NULL,NULL,NULL,NULL,False,NULL,NULL,"62.73","2026-03-06 18:01:35.862809+00"
"115578",8558,"2026-03-06 10:49:25.158+00","40.25525830","71.75181170",NULL,"18.64",NULL,NULL,NULL,NULL,False,NULL,NULL,"55.09","2026-03-06 18:01:35.862809+00"
"115579",8558,"2026-03-06 10:49:25.158+00","40.25525830","71.75181170",NULL,"18.64",NULL,NULL,NULL,NULL,False,NULL,NULL,"0.00","2026-03-06 18:01:35.862809+00"
"115580",8558,"2026-03-06 10:49:25.158+00","40.25525830","71.75181170",NULL,"18.64",NULL,NULL,NULL,NULL,False,NULL,NULL,"0.00","2026-03-06 18:01:35.862809+00"
"115577",8558,"2026-03-06 10:49:22.157+00","40.25574000","71.75196330",NULL,"18.83",NULL,NULL,NULL,NULL,False,NULL,NULL,"50.91","2026-03-06 18:01:35.862808+00"
"115574",8558,"2026-03-06 10:49:19.159+00","40.25618460","71.75210650",NULL,"18.34",NULL,NULL,NULL,NULL,False,NULL,NULL,"54.42","2026-03-06 18:01:35.862807+00"
"115575",8558,"2026-03-06 10:49:19.159+00","40.25618460","71.75210650",NULL,"18.34",NULL,NULL,NULL,NULL,False,NULL,NULL,"0.00","2026-03-06 18:01:35.862808+00"
"115576",8558,"2026-03-06 10:49:19.159+00","40.25618460","71.75210650",NULL,"18.34",NULL,NULL,NULL,NULL,False,NULL,NULL,"0.00","2026-03-06 18:01:35.862808+00"
"115573",8558,"2026-03-06 10:49:16.157+00","40.25666470","71.75223070",NULL,"18.36",NULL,NULL,NULL,NULL,False,NULL,NULL,"69.29","2026-03-06 18:01:35.862806+00"
"115570",8558,"2026-03-06 10:49:13.157+00","40.25728670","71.75228000",NULL,"18.08",NULL,NULL,NULL,NULL,False,NULL,NULL,"54.39","2026-03-06 18:01:35.862806+00"
"115571",8558,"2026-03-06 10:49:13.157+00","40.25728670","71.75228000",NULL,"18.08",NULL,NULL,NULL,NULL,False,NULL,NULL,"0.00","2026-03-06 18:01:35.862806+00"
"115572",8558,"2026-03-06 10:49:13.157+00","40.25728670","71.75228000",NULL,"18.08",NULL,NULL,NULL,NULL,False,NULL,NULL,"0.00","2026-03-06 18:01:35.862806+00"
"115569",8558,"2026-03-06 10:49:10.156+00","40.25776670","71.75240330",NULL,"17.30",NULL,NULL,NULL,NULL,False,NULL,NULL,"48.39","2026-03-06 18:01:35.862805+00"
"115566",8558,"2026-03-06 10:49:07.159+00","40.25815330","71.75266500",NULL,"17.36",NULL,NULL,NULL,NULL,False,NULL,NULL,"49.74","2026-03-06 18:01:35.862804+00"
"115567",8558,"2026-03-06 10:49:07.159+00","40.25815330","71.75266500",NULL,"17.36",NULL,NULL,NULL,NULL,False,NULL,NULL,"0.00","2026-03-06 18:01:35.862805+00"
"115568",8558,"2026-03-06 10:49:07.159+00","40.25815330","71.75266500",NULL,"17.36",NULL,NULL,NULL,NULL,False,NULL,NULL,"0.00","2026-03-06 18:01:35.862805+00"
"115565",8558,"2026-03-06 10:49:04.16+00","40.25858670","71.75281000",NULL,"17.49",NULL,NULL,NULL,NULL,False,NULL,NULL,"56.38","2026-03-06 18:01:35.862804+00"
"115562",8558,"2026-03-06 10:49:01.159+00","40.25908670","71.75292000",NULL,"17.05",NULL,NULL,NULL,NULL,False,NULL,NULL,"48.30","2026-03-06 18:01:35.862803+00"
"115563",8558,"2026-03-06 10:49:01.159+00","40.25908670","71.75292000",NULL,"17.05",NULL,NULL,NULL,NULL,False,NULL,NULL,"0.00","2026-03-06 18:01:35.862804+00"
"115564",8558,"2026-03-06 10:49:01.159+00","40.25908670","71.75292000",NULL,"17.05",NULL,NULL,NULL,NULL,False,NULL,NULL,"0.00","2026-03-06 18:01:35.862804+00"
"115561",8558,"2026-03-06 10:48:58.158+00","40.25950500","71.75307330",NULL,"16.28",NULL,NULL,NULL,NULL,False,NULL,NULL,"52.65","2026-03-06 18:01:35.862803+00"
"115558",8558,"2026-03-06 10:48:55.17+00","40.25997170","71.75317830",NULL,"15.73",NULL,NULL,NULL,NULL,False,NULL,NULL,"46.73","2026-03-06 18:01:35.862802+00"
"115559",8558,"2026-03-06 10:48:55.17+00","40.25997170","71.75317830",NULL,"15.73",NULL,NULL,NULL,NULL,False,NULL,NULL,"0.00","2026-03-06 18:01:35.862802+00"
"115560",8558,"2026-03-06 10:48:55.17+00","40.25997170","71.75317830",NULL,"15.73",NULL,NULL,NULL,NULL,False,NULL,NULL,"0.00","2026-03-06 18:01:35.862803+00"
"115557",8558,"2026-03-06 10:48:52.168+00","40.26038500","71.75327830",NULL,"14.72",NULL,NULL,NULL,NULL,False,NULL,NULL,"62.79","2026-03-06 18:01:35.862798+00"
"115553",8558,"2026-03-06 10:48:48.168+00","40.26092330","71.75350170",NULL,"13.46",NULL,NULL,NULL,NULL,False,NULL,NULL,"39.88","2026-03-06 18:01:35.862797+00"
"115554",8558,"2026-03-06 10:48:48.168+00","40.26092330","71.75350170",NULL,"13.46",NULL,NULL,NULL,NULL,False,NULL,NULL,"0.00","2026-03-06 18:01:35.862797+00"
"115555",8558,"2026-03-06 10:48:48.168+00","40.26092330","71.75350170",NULL,"13.46",NULL,NULL,NULL,NULL,False,NULL,NULL,"0.00","2026-03-06 18:01:35.862797+00"
"115556",8558,"2026-03-06 10:48:48.168+00","40.26092330","71.75350170",NULL,"13.46",NULL,NULL,NULL,NULL,False,NULL,NULL,"0.00","2026-03-06 18:01:35.862798+00"
"115552",8558,"2026-03-06 10:48:45.169+00","40.26127670","71.75358170",NULL,"11.05",NULL,NULL,NULL,NULL,False,NULL,NULL,"34.39","2026-03-06 18:01:35.862797+00"
"115548",8558,"2026-03-06 10:48:41.168+00","40.26157170","71.75370330",NULL,"10.23",NULL,NULL,NULL,NULL,False,NULL,NULL,"46.29","2026-03-06 18:01:34.948982+00"
"115549",8558,"2026-03-06 10:48:41.168+00","40.26157170","71.75370330",NULL,"10.23",NULL,NULL,NULL,NULL,False,NULL,NULL,"0.00","2026-03-06 18:01:34.948982+00"
"115550",8558,"2026-03-06 10:48:41.168+00","40.26157170","71.75370330",NULL,"10.23",NULL,NULL,NULL,NULL,False,NULL,NULL,"0.00","2026-03-06 18:01:34.948983+00"
"115551",8558,"2026-03-06 10:48:41.168+00","40.26157170","71.75370330",NULL,"10.23",NULL,NULL,NULL,NULL,False,NULL,NULL,"0.00","2026-03-06 18:01:35.862795+00"
"115547",8558,"2026-03-06 10:48:37.171+00","40.26198000","71.75381000",NULL,"14.91",NULL,NULL,NULL,NULL,False,NULL,NULL,"46.97","2026-03-06 18:01:34.948981+00"
"115544",8558,"2026-03-06 10:48:34.166+00","40.26239000","71.75394330",NULL,"16.36",NULL,NULL,NULL,NULL,False,NULL,NULL,"48.98","2026-03-06 18:01:34.948979+00"
"115545",8558,"2026-03-06 10:48:34.166+00","40.26239000","71.75394330",NULL,"16.36",NULL,NULL,NULL,NULL,False,NULL,NULL,"0.00","2026-03-06 18:01:34.94898+00"
"115546",8558,"2026-03-06 10:48:34.166+00","40.26239000","71.75394330",NULL,"16.36",NULL,NULL,NULL,NULL,False,NULL,NULL,"0.00","2026-03-06 18:01:34.94898+00"
"115543",8558,"2026-03-06 10:48:31.16+00","40.26281830","71.75407830",NULL,"15.28",NULL,NULL,NULL,NULL,False,NULL,NULL,"42.67","2026-03-06 18:01:34.948978+00"
"115540",8558,"2026-03-06 10:48:28.16+00","40.26319670","71.75416170",NULL,"14.34",NULL,NULL,NULL,NULL,False,NULL,NULL,"41.73","2026-03-06 18:01:34.948977+00"
"115541",8558,"2026-03-06 10:48:28.16+00","40.26319670","71.75416170",NULL,"14.34",NULL,NULL,NULL,NULL,False,NULL,NULL,"0.00","2026-03-06 18:01:34.948977+00"
"115542",8558,"2026-03-06 10:48:28.16+00","40.26319670","71.75416170",NULL,"14.34",NULL,NULL,NULL,NULL,False,NULL,NULL,"0.00","2026-03-06 18:01:34.948978+00"
"115539",8558,"2026-03-06 10:48:25.16+00","40.26356000","71.75428500",NULL,"13.97",NULL,NULL,NULL,NULL,False,NULL,NULL,"44.04","2026-03-06 18:01:34.948976+00"
"115536",8558,"2026-03-06 10:48:22.167+00","40.26394170","71.75442330",NULL,"13.26",NULL,NULL,NULL,NULL,False,NULL,NULL,"35.03","2026-03-06 18:01:34.948972+00"
"115537",8558,"2026-03-06 10:48:22.167+00","40.26394170","71.75442330",NULL,"13.26",NULL,NULL,NULL,NULL,False,NULL,NULL,"0.00","2026-03-06 18:01:34.948972+00"
"115538",8558,"2026-03-06 10:48:22.167+00","40.26394170","71.75442330",NULL,"13.26",NULL,NULL,NULL,NULL,False,NULL,NULL,"0.00","2026-03-06 18:01:34.948975+00"
"115535",8558,"2026-03-06 10:48:18.94+00","40.26422000","71.75461670",NULL,"11.27",NULL,NULL,NULL,NULL,False,NULL,NULL,"35.06","2026-03-06 18:01:34.948971+00"
"115531",8558,"2026-03-06 10:48:18.168+00","40.26452170","71.75449670",NULL,"10.67",NULL,NULL,NULL,NULL,False,NULL,NULL,"27.93","2026-03-06 18:01:34.948968+00"
"115532",8558,"2026-03-06 10:48:18.168+00","40.26452170","71.75449670",NULL,"10.67",NULL,NULL,NULL,NULL,False,NULL,NULL,"0.00","2026-03-06 18:01:34.948969+00"
"115533",8558,"2026-03-06 10:48:18.168+00","40.26452170","71.75449670",NULL,"10.67",NULL,NULL,NULL,NULL,False,NULL,NULL,"0.00","2026-03-06 18:01:34.948969+00"
"115534",8558,"2026-03-06 10:48:18.168+00","40.26452170","71.75449670",NULL,"10.67",NULL,NULL,NULL,NULL,False,NULL,NULL,"0.00","2026-03-06 18:01:34.94897+00"
"115530",8558,"2026-03-06 10:48:16.172+00","40.26477000","71.75454670",NULL,"5.53",NULL,NULL,NULL,NULL,False,NULL,NULL,"21.59","2026-03-06 18:01:34.948968+00"
"115528",8558,"2026-03-06 10:48:12.455+00","40.26495670","71.75461670",NULL,"3.05",NULL,NULL,NULL,NULL,False,NULL,NULL,"11.77","2026-03-06 18:01:34.948966+00"
"115529",8558,"2026-03-06 10:48:12.455+00","40.26495670","71.75461670",NULL,"3.05",NULL,NULL,NULL,NULL,False,NULL,NULL,"0.00","2026-03-06 18:01:34.948967+00"
"115525",8558,"2026-03-06 10:48:10.17+00","40.26505330","71.75467330",NULL,"1.23",NULL,NULL,NULL,NULL,False,NULL,NULL,"30.85","2026-03-06 18:01:34.948964+00"
"115526",8558,"2026-03-06 10:48:10.17+00","40.26505330","71.75467330",NULL,"1.23",NULL,NULL,NULL,NULL,False,NULL,NULL,"0.00","2026-03-06 18:01:34.948965+00"
"115527",8558,"2026-03-06 10:48:10.17+00","40.26505330","71.75467330",NULL,"1.23",NULL,NULL,NULL,NULL,False,NULL,NULL,"0.00","2026-03-06 18:01:34.948966+00"
"115522",8558,"2026-03-06 10:47:47.158+00","40.26532670","71.75473500",NULL,"8.34",NULL,NULL,NULL,NULL,False,NULL,NULL,"44.14","2026-03-06 18:01:34.948962+00"
"115523",8558,"2026-03-06 10:47:47.158+00","40.26532670","71.75473500",NULL,"8.34",NULL,NULL,NULL,NULL,False,NULL,NULL,"0.00","2026-03-06 18:01:34.948963+00"
"115524",8558,"2026-03-06 10:47:47.158+00","40.26532670","71.75473500",NULL,"8.34",NULL,NULL,NULL,NULL,False,NULL,NULL,"0.00","2026-03-06 18:01:34.948963+00"
"115521",8558,"2026-03-06 10:47:43.169+00","40.26571830","71.75482000",NULL,"13.03",NULL,NULL,NULL,NULL,False,NULL,NULL,"51.78","2026-03-06 18:01:34.948962+00"
"115518",8558,"2026-03-06 10:47:39.168+00","40.26611330","71.75514330",NULL,"14.10",NULL,NULL,NULL,NULL,False,NULL,NULL,"79.69","2026-03-06 18:01:34.948958+00"
"115519",8558,"2026-03-06 10:47:39.168+00","40.26611330","71.75514330",NULL,"14.10",NULL,NULL,NULL,NULL,False,NULL,NULL,"0.00","2026-03-06 18:01:34.948959+00"
"115520",8558,"2026-03-06 10:47:39.168+00","40.26611330","71.75514330",NULL,"14.10",NULL,NULL,NULL,NULL,False,NULL,NULL,"0.00","2026-03-06 18:01:34.948959+00"
"115515",8558,"2026-03-06 10:47:34.169+00","40.26682830","71.75520670",NULL,"15.11",NULL,NULL,NULL,NULL,False,NULL,NULL,"52.09","2026-03-06 18:01:34.948956+00"
"115516",8558,"2026-03-06 10:47:34.169+00","40.26682830","71.75520670",NULL,"15.11",NULL,NULL,NULL,NULL,False,NULL,NULL,"0.00","2026-03-06 18:01:34.948957+00"
"115517",8558,"2026-03-06 10:47:34.169+00","40.26682830","71.75520670",NULL,"15.11",NULL,NULL,NULL,NULL,False,NULL,NULL,"0.00","2026-03-06 18:01:34.948957+00"
"115514",8558,"2026-03-06 10:47:31.168+00","40.26729170","71.75529670",NULL,"14.86",NULL,NULL,NULL,NULL,False,NULL,NULL,"43.14","2026-03-06 18:01:34.948955+00"
"115511",8558,"2026-03-06 10:47:28.167+00","40.26765000","71.75549170",NULL,"15.95",NULL,NULL,NULL,NULL,False,NULL,NULL,"51.30","2026-03-06 18:01:34.948954+00"
"115512",8558,"2026-03-06 10:47:28.167+00","40.26765000","71.75549170",NULL,"15.95",NULL,NULL,NULL,NULL,False,NULL,NULL,"0.00","2026-03-06 18:01:34.948954+00"
"115513",8558,"2026-03-06 10:47:28.167+00","40.26765000","71.75549170",NULL,"15.95",NULL,NULL,NULL,NULL,False,NULL,NULL,"0.00","2026-03-06 18:01:34.948955+00"
"115510",8558,"2026-03-06 10:47:25.167+00","40.26810000","71.75562500",NULL,"15.39",NULL,NULL,NULL,NULL,False,NULL,NULL,"41.33","2026-03-06 18:01:34.948953+00"
"115507",8558,"2026-03-06 10:47:22.168+00","40.26847000","71.75567170",NULL,"15.34",NULL,NULL,NULL,NULL,False,NULL,NULL,"42.51","2026-03-06 18:01:34.94895+00"
"115508",8558,"2026-03-06 10:47:22.168+00","40.26847000","71.75567170",NULL,"15.34",NULL,NULL,NULL,NULL,False,NULL,NULL,"0.00","2026-03-06 18:01:34.948951+00"
"115509",8558,"2026-03-06 10:47:22.168+00","40.26847000","71.75567170",NULL,"15.34",NULL,NULL,NULL,NULL,False,NULL,NULL,"0.00","2026-03-06 18:01:34.948951+00"
"115506",8558,"2026-03-06 10:47:19.167+00","40.26883670","71.75581330",NULL,"14.34",NULL,NULL,NULL,NULL,False,NULL,NULL,"45.47","2026-03-06 18:01:34.948949+00"
"115503",8558,"2026-03-06 10:47:16.166+00","40.26919500","71.75607170",NULL,"14.34",NULL,NULL,NULL,NULL,False,NULL,NULL,"53.17","2026-03-06 18:01:34.948946+00"
"115504",8558,"2026-03-06 10:47:16.166+00","40.26919500","71.75607170",NULL,"14.34",NULL,NULL,NULL,NULL,False,NULL,NULL,"0.00","2026-03-06 18:01:34.948947+00"
"115505",8558,"2026-03-06 10:47:16.166+00","40.26919500","71.75607170",NULL,"14.34",NULL,NULL,NULL,NULL,False,NULL,NULL,"0.00","2026-03-06 18:01:34.948948+00"
"115502",8558,"2026-03-06 10:47:12.426+00","40.26957330","71.75645500",NULL,"13.93",NULL,NULL,NULL,NULL,False,NULL,NULL,"42.87","2026-03-06 18:01:34.948942+00"
"115501",8558,"2026-03-06 10:47:11.169+00","40.26985500","71.75611000",NULL,"13.79",NULL,NULL,NULL,NULL,False,NULL,NULL,"0.00","2026-03-06 18:01:34.948939+00"
"115499",8558,"2026-03-06 10:47:11.169+00","40.26985500","71.75611000",NULL,"13.79",NULL,NULL,NULL,NULL,False,NULL,NULL,"49.47","2026-03-06 18:01:33.929643+00"
"115500",8558,"2026-03-06 10:47:11.169+00","40.26985500","71.75611000",NULL,"13.79",NULL,NULL,NULL,NULL,False,NULL,NULL,"0.00","2026-03-06 18:01:33.929644+00"
"115498",8558,"2026-03-06 10:47:07.167+00","40.27028170","71.75627500",NULL,"13.74",NULL,NULL,NULL,NULL,False,NULL,NULL,"50.22","2026-03-06 18:01:33.929642+00"
"115495",8558,"2026-03-06 10:47:04.168+00","40.27073170","71.75632500",NULL,"14.44",NULL,NULL,NULL,NULL,False,NULL,NULL,"46.30","2026-03-06 18:01:33.929641+00"
"115496",8558,"2026-03-06 10:47:04.168+00","40.27073170","71.75632500",NULL,"14.44",NULL,NULL,NULL,NULL,False,NULL,NULL,"0.00","2026-03-06 18:01:33.929641+00"
"115497",8558,"2026-03-06 10:47:04.168+00","40.27073170","71.75632500",NULL,"14.44",NULL,NULL,NULL,NULL,False,NULL,NULL,"0.00","2026-03-06 18:01:33.929642+00"
"115494",8558,"2026-03-06 10:47:01.168+00","40.27114170","71.75642000",NULL,"15.33",NULL,NULL,NULL,NULL,False,NULL,NULL,"54.68","2026-03-06 18:01:33.92964+00"
"115491",8558,"2026-03-06 10:46:57.157+00","40.27161000","71.75661670",NULL,"16.37",NULL,NULL,NULL,NULL,False,NULL,NULL,"64.67","2026-03-06 18:01:33.929638+00"
"115492",8558,"2026-03-06 10:46:57.157+00","40.27161000","71.75661670",NULL,"16.37",NULL,NULL,NULL,NULL,False,NULL,NULL,"0.00","2026-03-06 18:01:33.929638+00"
"115493",8558,"2026-03-06 10:46:57.157+00","40.27161000","71.75661670",NULL,"16.37",NULL,NULL,NULL,NULL,False,NULL,NULL,"0.00","2026-03-06 18:01:33.929639+00"
"115490",8558,"2026-03-06 10:46:53.16+00","40.27217670","71.75678830",NULL,"17.99",NULL,NULL,NULL,NULL,False,NULL,NULL,"73.84","2026-03-06 18:01:33.929637+00"
"115486",8558,"2026-03-06 10:46:49.157+00","40.27279670","71.75710000",NULL,"21.54",NULL,NULL,NULL,NULL,False,NULL,NULL,"75.25","2026-03-06 18:01:33.929635+00"
"115487",8558,"2026-03-06 10:46:49.157+00","40.27279670","71.75710000",NULL,"21.54",NULL,NULL,NULL,NULL,False,NULL,NULL,"0.00","2026-03-06 18:01:33.929635+00"
"115488",8558,"2026-03-06 10:46:49.157+00","40.27279670","71.75710000",NULL,"21.54",NULL,NULL,NULL,NULL,False,NULL,NULL,"0.00","2026-03-06 18:01:33.929636+00"
"115489",8558,"2026-03-06 10:46:49.157+00","40.27279670","71.75710000",NULL,"21.54",NULL,NULL,NULL,NULL,False,NULL,NULL,"0.00","2026-03-06 18:01:33.929636+00"
"115485",8558,"2026-03-06 10:46:46.209+00","40.27346330","71.75725330",NULL,"23.64",NULL,NULL,NULL,NULL,False,NULL,NULL,"69.53","2026-03-06 18:01:33.929634+00"
"115482",8558,"2026-03-06 10:46:43.166+00","40.27407330","71.75743330",NULL,"24.17",NULL,NULL,NULL,NULL,False,NULL,NULL,"71.55","2026-03-06 18:01:33.92963+00"
"115483",8558,"2026-03-06 10:46:43.166+00","40.27407330","71.75743330",NULL,"24.17",NULL,NULL,NULL,NULL,False,NULL,NULL,"0.00","2026-03-06 18:01:33.929631+00"
"115484",8558,"2026-03-06 10:46:43.166+00","40.27407330","71.75743330",NULL,"24.17",NULL,NULL,NULL,NULL,False,NULL,NULL,"0.00","2026-03-06 18:01:33.929633+00"
"115481",8558,"2026-03-06 10:46:39.937+00","40.27470330","71.75760500",NULL,"24.42",NULL,NULL,NULL,NULL,False,NULL,NULL,"76.81","2026-03-06 18:01:33.929629+00"
"115478",8558,"2026-03-06 10:46:37.169+00","40.27537670","71.75780670",NULL,"23.90",NULL,NULL,NULL,NULL,False,NULL,NULL,"62.46","2026-03-06 18:01:33.929628+00"
"115479",8558,"2026-03-06 10:46:37.169+00","40.27537670","71.75780670",NULL,"23.90",NULL,NULL,NULL,NULL,False,NULL,NULL,"0.00","2026-03-06 18:01:33.929628+00"
"115480",8558,"2026-03-06 10:46:37.169+00","40.27537670","71.75780670",NULL,"23.90",NULL,NULL,NULL,NULL,False,NULL,NULL,"0.00","2026-03-06 18:01:33.929628+00"
"115477",8558,"2026-03-06 10:46:34.943+00","40.27593500","71.75788830",NULL,"24.20",NULL,NULL,NULL,NULL,False,NULL,NULL,"72.99","2026-03-06 18:01:33.929627+00"
"115474",8558,"2026-03-06 10:46:31.167+00","40.27654830","71.75819500",NULL,"24.08",NULL,NULL,NULL,NULL,False,NULL,NULL,"62.50","2026-03-06 18:01:33.929625+00"
"115475",8558,"2026-03-06 10:46:31.167+00","40.27654830","71.75819500",NULL,"24.08",NULL,NULL,NULL,NULL,False,NULL,NULL,"0.00","2026-03-06 18:01:33.929625+00"
"115476",8558,"2026-03-06 10:46:31.167+00","40.27654830","71.75819500",NULL,"24.08",NULL,NULL,NULL,NULL,False,NULL,NULL,"0.00","2026-03-06 18:01:33.929626+00"
"115473",8558,"2026-03-06 10:46:27.499+00","40.27694000","71.75872330",NULL,"25.70",NULL,NULL,NULL,NULL,False,NULL,NULL,"79.14","2026-03-06 18:01:33.929624+00"
"115469",8558,"2026-03-06 10:46:26.159+00","40.27765170","71.75871500",NULL,"24.78",NULL,NULL,NULL,NULL,False,NULL,NULL,"84.46","2026-03-06 18:01:33.929621+00"
"115470",8558,"2026-03-06 10:46:26.159+00","40.27765170","71.75871500",NULL,"24.78",NULL,NULL,NULL,NULL,False,NULL,NULL,"0.00","2026-03-06 18:01:33.929622+00"
"115471",8558,"2026-03-06 10:46:26.159+00","40.27765170","71.75871500",NULL,"24.78",NULL,NULL,NULL,NULL,False,NULL,NULL,"0.00","2026-03-06 18:01:33.929622+00"
"115472",8558,"2026-03-06 10:46:26.159+00","40.27765170","71.75871500",NULL,"24.78",NULL,NULL,NULL,NULL,False,NULL,NULL,"0.00","2026-03-06 18:01:33.929623+00"
"115465",8558,"2026-03-06 10:46:23.051+00","40.27835000","71.75910670",NULL,"28.27",NULL,NULL,NULL,NULL,False,NULL,NULL,"85.78","2026-03-06 18:01:33.929617+00"
"115466",8558,"2026-03-06 10:46:23.051+00","40.27835000","71.75910670",NULL,"28.27",NULL,NULL,NULL,NULL,False,NULL,NULL,"0.00","2026-03-06 18:01:33.929617+00"
"115467",8558,"2026-03-06 10:46:23.051+00","40.27835000","71.75910670",NULL,"28.27",NULL,NULL,NULL,NULL,False,NULL,NULL,"0.00","2026-03-06 18:01:33.92962+00"
"115468",8558,"2026-03-06 10:46:23.051+00","40.27835000","71.75910670",NULL,"28.27",NULL,NULL,NULL,NULL,False,NULL,NULL,"0.00","2026-03-06 18:01:33.92962+00"
"115462",8558,"2026-03-06 10:46:19.157+00","40.27902830","71.75958830",NULL,"25.66",NULL,NULL,NULL,NULL,False,NULL,NULL,"81.32","2026-03-06 18:01:33.929615+00"
"115463",8558,"2026-03-06 10:46:19.157+00","40.27902830","71.75958830",NULL,"25.66",NULL,NULL,NULL,NULL,False,NULL,NULL,"0.00","2026-03-06 18:01:33.929615+00"
"115464",8558,"2026-03-06 10:46:19.157+00","40.27902830","71.75958830",NULL,"25.66",NULL,NULL,NULL,NULL,False,NULL,NULL,"0.00","2026-03-06 18:01:33.929616+00"
"115461",8558,"2026-03-06 10:46:15.479+00","40.27960670","71.76017500",NULL,"25.34",NULL,NULL,NULL,NULL,False,NULL,NULL,"65.94","2026-03-06 18:01:33.929614+00"
"115458",8558,"2026-03-06 10:46:14.173+00","40.28019670","71.76025330",NULL,"25.87",NULL,NULL,NULL,NULL,False,NULL,NULL,"81.81","2026-03-06 18:01:33.929612+00"
"115459",8558,"2026-03-06 10:46:14.173+00","40.28019670","71.76025330",NULL,"25.87",NULL,NULL,NULL,NULL,False,NULL,NULL,"0.00","2026-03-06 18:01:33.929612+00"
"115460",8558,"2026-03-06 10:46:14.173+00","40.28019670","71.76025330",NULL,"25.87",NULL,NULL,NULL,NULL,False,NULL,NULL,"0.00","2026-03-06 18:01:33.929613+00"
"115457",8558,"2026-03-06 10:46:11.168+00","40.28086500","71.76065670",NULL,"25.90",NULL,NULL,NULL,NULL,False,NULL,NULL,"84.01","2026-03-06 18:01:33.929611+00"
"115454",8558,"2026-03-06 10:46:07.168+00","40.28149830","71.76119670",NULL,"25.73",NULL,NULL,NULL,NULL,False,NULL,NULL,"80.90","2026-03-06 18:01:33.929608+00"
"115455",8558,"2026-03-06 10:46:07.168+00","40.28149830","71.76119670",NULL,"25.73",NULL,NULL,NULL,NULL,False,NULL,NULL,"0.00","2026-03-06 18:01:33.929609+00"
"115456",8558,"2026-03-06 10:46:07.168+00","40.28149830","71.76119670",NULL,"25.73",NULL,NULL,NULL,NULL,False,NULL,NULL,"0.00","2026-03-06 18:01:33.92961+00"
"115453",8558,"2026-03-06 10:46:04.169+00","40.28216670","71.76157330",NULL,"25.84",NULL,NULL,NULL,NULL,False,NULL,NULL,"85.99","2026-03-06 18:01:33.929607+00"
"115451",8558,"2026-03-06 10:46:01.167+00","40.28288670","71.76194330",NULL,"25.09",NULL,NULL,NULL,NULL,False,NULL,NULL,"0.00","2026-03-06 18:01:33.929604+00"
"115452",8558,"2026-03-06 10:46:01.167+00","40.28288670","71.76194330",NULL,"25.09",NULL,NULL,NULL,NULL,False,NULL,NULL,"0.00","2026-03-06 18:01:33.929605+00"
"115450",8558,"2026-03-06 10:46:01.167+00","40.28288670","71.76194330",NULL,"25.09",NULL,NULL,NULL,NULL,False,NULL,NULL,"76.59","2026-03-06 18:01:29.903399+00"
"115449",8558,"2026-03-06 10:45:58.168+00","40.28348670","71.76238670",NULL,"25.51",NULL,NULL,NULL,NULL,False,NULL,NULL,"71.82","2026-03-06 18:01:29.903399+00"
"115446",8558,"2026-03-06 10:45:55.167+00","40.28408830","71.76269500",NULL,"24.88",NULL,NULL,NULL,NULL,False,NULL,NULL,"79.88","2026-03-06 18:01:29.903397+00"
"115447",8558,"2026-03-06 10:45:55.167+00","40.28408830","71.76269500",NULL,"24.88",NULL,NULL,NULL,NULL,False,NULL,NULL,"0.00","2026-03-06 18:01:29.903398+00"
"115448",8558,"2026-03-06 10:45:55.167+00","40.28408830","71.76269500",NULL,"24.88",NULL,NULL,NULL,NULL,False,NULL,NULL,"0.00","2026-03-06 18:01:29.903399+00"
"115445",8558,"2026-03-06 10:45:52.168+00","40.28475000","71.76306170",NULL,"24.74",NULL,NULL,NULL,NULL,False,NULL,NULL,"84.79","2026-03-06 18:01:29.903397+00"
"115442",8558,"2026-03-06 10:45:48.168+00","40.28539330","71.76359830",NULL,"25.32",NULL,NULL,NULL,NULL,False,NULL,NULL,"72.03","2026-03-06 18:01:29.903396+00"
"115443",8558,"2026-03-06 10:45:48.168+00","40.28539330","71.76359830",NULL,"25.32",NULL,NULL,NULL,NULL,False,NULL,NULL,"0.00","2026-03-06 18:01:29.903396+00"
"115444",8558,"2026-03-06 10:45:48.168+00","40.28539330","71.76359830",NULL,"25.32",NULL,NULL,NULL,NULL,False,NULL,NULL,"0.00","2026-03-06 18:01:29.903396+00"
"115441",8558,"2026-03-06 10:45:45.167+00","40.28597000","71.76398500",NULL,"24.25",NULL,NULL,NULL,NULL,False,NULL,NULL,"76.67","2026-03-06 18:01:29.903396+00"
"115438",8558,"2026-03-06 10:45:42.168+00","40.28658830","71.76438500",NULL,"23.87",NULL,NULL,NULL,NULL,False,NULL,NULL,"63.79","2026-03-06 18:01:29.903395+00"
"115439",8558,"2026-03-06 10:45:42.168+00","40.28658830","71.76438500",NULL,"23.87",NULL,NULL,NULL,NULL,False,NULL,NULL,"0.00","2026-03-06 18:01:29.903395+00"
"115440",8558,"2026-03-06 10:45:42.168+00","40.28658830","71.76438500",NULL,"23.87",NULL,NULL,NULL,NULL,False,NULL,NULL,"0.00","2026-03-06 18:01:29.903395+00"
"115437",8558,"2026-03-06 10:45:39.47+00","40.28709330","71.76474170",NULL,"23.81",NULL,NULL,NULL,NULL,False,NULL,NULL,"62.63","2026-03-06 18:01:29.903395+00"
"115434",8558,"2026-03-06 10:45:37.17+00","40.28758000","71.76511330",NULL,"23.93",NULL,NULL,NULL,NULL,False,NULL,NULL,"69.67","2026-03-06 18:01:29.903394+00"
"115435",8558,"2026-03-06 10:45:37.17+00","40.28758000","71.76511330",NULL,"23.93",NULL,NULL,NULL,NULL,False,NULL,NULL,"0.00","2026-03-06 18:01:29.903394+00"
"115436",8558,"2026-03-06 10:45:37.17+00","40.28758000","71.76511330",NULL,"23.93",NULL,NULL,NULL,NULL,False,NULL,NULL,"0.00","2026-03-06 18:01:29.903395+00"
"115433",8558,"2026-03-06 10:45:34.163+00","40.28813000","71.76550670",NULL,"23.62",NULL,NULL,NULL,NULL,False,NULL,NULL,"95.08","2026-03-06 18:01:29.903394+00"
"115430",8558,"2026-03-06 10:45:30.168+00","40.28886330","71.76608330",NULL,"23.42",NULL,NULL,NULL,NULL,False,NULL,NULL,"64.42","2026-03-06 18:01:29.903393+00"
"115431",8558,"2026-03-06 10:45:30.168+00","40.28886330","71.76608330",NULL,"23.42",NULL,NULL,NULL,NULL,False,NULL,NULL,"0.00","2026-03-06 18:01:29.903393+00"
"115432",8558,"2026-03-06 10:45:30.168+00","40.28886330","71.76608330",NULL,"23.42",NULL,NULL,NULL,NULL,False,NULL,NULL,"0.00","2026-03-06 18:01:29.903393+00"
"115429",8558,"2026-03-06 10:45:26.972+00","40.28934000","71.76651500",NULL,"24.25",NULL,NULL,NULL,NULL,False,NULL,NULL,"62.81","2026-03-06 18:01:29.903392+00"
"115426",8558,"2026-03-06 10:45:25.168+00","40.28987170","71.76676500",NULL,"23.08",NULL,NULL,NULL,NULL,False,NULL,NULL,"70.17","2026-03-06 18:01:29.903391+00"
"115427",8558,"2026-03-06 10:45:25.168+00","40.28987170","71.76676500",NULL,"23.08",NULL,NULL,NULL,NULL,False,NULL,NULL,"0.00","2026-03-06 18:01:29.903391+00"
"115428",8558,"2026-03-06 10:45:25.168+00","40.28987170","71.76676500",NULL,"23.08",NULL,NULL,NULL,NULL,False,NULL,NULL,"0.00","2026-03-06 18:01:29.903391+00"
"115425",8558,"2026-03-06 10:45:22.171+00","40.29044170","71.76712000",NULL,"23.80",NULL,NULL,NULL,NULL,False,NULL,NULL,"74.96","2026-03-06 18:01:29.903391+00"
"115423",8558,"2026-03-06 10:45:19.171+00","40.29101500","71.76758500",NULL,"23.00",NULL,NULL,NULL,NULL,False,NULL,NULL,"31.80","2026-03-06 18:01:29.90339+00"
"115424",8558,"2026-03-06 10:45:19.171+00","40.29101500","71.76758500",NULL,"23.00",NULL,NULL,NULL,NULL,False,NULL,NULL,"0.00","2026-03-06 18:01:29.90339+00"
"115420",8558,"2026-03-06 10:45:17.16+00","40.29126000","71.76777830",NULL,"22.45",NULL,NULL,NULL,NULL,False,NULL,NULL,"90.15","2026-03-06 18:01:29.90339+00"
"115421",8558,"2026-03-06 10:45:17.16+00","40.29126000","71.76777830",NULL,"22.45",NULL,NULL,NULL,NULL,False,NULL,NULL,"0.00","2026-03-06 18:01:29.90339+00"
"115422",8558,"2026-03-06 10:45:17.16+00","40.29126000","71.76777830",NULL,"22.45",NULL,NULL,NULL,NULL,False,NULL,NULL,"0.00","2026-03-06 18:01:29.90339+00"
"115417",8558,"2026-03-06 10:45:13.158+00","40.29191670","71.76840170",NULL,"23.71",NULL,NULL,NULL,NULL,False,NULL,NULL,"23.71","2026-03-06 18:01:29.903389+00"
"115418",8558,"2026-03-06 10:45:13.158+00","40.29191670","71.76840170",NULL,"23.71",NULL,NULL,NULL,NULL,False,NULL,NULL,"0.00","2026-03-06 18:01:29.903389+00"
"115419",8558,"2026-03-06 10:45:13.158+00","40.29191670","71.76840170",NULL,"23.71",NULL,NULL,NULL,NULL,False,NULL,NULL,"0.00","2026-03-06 18:01:29.903389+00"
"115416",8558,"2026-03-06 10:45:12.157+00","40.29208500","71.76857330",NULL,"22.63",NULL,NULL,NULL,NULL,False,NULL,NULL,"66.03","2026-03-06 18:01:29.903388+00"
"115415",8558,"2026-03-06 10:45:09.166+00","40.29254330","71.76906830",NULL,"21.18",NULL,NULL,NULL,NULL,False,NULL,NULL,"63.53","2026-03-06 18:01:29.903388+00"
"115412",8558,"2026-03-06 10:45:06.167+00","40.29295330","71.76959000",NULL,"20.35",NULL,NULL,NULL,NULL,False,NULL,NULL,"67.68","2026-03-06 18:01:29.903387+00"
"115413",8558,"2026-03-06 10:45:06.167+00","40.29295330","71.76959000",NULL,"20.35",NULL,NULL,NULL,NULL,False,NULL,NULL,"0.00","2026-03-06 18:01:29.903388+00"
"115414",8558,"2026-03-06 10:45:06.167+00","40.29295330","71.76959000",NULL,"20.35",NULL,NULL,NULL,NULL,False,NULL,NULL,"0.00","2026-03-06 18:01:29.903388+00"
"115411",8558,"2026-03-06 10:45:02.454+00","40.29331170","71.77023500",NULL,"20.58",NULL,NULL,NULL,NULL,False,NULL,NULL,"51.57","2026-03-06 18:01:29.903387+00"
"115408",8558,"2026-03-06 10:45:00.169+00","40.29361500","71.77069500",NULL,"20.52",NULL,NULL,NULL,NULL,False,NULL,NULL,"56.59","2026-03-06 18:01:29.903384+00"
"115409",8558,"2026-03-06 10:45:00.169+00","40.29361500","71.77069500",NULL,"20.52",NULL,NULL,NULL,NULL,False,NULL,NULL,"0.00","2026-03-06 18:01:29.903385+00"
"115410",8558,"2026-03-06 10:45:00.169+00","40.29361500","71.77069500",NULL,"20.52",NULL,NULL,NULL,NULL,False,NULL,NULL,"0.00","2026-03-06 18:01:29.903385+00"
"115407",8558,"2026-03-06 10:44:56.513+00","40.29390500","71.77124330",NULL,"20.70",NULL,NULL,NULL,NULL,False,NULL,NULL,"59.22","2026-03-06 18:01:29.903384+00"
"115404",8558,"2026-03-06 10:44:55.17+00","40.29437500","71.77157170",NULL,"20.38",NULL,NULL,NULL,NULL,False,NULL,NULL,"70.17","2026-03-06 18:01:29.903383+00"
"115405",8558,"2026-03-06 10:44:55.17+00","40.29437500","71.77157170",NULL,"20.38",NULL,NULL,NULL,NULL,False,NULL,NULL,"0.00","2026-03-06 18:01:29.903383+00"
"115406",8558,"2026-03-06 10:44:55.17+00","40.29437500","71.77157170",NULL,"20.38",NULL,NULL,NULL,NULL,False,NULL,NULL,"0.00","2026-03-06 18:01:29.903384+00"
"115403",8558,"2026-03-06 10:44:52.171+00","40.29492170","71.77198500",NULL,"19.87",NULL,NULL,NULL,NULL,False,NULL,NULL,"57.97","2026-03-06 18:01:29.903383+00"
"115400",8558,"2026-03-06 10:44:48.163+00","40.29536170","71.77235170",NULL,"19.99",NULL,NULL,NULL,NULL,False,NULL,NULL,"60.12","2026-03-06 18:01:28.989193+00"
"115401",8558,"2026-03-06 10:44:48.163+00","40.29536170","71.77235170",NULL,"19.99",NULL,NULL,NULL,NULL,False,NULL,NULL,"0.00","2026-03-06 18:01:29.903381+00"
"115402",8558,"2026-03-06 10:44:48.163+00","40.29536170","71.77235170",NULL,"19.99",NULL,NULL,NULL,NULL,False,NULL,NULL,"0.00","2026-03-06 18:01:29.903382+00"
"115399",8558,"2026-03-06 10:44:45.169+00","40.29586000","71.77262670",NULL,"18.76",NULL,NULL,NULL,NULL,False,NULL,NULL,"64.99","2026-03-06 18:01:28.989192+00"
"115396",8558,"2026-03-06 10:44:42.168+00","40.29639670","71.77293000",NULL,"18.61",NULL,NULL,NULL,NULL,False,NULL,NULL,"59.09","2026-03-06 18:01:28.98919+00"
"115397",8558,"2026-03-06 10:44:42.168+00","40.29639670","71.77293000",NULL,"18.61",NULL,NULL,NULL,NULL,False,NULL,NULL,"0.00","2026-03-06 18:01:28.989191+00"
"115398",8558,"2026-03-06 10:44:42.168+00","40.29639670","71.77293000",NULL,"18.61",NULL,NULL,NULL,NULL,False,NULL,NULL,"0.00","2026-03-06 18:01:28.989191+00"
"115395",8558,"2026-03-06 10:44:39.166+00","40.29690830","71.77311830",NULL,"18.75",NULL,NULL,NULL,NULL,False,NULL,NULL,"63.49","2026-03-06 18:01:28.989189+00"
"115392",8558,"2026-03-06 10:44:35.16+00","40.29745170","71.77334830",NULL,"19.10",NULL,NULL,NULL,NULL,False,NULL,NULL,"59.86","2026-03-06 18:01:28.989187+00"
"115393",8558,"2026-03-06 10:44:35.16+00","40.29745170","71.77334830",NULL,"19.10",NULL,NULL,NULL,NULL,False,NULL,NULL,"0.00","2026-03-06 18:01:28.989188+00"
"115394",8558,"2026-03-06 10:44:35.16+00","40.29745170","71.77334830",NULL,"19.10",NULL,NULL,NULL,NULL,False,NULL,NULL,"0.00","2026-03-06 18:01:28.989188+00"
"115391",8558,"2026-03-06 10:44:32.158+00","40.29799000","71.77336000",NULL,"19.27",NULL,NULL,NULL,NULL,False,NULL,NULL,"68.97","2026-03-06 18:01:28.989185+00"
"115388",8558,"2026-03-06 10:44:28.158+00","40.29860830","71.77342500",NULL,"19.51",NULL,NULL,NULL,NULL,False,NULL,NULL,"57.81","2026-03-06 18:01:28.989183+00"
"115389",8558,"2026-03-06 10:44:28.158+00","40.29860830","71.77342500",NULL,"19.51",NULL,NULL,NULL,NULL,False,NULL,NULL,"0.00","2026-03-06 18:01:28.989184+00"
"115390",8558,"2026-03-06 10:44:28.158+00","40.29860830","71.77342500",NULL,"19.51",NULL,NULL,NULL,NULL,False,NULL,NULL,"0.00","2026-03-06 18:01:28.989184+00"
"115387",8558,"2026-03-06 10:44:24.47+00","40.29907000","71.77373830",NULL,"18.04",NULL,NULL,NULL,NULL,False,NULL,NULL,"60.24","2026-03-06 18:01:28.989182+00"
"115383",8558,"2026-03-06 10:44:23.323+00","40.29951330","71.77333000",NULL,"19.83",NULL,NULL,NULL,NULL,False,NULL,NULL,"134.96","2026-03-06 18:01:28.989179+00"
"115384",8558,"2026-03-06 10:44:23.323+00","40.29951330","71.77333000",NULL,"19.83",NULL,NULL,NULL,NULL,False,NULL,NULL,"0.00","2026-03-06 18:01:28.98918+00"
"115385",8558,"2026-03-06 10:44:23.323+00","40.29951330","71.77333000",NULL,"19.83",NULL,NULL,NULL,NULL,False,NULL,NULL,"0.00","2026-03-06 18:01:28.989181+00"
"115386",8558,"2026-03-06 10:44:23.323+00","40.29951330","71.77333000",NULL,"19.83",NULL,NULL,NULL,NULL,False,NULL,NULL,"0.00","2026-03-06 18:01:28.989181+00"
"115379",8558,"2026-03-06 10:44:20.157+00","40.30070830","71.77305170",NULL,"10.33",NULL,NULL,NULL,NULL,False,NULL,NULL,"47.82","2026-03-06 18:01:28.989176+00"
"115380",8558,"2026-03-06 10:44:20.157+00","40.30070830","71.77305170",NULL,"10.33",NULL,NULL,NULL,NULL,False,NULL,NULL,"0.00","2026-03-06 18:01:28.989177+00"
"115381",8558,"2026-03-06 10:44:20.157+00","40.30070830","71.77305170",NULL,"10.33",NULL,NULL,NULL,NULL,False,NULL,NULL,"0.00","2026-03-06 18:01:28.989177+00"
"115382",8558,"2026-03-06 10:44:20.157+00","40.30070830","71.77305170",NULL,"10.33",NULL,NULL,NULL,NULL,False,NULL,NULL,"0.00","2026-03-06 18:01:28.989178+00"
"115378",8558,"2026-03-06 10:44:17.909+00","40.30113500","71.77298170",NULL,"4.36",NULL,NULL,NULL,NULL,False,NULL,NULL,"27.25","2026-03-06 18:01:28.989176+00"
"115375",8558,"2026-03-06 10:44:16.16+00","40.30138000","71.77298670",NULL,"6.08",NULL,NULL,NULL,NULL,False,NULL,NULL,"36.72","2026-03-06 18:01:28.989174+00"
"115376",8558,"2026-03-06 10:44:16.16+00","40.30138000","71.77298670",NULL,"6.08",NULL,NULL,NULL,NULL,False,NULL,NULL,"0.00","2026-03-06 18:01:28.989174+00"
"115377",8558,"2026-03-06 10:44:16.16+00","40.30138000","71.77298670",NULL,"6.08",NULL,NULL,NULL,NULL,False,NULL,NULL,"0.00","2026-03-06 18:01:28.989175+00"
"115374",8558,"2026-03-06 10:44:14.158+00","40.30170830","71.77294000",NULL,"4.07",NULL,NULL,NULL,NULL,False,NULL,NULL,"38.05","2026-03-06 18:01:28.989173+00"
"115372",8558,"2026-03-06 10:44:12.16+00","40.30204500","71.77302000",NULL,"3.41",NULL,NULL,NULL,NULL,False,NULL,NULL,"15.09","2026-03-06 18:01:28.98917+00"
"115373",8558,"2026-03-06 10:44:12.16+00","40.30204500","71.77302000",NULL,"3.41",NULL,NULL,NULL,NULL,False,NULL,NULL,"0.00","2026-03-06 18:01:28.989171+00"
"115371",8558,"2026-03-06 10:44:11.171+00","40.30218000","71.77303830",NULL,"1.47",NULL,NULL,NULL,NULL,False,NULL,NULL,"14.27","2026-03-06 18:01:28.989169+00"
"115368",8558,"2026-03-06 10:44:06.893+00","40.30230830","71.77303330",NULL,"1.18",NULL,NULL,NULL,NULL,False,NULL,NULL,"52.83","2026-03-06 18:01:28.989141+00"
"115369",8558,"2026-03-06 10:44:06.893+00","40.30230830","71.77303330",NULL,"1.18",NULL,NULL,NULL,NULL,False,NULL,NULL,"0.00","2026-03-06 18:01:28.989142+00"
"115370",8558,"2026-03-06 10:44:06.893+00","40.30230830","71.77303330",NULL,"1.18",NULL,NULL,NULL,NULL,False,NULL,NULL,"0.00","2026-03-06 18:01:28.989142+00"
"115364",8558,"2026-03-06 10:44:04.849+00","40.30278330","71.77301830",NULL,"5.09",NULL,NULL,NULL,NULL,False,NULL,NULL,"90.09","2026-03-06 18:01:28.989138+00"
"115365",8558,"2026-03-06 10:44:04.849+00","40.30278330","71.77301830",NULL,"5.09",NULL,NULL,NULL,NULL,False,NULL,NULL,"0.00","2026-03-06 18:01:28.989139+00"
"115366",8558,"2026-03-06 10:44:04.849+00","40.30278330","71.77301830",NULL,"5.09",NULL,NULL,NULL,NULL,False,NULL,NULL,"0.00","2026-03-06 18:01:28.989139+00"
"115367",8558,"2026-03-06 10:44:04.849+00","40.30278330","71.77301830",NULL,"5.09",NULL,NULL,NULL,NULL,False,NULL,NULL,"0.00","2026-03-06 18:01:28.98914+00"
"115363",8558,"2026-03-06 10:43:59.165+00","40.30359170","71.77294830",NULL,"17.81",NULL,NULL,NULL,NULL,False,NULL,NULL,"17.68","2026-03-06 18:01:28.989138+00"
"115362",8558,"2026-03-06 10:43:58.165+00","40.30375000","71.77292830",NULL,"17.70",NULL,NULL,NULL,NULL,False,NULL,NULL,"53.51","2026-03-06 18:01:28.989137+00"
"115361",8558,"2026-03-06 10:43:55.169+00","40.30423000","71.77288330",NULL,"17.63",NULL,NULL,NULL,NULL,False,NULL,NULL,"53.19","2026-03-06 18:01:28.989136+00"
"115357",8558,"2026-03-06 10:43:52.166+00","40.30470670","71.77283170",NULL,"17.86",NULL,NULL,NULL,NULL,False,NULL,NULL,"44.95","2026-03-06 18:01:28.989133+00"
"115358",8558,"2026-03-06 10:43:52.166+00","40.30470670","71.77283170",NULL,"17.86",NULL,NULL,NULL,NULL,False,NULL,NULL,"0.00","2026-03-06 18:01:28.989133+00"
"115359",8558,"2026-03-06 10:43:52.166+00","40.30470670","71.77283170",NULL,"17.86",NULL,NULL,NULL,NULL,False,NULL,NULL,"0.00","2026-03-06 18:01:28.989134+00"
"115360",8558,"2026-03-06 10:43:52.166+00","40.30470670","71.77283170",NULL,"17.86",NULL,NULL,NULL,NULL,False,NULL,NULL,"0.00","2026-03-06 18:01:28.989135+00"
"115356",8558,"2026-03-06 10:43:50.167+00","40.30510670","71.77275500",NULL,"17.12",NULL,NULL,NULL,NULL,False,NULL,NULL,"57.64","2026-03-06 18:01:28.989132+00"
"115353",8558,"2026-03-06 10:43:46.167+00","40.30562500","71.77274500",NULL,"17.26",NULL,NULL,NULL,NULL,False,NULL,NULL,"41.09","2026-03-06 18:01:28.989122+00"
"115354",8558,"2026-03-06 10:43:46.167+00","40.30562500","71.77274500",NULL,"17.26",NULL,NULL,NULL,NULL,False,NULL,NULL,"0.00","2026-03-06 18:01:28.989123+00"
"115355",8558,"2026-03-06 10:43:46.167+00","40.30562500","71.77274500",NULL,"17.26",NULL,NULL,NULL,NULL,False,NULL,NULL,"0.00","2026-03-06 18:01:28.989123+00"
"115352",8558,"2026-03-06 10:43:44.167+00","40.30599170","71.77268500",NULL,"17.02",NULL,NULL,NULL,NULL,False,NULL,NULL,"64.79","2026-03-06 18:01:28.989121+00"
"115351",8558,"2026-03-06 10:43:40.167+00","40.30657330","71.77263830",NULL,"16.52",NULL,NULL,NULL,NULL,False,NULL,NULL,"0.00","2026-03-06 18:01:28.989119+00"
"115349",8558,"2026-03-06 10:43:40.167+00","40.30657330","71.77263830",NULL,"16.52",NULL,NULL,NULL,NULL,False,NULL,NULL,"51.23","2026-03-06 18:01:28.039438+00"
"115350",8558,"2026-03-06 10:43:40.167+00","40.30657330","71.77263830",NULL,"16.52",NULL,NULL,NULL,NULL,False,NULL,NULL,"0.00","2026-03-06 18:01:28.039438+00"
"115348",8558,"2026-03-06 10:43:37.17+00","40.30703000","71.77255830",NULL,"16.28",NULL,NULL,NULL,NULL,False,NULL,NULL,"44.50","2026-03-06 18:01:28.039438+00"
"115345",8558,"2026-03-06 10:43:34.169+00","40.30743000","71.77254170",NULL,"16.37",NULL,NULL,NULL,NULL,False,NULL,NULL,"49.70","2026-03-06 18:01:28.039437+00"
"115346",8558,"2026-03-06 10:43:34.169+00","40.30743000","71.77254170",NULL,"16.37",NULL,NULL,NULL,NULL,False,NULL,NULL,"0.00","2026-03-06 18:01:28.039437+00"
"115347",8558,"2026-03-06 10:43:34.169+00","40.30743000","71.77254170",NULL,"16.37",NULL,NULL,NULL,NULL,False,NULL,NULL,"0.00","2026-03-06 18:01:28.039438+00"
"115344",8558,"2026-03-06 10:43:31.169+00","40.30787500","71.77248670",NULL,"16.36",NULL,NULL,NULL,NULL,False,NULL,NULL,"48.06","2026-03-06 18:01:28.039436+00"
"115341",8558,"2026-03-06 10:43:28.166+00","40.30830670","71.77251500",NULL,"16.54",NULL,NULL,NULL,NULL,False,NULL,NULL,"50.16","2026-03-06 18:01:28.039436+00"
"115342",8558,"2026-03-06 10:43:28.166+00","40.30830670","71.77251500",NULL,"16.54",NULL,NULL,NULL,NULL,False,NULL,NULL,"0.00","2026-03-06 18:01:28.039436+00"
"115343",8558,"2026-03-06 10:43:28.166+00","40.30830670","71.77251500",NULL,"16.54",NULL,NULL,NULL,NULL,False,NULL,NULL,"0.00","2026-03-06 18:01:28.039436+00"
"115340",8558,"2026-03-06 10:43:25.166+00","40.30875670","71.77247330",NULL,"16.01",NULL,NULL,NULL,NULL,False,NULL,NULL,"44.75","2026-03-06 18:01:28.039436+00"
"115337",8558,"2026-03-06 10:43:22.166+00","40.30914670","71.77234330",NULL,"15.69",NULL,NULL,NULL,NULL,False,NULL,NULL,"46.48","2026-03-06 18:01:28.039435+00"
"115338",8558,"2026-03-06 10:43:22.166+00","40.30914670","71.77234330",NULL,"15.69",NULL,NULL,NULL,NULL,False,NULL,NULL,"0.00","2026-03-06 18:01:28.039435+00"
"115339",8558,"2026-03-06 10:43:22.166+00","40.30914670","71.77234330",NULL,"15.69",NULL,NULL,NULL,NULL,False,NULL,NULL,"0.00","2026-03-06 18:01:28.039436+00"
"115336",8558,"2026-03-06 10:43:19.167+00","40.30956330","71.77229830",NULL,"15.03",NULL,NULL,NULL,NULL,False,NULL,NULL,"63.14","2026-03-06 18:01:28.039435+00"
"115333",8558,"2026-03-06 10:43:15.168+00","40.31013000","71.77225170",NULL,"15.17",NULL,NULL,NULL,NULL,False,NULL,NULL,"50.85","2026-03-06 18:01:28.039435+00"
"115334",8558,"2026-03-06 10:43:15.168+00","40.31013000","71.77225170",NULL,"15.17",NULL,NULL,NULL,NULL,False,NULL,NULL,"0.00","2026-03-06 18:01:28.039435+00"
"115335",8558,"2026-03-06 10:43:15.168+00","40.31013000","71.77225170",NULL,"15.17",NULL,NULL,NULL,NULL,False,NULL,NULL,"0.00","2026-03-06 18:01:28.039435+00"
"115332",8558,"2026-03-06 10:43:12.167+00","40.31058500","71.77219170",NULL,"15.47",NULL,NULL,NULL,NULL,False,NULL,NULL,"40.51","2026-03-06 18:01:28.039434+00"
"115329",8558,"2026-03-06 10:43:09.168+00","40.31094830","71.77215670",NULL,"16.20",NULL,NULL,NULL,NULL,False,NULL,NULL,"51.75","2026-03-06 18:01:28.039434+00"
"115330",8558,"2026-03-06 10:43:09.168+00","40.31094830","71.77215670",NULL,"16.20",NULL,NULL,NULL,NULL,False,NULL,NULL,"0.00","2026-03-06 18:01:28.039434+00"
"115331",8558,"2026-03-06 10:43:09.168+00","40.31094830","71.77215670",NULL,"16.20",NULL,NULL,NULL,NULL,False,NULL,NULL,"0.00","2026-03-06 18:01:28.039434+00"
"115328",8558,"2026-03-06 10:43:06.16+00","40.31141170","71.77210000",NULL,"15.95",NULL,NULL,NULL,NULL,False,NULL,NULL,"48.39","2026-03-06 18:01:28.039433+00"
"115325",8558,"2026-03-06 10:43:03.159+00","40.31184670","71.77208330",NULL,"16.07",NULL,NULL,NULL,NULL,False,NULL,NULL,"47.41","2026-03-06 18:01:28.039432+00"
"115326",8558,"2026-03-06 10:43:03.159+00","40.31184670","71.77208330",NULL,"16.07",NULL,NULL,NULL,NULL,False,NULL,NULL,"0.00","2026-03-06 18:01:28.039432+00"
"115327",8558,"2026-03-06 10:43:03.159+00","40.31184670","71.77208330",NULL,"16.07",NULL,NULL,NULL,NULL,False,NULL,NULL,"0.00","2026-03-06 18:01:28.039432+00"
"115324",8558,"2026-03-06 10:43:00.16+00","40.31227170","71.77203830",NULL,"15.51",NULL,NULL,NULL,NULL,False,NULL,NULL,"44.26","2026-03-06 18:01:28.039432+00"
"115321",8558,"2026-03-06 10:42:57.169+00","40.31266500","71.77195830",NULL,"16.16",NULL,NULL,NULL,NULL,False,NULL,NULL,"49.30","2026-03-06 18:01:28.039431+00"
"115322",8558,"2026-03-06 10:42:57.169+00","40.31266500","71.77195830",NULL,"16.16",NULL,NULL,NULL,NULL,False,NULL,NULL,"0.00","2026-03-06 18:01:28.039431+00"
"115323",8558,"2026-03-06 10:42:57.169+00","40.31266500","71.77195830",NULL,"16.16",NULL,NULL,NULL,NULL,False,NULL,NULL,"0.00","2026-03-06 18:01:28.039432+00"
"115320",8558,"2026-03-06 10:42:54.168+00","40.31310500","71.77188670",NULL,"16.17",NULL,NULL,NULL,NULL,False,NULL,NULL,"44.82","2026-03-06 18:01:28.039431+00"
"115317",8558,"2026-03-06 10:42:51.167+00","40.31349330","71.77202830",NULL,"16.48",NULL,NULL,NULL,NULL,False,NULL,NULL,"47.60","2026-03-06 18:01:28.039431+00"
"115318",8558,"2026-03-06 10:42:51.167+00","40.31349330","71.77202830",NULL,"16.48",NULL,NULL,NULL,NULL,False,NULL,NULL,"0.00","2026-03-06 18:01:28.039431+00"
"115319",8558,"2026-03-06 10:42:51.167+00","40.31349330","71.77202830",NULL,"16.48",NULL,NULL,NULL,NULL,False,NULL,NULL,"0.00","2026-03-06 18:01:28.039431+00"
"115316",8558,"2026-03-06 10:42:48.168+00","40.31391830","71.77209500",NULL,"15.36",NULL,NULL,NULL,NULL,False,NULL,NULL,"54.56","2026-03-06 18:01:28.03943+00"
"115313",8558,"2026-03-06 10:42:45.168+00","40.31438170","71.77188330",NULL,"15.44",NULL,NULL,NULL,NULL,False,NULL,NULL,"47.78","2026-03-06 18:01:28.03943+00"
"115314",8558,"2026-03-06 10:42:45.168+00","40.31438170","71.77188330",NULL,"15.44",NULL,NULL,NULL,NULL,False,NULL,NULL,"0.00","2026-03-06 18:01:28.03943+00"
"115315",8558,"2026-03-06 10:42:45.168+00","40.31438170","71.77188330",NULL,"15.44",NULL,NULL,NULL,NULL,False,NULL,NULL,"0.00","2026-03-06 18:01:28.03943+00"
"115312",8558,"2026-03-06 10:42:40.431+00","40.31479330","71.77204500",NULL,"13.37",NULL,NULL,NULL,NULL,False,NULL,NULL,"49.67","2026-03-06 18:01:28.03943+00"
"115308",8558,"2026-03-06 10:42:39.159+00","40.31521500","71.77185170",NULL,"13.86",NULL,NULL,NULL,NULL,False,NULL,NULL,"32.55","2026-03-06 18:01:28.039426+00"
"115309",8558,"2026-03-06 10:42:39.159+00","40.31521500","71.77185170",NULL,"13.86",NULL,NULL,NULL,NULL,False,NULL,NULL,"0.00","2026-03-06 18:01:28.039426+00"
"115310",8558,"2026-03-06 10:42:39.159+00","40.31521500","71.77185170",NULL,"13.86",NULL,NULL,NULL,NULL,False,NULL,NULL,"0.00","2026-03-06 18:01:28.039426+00"
"115311",8558,"2026-03-06 10:42:39.159+00","40.31521500","71.77185170",NULL,"13.86",NULL,NULL,NULL,NULL,False,NULL,NULL,"0.00","2026-03-06 18:01:28.039429+00"
"115307",8558,"2026-03-06 10:42:36.425+00","40.31545670","71.77206830",NULL,"12.33",NULL,NULL,NULL,NULL,False,NULL,NULL,"40.80","2026-03-06 18:01:28.039426+00"
"115304",8558,"2026-03-06 10:42:35.161+00","40.31568830","71.77169500",NULL,"12.49",NULL,NULL,NULL,NULL,False,NULL,NULL,"32.07","2026-03-06 18:01:28.039424+00"
"115305",8558,"2026-03-06 10:42:35.161+00","40.31568830","71.77169500",NULL,"12.49",NULL,NULL,NULL,NULL,False,NULL,NULL,"0.00","2026-03-06 18:01:28.039425+00"
"115306",8558,"2026-03-06 10:42:35.161+00","40.31568830","71.77169500",NULL,"12.49",NULL,NULL,NULL,NULL,False,NULL,NULL,"0.00","2026-03-06 18:01:28.039425+00"
"115303",8558,"2026-03-06 10:42:32.434+00","40.31597670","71.77169500",NULL,"10.01",NULL,NULL,NULL,NULL,False,NULL,NULL,"39.88","2026-03-06 18:01:28.039424+00"
"115301",8558,"2026-03-06 10:42:30.169+00","40.31633170","71.77162830",NULL,"8.78",NULL,NULL,NULL,NULL,False,NULL,NULL,"0.00","2026-03-06 18:01:28.039423+00"
"115302",8558,"2026-03-06 10:42:30.169+00","40.31633170","71.77162830",NULL,"8.78",NULL,NULL,NULL,NULL,False,NULL,NULL,"0.00","2026-03-06 18:01:28.039423+00"
"115299",8558,"2026-03-06 10:42:30.169+00","40.31633170","71.77162830",NULL,"8.78",NULL,NULL,NULL,NULL,False,NULL,NULL,"27.71","2026-03-06 18:01:27.459165+00"
"115300",8558,"2026-03-06 10:42:30.169+00","40.31633170","71.77162830",NULL,"8.78",NULL,NULL,NULL,NULL,False,NULL,NULL,"0.00","2026-03-06 18:01:27.459166+00"
"115298",8558,"2026-03-06 10:42:27.169+00","40.31658000","71.77160000",NULL,"2.72",NULL,NULL,NULL,NULL,False,NULL,NULL,"30.02","2026-03-06 18:01:27.459164+00"
"115296",8558,"2026-03-06 10:42:24.188+00","40.31681170","71.77178170",NULL,"3.84",NULL,NULL,NULL,NULL,False,NULL,NULL,"21.11","2026-03-06 18:01:27.459163+00"
"115297",8558,"2026-03-06 10:42:24.188+00","40.31681170","71.77178170",NULL,"3.84",NULL,NULL,NULL,NULL,False,NULL,NULL,"0.00","2026-03-06 18:01:27.459163+00"
"115295",8558,"2026-03-06 10:42:23.687+00","40.31685170","71.77153830",NULL,"0.00",NULL,NULL,NULL,NULL,False,NULL,NULL,"15.21","2026-03-06 18:01:27.459162+00"
"115293",8558,"2026-03-06 10:42:22.426+00","40.31681170","71.77136670",NULL,"0.00",NULL,NULL,NULL,NULL,False,NULL,NULL,"20.69","2026-03-06 18:01:27.459133+00"
"115294",8558,"2026-03-06 10:42:22.426+00","40.31681170","71.77136670",NULL,"0.00",NULL,NULL,NULL,NULL,False,NULL,NULL,"0.00","2026-03-06 18:01:27.459161+00"
"115289",8558,"2026-03-06 10:42:21.168+00","40.31695000","71.77153000",NULL,"4.97",NULL,NULL,NULL,NULL,False,NULL,NULL,"32.34","2026-03-06 18:01:27.459131+00"
"115290",8558,"2026-03-06 10:42:21.168+00","40.31695000","71.77153000",NULL,"4.97",NULL,NULL,NULL,NULL,False,NULL,NULL,"0.00","2026-03-06 18:01:27.459131+00"
"115291",8558,"2026-03-06 10:42:21.168+00","40.31695000","71.77153000",NULL,"4.97",NULL,NULL,NULL,NULL,False,NULL,NULL,"0.00","2026-03-06 18:01:27.459132+00"
"115292",8558,"2026-03-06 10:42:21.168+00","40.31695000","71.77153000",NULL,"4.97",NULL,NULL,NULL,NULL,False,NULL,NULL,"0.00","2026-03-06 18:01:27.459133+00"
"115288",8558,"2026-03-06 10:42:12.943+00","40.31723170","71.77162500",NULL,"8.72",NULL,NULL,NULL,NULL,False,NULL,NULL,"43.26","2026-03-06 18:01:27.45913+00"
"115284",8558,"2026-03-06 10:42:10.167+00","40.31759670","71.77144830",NULL,"10.50",NULL,NULL,NULL,NULL,False,NULL,NULL,"40.10","2026-03-06 18:01:27.459128+00"
"115285",8558,"2026-03-06 10:42:10.167+00","40.31759670","71.77144830",NULL,"10.50",NULL,NULL,NULL,NULL,False,NULL,NULL,"0.00","2026-03-06 18:01:27.459128+00"
"115286",8558,"2026-03-06 10:42:10.167+00","40.31759670","71.77144830",NULL,"10.50",NULL,NULL,NULL,NULL,False,NULL,NULL,"0.00","2026-03-06 18:01:27.459129+00"
"115287",8558,"2026-03-06 10:42:10.167+00","40.31759670","71.77144830",NULL,"10.50",NULL,NULL,NULL,NULL,False,NULL,NULL,"0.00","2026-03-06 18:01:27.459129+00"
"115281",8558,"2026-03-06 10:42:06.167+00","40.31794000","71.77159330",NULL,"13.12",NULL,NULL,NULL,NULL,False,NULL,NULL,"51.77","2026-03-06 18:01:27.459126+00"
"115282",8558,"2026-03-06 10:42:06.167+00","40.31794000","71.77159330",NULL,"13.12",NULL,NULL,NULL,NULL,False,NULL,NULL,"0.00","2026-03-06 18:01:27.459126+00"
"115283",8558,"2026-03-06 10:42:06.167+00","40.31794000","71.77159330",NULL,"13.12",NULL,NULL,NULL,NULL,False,NULL,NULL,"0.00","2026-03-06 18:01:27.459127+00"
"115280",8558,"2026-03-06 10:42:02.17+00","40.31840500","71.77162330",NULL,"15.31",NULL,NULL,NULL,NULL,False,NULL,NULL,"63.32","2026-03-06 18:01:27.459125+00"
"115277",8558,"2026-03-06 10:41:58.169+00","40.31897330","71.77157670",NULL,"15.19",NULL,NULL,NULL,NULL,False,NULL,NULL,"45.61","2026-03-06 18:01:27.459123+00"
"115278",8558,"2026-03-06 10:41:58.169+00","40.31897330","71.77157670",NULL,"15.19",NULL,NULL,NULL,NULL,False,NULL,NULL,"0.00","2026-03-06 18:01:27.459123+00"
"115279",8558,"2026-03-06 10:41:58.169+00","40.31897330","71.77157670",NULL,"15.19",NULL,NULL,NULL,NULL,False,NULL,NULL,"0.00","2026-03-06 18:01:27.459124+00"
"115276",8558,"2026-03-06 10:41:54.936+00","40.31938330","71.77159330",NULL,"15.28",NULL,NULL,NULL,NULL,False,NULL,NULL,"76.65","2026-03-06 18:01:27.459122+00"
"115273",8558,"2026-03-06 10:41:51.169+00","40.32001670","71.77123670",NULL,"15.09",NULL,NULL,NULL,NULL,False,NULL,NULL,"53.60","2026-03-06 18:01:27.459118+00"
"115274",8558,"2026-03-06 10:41:51.169+00","40.32001670","71.77123670",NULL,"15.09",NULL,NULL,NULL,NULL,False,NULL,NULL,"0.00","2026-03-06 18:01:27.459119+00"
"115275",8558,"2026-03-06 10:41:51.169+00","40.32001670","71.77123670",NULL,"15.09",NULL,NULL,NULL,NULL,False,NULL,NULL,"0.00","2026-03-06 18:01:27.45912+00"
"115272",8558,"2026-03-06 10:41:46.981+00","40.32049830","71.77121000",NULL,"16.07",NULL,NULL,NULL,NULL,False,NULL,NULL,"67.72","2026-03-06 18:01:27.459117+00"
"115268",8558,"2026-03-06 10:41:43.163+00","40.32108000","71.77144670",NULL,"12.83",NULL,NULL,NULL,NULL,False,NULL,NULL,"15.50","2026-03-06 18:01:27.459115+00"
"115269",8558,"2026-03-06 10:41:43.163+00","40.32108000","71.77144670",NULL,"12.83",NULL,NULL,NULL,NULL,False,NULL,NULL,"0.00","2026-03-06 18:01:27.459116+00"
"115270",8558,"2026-03-06 10:41:43.163+00","40.32108000","71.77144670",NULL,"12.83",NULL,NULL,NULL,NULL,False,NULL,NULL,"0.00","2026-03-06 18:01:27.459116+00"
"115271",8558,"2026-03-06 10:41:43.163+00","40.32108000","71.77144670",NULL,"12.83",NULL,NULL,NULL,NULL,False,NULL,NULL,"0.00","2026-03-06 18:01:27.459117+00"
"115267",8558,"2026-03-06 10:41:41.927+00","40.32121830","71.77147000",NULL,"1.80",NULL,NULL,NULL,NULL,False,NULL,NULL,"26.20","2026-03-06 18:01:27.459114+00"
"115266",8558,"2026-03-06 10:41:40.928+00","40.32141670","71.77130330",NULL,"1.22",NULL,NULL,NULL,NULL,False,NULL,NULL,"36.18","2026-03-06 18:01:27.459113+00"
"115264",8558,"2026-03-06 10:41:37.167+00","40.32171830","71.77114330",NULL,"0.00",NULL,NULL,NULL,NULL,False,NULL,NULL,"33.87","2026-03-06 18:01:27.459111+00"
"115265",8558,"2026-03-06 10:41:37.167+00","40.32171830","71.77114330",NULL,"0.00",NULL,NULL,NULL,NULL,False,NULL,NULL,"0.00","2026-03-06 18:01:27.459112+00"
"115263",8558,"2026-03-06 10:41:35.533+00","40.32202170","71.77117830",NULL,"0.00",NULL,NULL,NULL,NULL,False,NULL,NULL,"14.83","2026-03-06 18:01:27.459111+00"
"115262",8558,"2026-03-06 10:41:34.533+00","40.32214830","71.77112330",NULL,"0.00",NULL,NULL,NULL,NULL,False,NULL,NULL,"42.25","2026-03-06 18:01:27.45911+00"
"115259",8558,"2026-03-06 10:41:31.737+00","40.32248670","71.77089670",NULL,"0.00",NULL,NULL,NULL,NULL,False,NULL,NULL,"43.57","2026-03-06 18:01:27.459108+00"
"115260",8558,"2026-03-06 10:41:31.737+00","40.32248670","71.77089670",NULL,"0.00",NULL,NULL,NULL,NULL,False,NULL,NULL,"0.00","2026-03-06 18:01:27.459109+00"
"115261",8558,"2026-03-06 10:41:31.737+00","40.32248670","71.77089670",NULL,"0.00",NULL,NULL,NULL,NULL,False,NULL,NULL,"0.00","2026-03-06 18:01:27.459109+00"
"115255",8558,"2026-03-06 10:41:28.947+00","40.32209500","71.77090830",NULL,"12.43",NULL,NULL,NULL,NULL,False,NULL,NULL,"131.01","2026-03-06 18:01:27.459099+00"
"115256",8558,"2026-03-06 10:41:28.947+00","40.32209500","71.77090830",NULL,"12.43",NULL,NULL,NULL,NULL,False,NULL,NULL,"0.00","2026-03-06 18:01:27.459101+00"
"115257",8558,"2026-03-06 10:41:28.947+00","40.32209500","71.77090830",NULL,"12.43",NULL,NULL,NULL,NULL,False,NULL,NULL,"0.00","2026-03-06 18:01:27.459101+00"
"115258",8558,"2026-03-06 10:41:28.947+00","40.32209500","71.77090830",NULL,"12.43",NULL,NULL,NULL,NULL,False,NULL,NULL,"0.00","2026-03-06 18:01:27.459107+00"
"115251",8558,"2026-03-06 10:41:22.166+00","40.32327170","71.77083000",NULL,"15.10",NULL,NULL,NULL,NULL,False,NULL,NULL,"21.01","2026-03-06 18:01:27.459096+00"
"115252",8558,"2026-03-06 10:41:22.166+00","40.32327170","71.77083000",NULL,"15.10",NULL,NULL,NULL,NULL,False,NULL,NULL,"0.00","2026-03-06 18:01:27.459097+00"
"115253",8558,"2026-03-06 10:41:22.166+00","40.32327170","71.77083000",NULL,"15.10",NULL,NULL,NULL,NULL,False,NULL,NULL,"0.00","2026-03-06 18:01:27.459098+00"
"115254",8558,"2026-03-06 10:41:22.166+00","40.32327170","71.77083000",NULL,"15.10",NULL,NULL,NULL,NULL,False,NULL,NULL,"0.00","2026-03-06 18:01:27.459098+00"
"115250",8558,"2026-03-06 10:41:20.517+00","40.32345330","71.77076170",NULL,"0.00",NULL,NULL,NULL,NULL,False,NULL,NULL,"74.37","2026-03-06 18:01:27.084292+00"
"115247",8558,"2026-03-06 10:41:15.749+00","40.32412170","71.77079330",NULL,"0.00",NULL,NULL,NULL,NULL,False,NULL,NULL,"38.64","2026-03-06 18:01:27.084291+00"
"115248",8558,"2026-03-06 10:41:15.749+00","40.32412170","71.77079330",NULL,"0.00",NULL,NULL,NULL,NULL,False,NULL,NULL,"0.00","2026-03-06 18:01:27.084291+00"
"115249",8558,"2026-03-06 10:41:15.749+00","40.32412170","71.77079330",NULL,"0.00",NULL,NULL,NULL,NULL,False,NULL,NULL,"0.00","2026-03-06 18:01:27.084292+00"
"115243",8558,"2026-03-06 10:41:10.925+00","40.32446330","71.77087670",NULL,"4.43",NULL,NULL,NULL,NULL,False,NULL,NULL,"40.43","2026-03-06 18:01:27.084288+00"
"115244",8558,"2026-03-06 10:41:10.925+00","40.32446330","71.77087670",NULL,"4.43",NULL,NULL,NULL,NULL,False,NULL,NULL,"0.00","2026-03-06 18:01:27.084289+00"
"115245",8558,"2026-03-06 10:41:10.925+00","40.32446330","71.77087670",NULL,"4.43",NULL,NULL,NULL,NULL,False,NULL,NULL,"0.00","2026-03-06 18:01:27.084289+00"
"115246",8558,"2026-03-06 10:41:10.925+00","40.32446330","71.77087670",NULL,"4.43",NULL,NULL,NULL,NULL,False,NULL,NULL,"0.00","2026-03-06 18:01:27.08429+00"
"115242",8558,"2026-03-06 10:41:09.928+00","40.32482670","71.77086000",NULL,"2.34",NULL,NULL,NULL,NULL,False,NULL,NULL,"152.42","2026-03-06 18:01:27.084288+00"
"115240",8558,"2026-03-06 10:41:02.164+00","40.32610330","71.77020500",NULL,"1.60",NULL,NULL,NULL,NULL,False,NULL,NULL,"254.03","2026-03-06 18:01:27.084285+00"
"115241",8558,"2026-03-06 10:41:02.164+00","40.32610330","71.77020500",NULL,"1.60",NULL,NULL,NULL,NULL,False,NULL,NULL,"0.00","2026-03-06 18:01:27.084287+00"
"115238",8558,"2026-03-06 10:40:54.923+00","40.32838670","71.77011000",NULL,"1.03",NULL,NULL,NULL,NULL,False,NULL,NULL,"16.26","2026-03-06 18:01:27.084283+00"
"115239",8558,"2026-03-06 10:40:54.923+00","40.32838670","71.77011000",NULL,"1.03",NULL,NULL,NULL,NULL,False,NULL,NULL,"0.00","2026-03-06 18:01:27.084284+00"
"115237",8558,"2026-03-06 10:40:53.924+00","40.32824170","71.77013500",NULL,"0.87",NULL,NULL,NULL,NULL,False,NULL,NULL,"98.24","2026-03-06 18:01:27.084283+00"
"115235",8558,"2026-03-06 10:40:47.163+00","40.32912500","71.77011170",NULL,"2.33",NULL,NULL,NULL,NULL,False,NULL,NULL,"12.41","2026-03-06 18:01:27.084281+00"
"115236",8558,"2026-03-06 10:40:47.163+00","40.32912500","71.77011170",NULL,"2.33",NULL,NULL,NULL,NULL,False,NULL,NULL,"0.00","2026-03-06 18:01:27.084282+00"
"115232",8558,"2026-03-06 10:40:39.094+00","40.32923500","71.77013670",NULL,"0.88",NULL,NULL,NULL,NULL,False,NULL,NULL,"48.93","2026-03-06 18:01:27.084279+00"
"115233",8558,"2026-03-06 10:40:39.094+00","40.32923500","71.77013670",NULL,"0.88",NULL,NULL,NULL,NULL,False,NULL,NULL,"0.00","2026-03-06 18:01:27.084279+00"
"115234",8558,"2026-03-06 10:40:39.094+00","40.32923500","71.77013670",NULL,"0.88",NULL,NULL,NULL,NULL,False,NULL,NULL,"0.00","2026-03-06 18:01:27.08428+00"
"115230",8558,"2026-03-06 10:40:33.168+00","40.32967500","71.77014670",NULL,"3.19",NULL,NULL,NULL,NULL,False,NULL,NULL,"13.73","2026-03-06 18:01:27.084278+00"
"115231",8558,"2026-03-06 10:40:33.168+00","40.32967500","71.77014670",NULL,"3.19",NULL,NULL,NULL,NULL,False,NULL,NULL,"0.00","2026-03-06 18:01:27.084278+00"
"115229",8558,"2026-03-06 10:40:32.161+00","40.32979830","71.77013830",NULL,"2.48",NULL,NULL,NULL,NULL,False,NULL,NULL,"13.91","2026-03-06 18:01:27.084277+00"
"115228",8558,"2026-03-06 10:40:31.17+00","40.32992330","71.77013170",NULL,"1.85",NULL,NULL,NULL,NULL,False,NULL,NULL,"22.79","2026-03-06 18:01:27.084276+00"
"115227",8558,"2026-03-06 10:40:30.168+00","40.33012670","71.77016500",NULL,"1.08",NULL,NULL,NULL,NULL,False,NULL,NULL,"17.40","2026-03-06 18:01:27.084275+00"
"115226",8558,"2026-03-06 10:40:28.002+00","40.33028170","71.77019330",NULL,"0.41",NULL,NULL,NULL,NULL,False,NULL,NULL,"10.61","2026-03-06 18:01:27.084275+00"
"115224",8558,"2026-03-06 10:40:22.169+00","40.33037330","71.77022830",NULL,"0.00",NULL,NULL,NULL,NULL,False,NULL,NULL,"37.32","2026-03-06 18:01:27.084273+00"
"115225",8558,"2026-03-06 10:40:22.169+00","40.33037330","71.77022830",NULL,"0.00",NULL,NULL,NULL,NULL,False,NULL,NULL,"0.00","2026-03-06 18:01:27.084274+00"
"115222",8558,"2026-03-06 10:40:14.17+00","40.33069830","71.77011830",NULL,"11.60",NULL,NULL,NULL,NULL,False,NULL,NULL,"48.85","2026-03-06 18:01:27.08427+00"
"115223",8558,"2026-03-06 10:40:14.17+00","40.33069830","71.77011830",NULL,"11.60",NULL,NULL,NULL,NULL,False,NULL,NULL,"0.00","2026-03-06 18:01:27.084272+00"
"115221",8558,"2026-03-06 10:40:10.169+00","40.33113500","71.77005500",NULL,"14.27",NULL,NULL,NULL,NULL,False,NULL,NULL,"42.54","2026-03-06 18:01:27.084269+00"
"115220",8558,"2026-03-06 10:40:07.171+00","40.33151670","71.77002170",NULL,"15.32",NULL,NULL,NULL,NULL,False,NULL,NULL,"46.02","2026-03-06 18:01:27.084268+00"
"115219",8558,"2026-03-06 10:40:04.17+00","40.33192830","71.76996500",NULL,"15.10",NULL,NULL,NULL,NULL,False,NULL,NULL,"47.21","2026-03-06 18:01:27.084267+00"
"115218",8558,"2026-03-06 10:40:01.169+00","40.33235170","71.76992330",NULL,"14.94",NULL,NULL,NULL,NULL,False,NULL,NULL,"45.37","2026-03-06 18:01:27.084266+00"
"115217",8558,"2026-03-06 10:39:58.169+00","40.33275830","71.76987830",NULL,"15.12",NULL,NULL,NULL,NULL,False,NULL,NULL,"46.10","2026-03-06 18:01:27.084265+00"
"115216",8558,"2026-03-06 10:39:55.172+00","40.33317170","71.76983670",NULL,"15.94",NULL,NULL,NULL,NULL,False,NULL,NULL,"47.05","2026-03-06 18:01:27.084264+00"
"115215",8558,"2026-03-06 10:39:52.17+00","40.33359330","71.76979000",NULL,"15.95",NULL,NULL,NULL,NULL,False,NULL,NULL,"47.33","2026-03-06 18:01:27.084264+00"
"115214",8558,"2026-03-06 10:39:49.169+00","40.33401830","71.76976000",NULL,"15.65",NULL,NULL,NULL,NULL,False,NULL,NULL,"45.67","2026-03-06 18:01:27.084263+00"
"115213",8558,"2026-03-06 10:39:46.17+00","40.33442830","71.76972830",NULL,"15.17",NULL,NULL,NULL,NULL,False,NULL,NULL,"44.92","2026-03-06 18:01:27.084262+00"
"115212",8558,"2026-03-06 10:39:43.171+00","40.33483170","71.76970000",NULL,"14.60",NULL,NULL,NULL,NULL,False,NULL,NULL,"43.24","2026-03-06 18:01:27.084261+00"
"115211",8558,"2026-03-06 10:39:40.167+00","40.33522000","71.76967330",NULL,"13.56",NULL,NULL,NULL,NULL,False,NULL,NULL,"41.42","2026-03-06 18:01:27.08426+00"
"115210",8558,"2026-03-06 10:39:37.169+00","40.33559170","71.76964170",NULL,"14.06",NULL,NULL,NULL,NULL,False,NULL,NULL,"41.00","2026-03-06 18:01:27.08426+00"
"115209",8558,"2026-03-06 10:39:34.167+00","40.33596000","71.76961830",NULL,"14.50",NULL,NULL,NULL,NULL,False,NULL,NULL,"44.95","2026-03-06 18:01:27.084258+00"
"115208",8558,"2026-03-06 10:39:31.167+00","40.33636330","71.76958170",NULL,"14.24",NULL,NULL,NULL,NULL,False,NULL,NULL,"45.55","2026-03-06 18:01:27.084257+00"
"115207",8558,"2026-03-06 10:39:28.168+00","40.33677170","71.76954000",NULL,"15.53",NULL,NULL,NULL,NULL,False,NULL,NULL,"45.87","2026-03-06 18:01:27.084257+00"
"115206",8558,"2026-03-06 10:39:25.171+00","40.33718330","71.76950330",NULL,"14.93",NULL,NULL,NULL,NULL,False,NULL,NULL,"45.66","2026-03-06 18:01:27.084256+00"
"115205",8558,"2026-03-06 10:39:22.168+00","40.33759330","71.76947330",NULL,"15.54",NULL,NULL,NULL,NULL,False,NULL,NULL,"46.55","2026-03-06 18:01:27.084254+00"
"115204",8558,"2026-03-06 10:39:19.17+00","40.33801170","71.76945500",NULL,"15.53",NULL,NULL,NULL,NULL,False,NULL,NULL,"45.85","2026-03-06 18:01:27.084248+00"
"115203",8558,"2026-03-06 10:39:16.167+00","40.33842330","71.76942330",NULL,"15.83",NULL,NULL,NULL,NULL,False,NULL,NULL,"47.10","2026-03-06 18:01:27.084247+00"
"115202",8558,"2026-03-06 10:39:13.169+00","40.33884670","71.76940830",NULL,"16.38",NULL,NULL,NULL,NULL,False,NULL,NULL,"48.00","2026-03-06 18:01:27.084246+00"
"115201",8558,"2026-03-06 10:39:10.168+00","40.33927830","71.76940000",NULL,"15.73",NULL,NULL,NULL,NULL,False,NULL,NULL,"48.04","2026-03-06 18:01:27.084245+00"
"115200",8558,"2026-03-06 10:39:07.167+00","40.33971000","71.76942170",NULL,"16.05",NULL,NULL,NULL,NULL,False,NULL,NULL,"48.70","2026-03-06 18:01:22.851248+00"
"115199",8558,"2026-03-06 10:39:04.169+00","40.34014670","71.76946500",NULL,"16.28",NULL,NULL,NULL,NULL,False,NULL,NULL,"47.77","2026-03-06 18:01:22.851248+00"
"115198",8558,"2026-03-06 10:39:01.169+00","40.34057500","71.76950830",NULL,"15.92",NULL,NULL,NULL,NULL,False,NULL,NULL,"48.37","2026-03-06 18:01:22.851247+00"
"115197",8558,"2026-03-06 10:38:58.168+00","40.34100830","71.76955830",NULL,"16.82",NULL,NULL,NULL,NULL,False,NULL,NULL,"50.30","2026-03-06 18:01:22.851247+00"
"115196",8558,"2026-03-06 10:38:55.17+00","40.34145830","71.76961830",NULL,"16.71",NULL,NULL,NULL,NULL,False,NULL,NULL,"49.38","2026-03-06 18:01:22.851247+00"
"115195",8558,"2026-03-06 10:38:52.169+00","40.34190000","71.76967830",NULL,"16.65",NULL,NULL,NULL,NULL,False,NULL,NULL,"47.62","2026-03-06 18:01:22.851247+00"
"115194",8558,"2026-03-06 10:38:49.159+00","40.34232670","71.76972670",NULL,"16.76",NULL,NULL,NULL,NULL,False,NULL,NULL,"44.49","2026-03-06 18:01:22.851247+00"
"115193",8558,"2026-03-06 10:38:46.157+00","40.34272500","71.76977670",NULL,"16.36",NULL,NULL,NULL,NULL,False,NULL,NULL,"42.31","2026-03-06 18:01:22.851247+00"
"115192",8558,"2026-03-06 10:38:43.392+00","40.34310170","71.76984670",NULL,"15.51",NULL,NULL,NULL,NULL,False,NULL,NULL,"47.12","2026-03-06 18:01:22.851246+00"
"115190",8558,"2026-03-06 10:38:42.157+00","40.34352500","71.76982000",NULL,"16.36",NULL,NULL,NULL,NULL,False,NULL,NULL,"55.99","2026-03-06 18:01:22.851246+00"
"115191",8558,"2026-03-06 10:38:42.157+00","40.34352500","71.76982000",NULL,"16.36",NULL,NULL,NULL,NULL,False,NULL,NULL,"0.00","2026-03-06 18:01:22.851246+00"
"115188",8558,"2026-03-06 10:38:38.159+00","40.34402330","71.76991500",NULL,"17.65",NULL,NULL,NULL,NULL,False,NULL,NULL,"49.98","2026-03-06 18:01:22.851246+00"
"115189",8558,"2026-03-06 10:38:38.159+00","40.34402330","71.76991500",NULL,"17.65",NULL,NULL,NULL,NULL,False,NULL,NULL,"0.00","2026-03-06 18:01:22.851246+00"
"115187",8558,"2026-03-06 10:38:35.158+00","40.34447000","71.76998000",NULL,"16.82",NULL,NULL,NULL,NULL,False,NULL,NULL,"51.42","2026-03-06 18:01:22.851246+00"
"115186",8558,"2026-03-06 10:38:32.168+00","40.34493170","71.77001330",NULL,"16.90",NULL,NULL,NULL,NULL,False,NULL,NULL,"50.66","2026-03-06 18:01:22.851244+00"
"115185",8558,"2026-03-06 10:38:29.17+00","40.34538500","71.77007330",NULL,"17.38",NULL,NULL,NULL,NULL,False,NULL,NULL,"51.93","2026-03-06 18:01:22.851244+00"
"115184",8558,"2026-03-06 10:38:26.174+00","40.34585000","71.77013000",NULL,"17.08",NULL,NULL,NULL,NULL,False,NULL,NULL,"50.20","2026-03-06 18:01:22.851243+00"
"115183",8558,"2026-03-06 10:38:23.172+00","40.34630000","71.77017830",NULL,"16.72",NULL,NULL,NULL,NULL,False,NULL,NULL,"49.86","2026-03-06 18:01:22.851243+00"
"115182",8558,"2026-03-06 10:38:20.172+00","40.34674670","71.77023000",NULL,"16.63",NULL,NULL,NULL,NULL,False,NULL,NULL,"48.99","2026-03-06 18:01:22.851243+00"
"115181",8558,"2026-03-06 10:38:17.159+00","40.34718500","71.77028830",NULL,"16.36",NULL,NULL,NULL,NULL,False,NULL,NULL,"50.07","2026-03-06 18:01:22.851243+00"
"115180",8558,"2026-03-06 10:38:14.159+00","40.34763330","71.77034330",NULL,"15.96",NULL,NULL,NULL,NULL,False,NULL,NULL,"50.07","2026-03-06 18:01:22.851242+00"
"115179",8558,"2026-03-06 10:38:11.158+00","40.34808330","71.77036500",NULL,"16.52",NULL,NULL,NULL,NULL,False,NULL,NULL,"49.55","2026-03-06 18:01:22.851242+00"
"115178",8558,"2026-03-06 10:38:08.171+00","40.34852830","71.77039500",NULL,"16.03",NULL,NULL,NULL,NULL,False,NULL,NULL,"47.99","2026-03-06 18:01:22.851242+00"
"115177",8558,"2026-03-06 10:38:05.17+00","40.34895830","71.77044330",NULL,"15.80",NULL,NULL,NULL,NULL,False,NULL,NULL,"46.48","2026-03-06 18:01:22.851242+00"
"115176",8558,"2026-03-06 10:38:02.17+00","40.34937500","71.77048670",NULL,"15.28",NULL,NULL,NULL,NULL,False,NULL,NULL,"46.08","2026-03-06 18:01:22.851242+00"
"115175",8558,"2026-03-06 10:37:59.167+00","40.34978830","71.77052670",NULL,"15.46",NULL,NULL,NULL,NULL,False,NULL,NULL,"46.81","2026-03-06 18:01:22.851241+00"
"115174",8558,"2026-03-06 10:37:56.171+00","40.35020830","71.77056500",NULL,"15.55",NULL,NULL,NULL,NULL,False,NULL,NULL,"46.80","2026-03-06 18:01:22.851241+00"
"115173",8558,"2026-03-06 10:37:53.169+00","40.35062830","71.77060000",NULL,"15.50",NULL,NULL,NULL,NULL,False,NULL,NULL,"46.63","2026-03-06 18:01:22.851241+00"
"115172",8558,"2026-03-06 10:37:50.16+00","40.35104670","71.77063670",NULL,"15.30",NULL,NULL,NULL,NULL,False,NULL,NULL,"46.64","2026-03-06 18:01:22.851241+00"
"115171",8558,"2026-03-06 10:37:47.16+00","40.35146500","71.77067670",NULL,"15.66",NULL,NULL,NULL,NULL,False,NULL,NULL,"46.90","2026-03-06 18:01:22.851241+00"
"115170",8558,"2026-03-06 10:37:44.162+00","40.35188670","71.77069000",NULL,"16.06",NULL,NULL,NULL,NULL,False,NULL,NULL,"47.02","2026-03-06 18:01:22.85124+00"
"115169",8558,"2026-03-06 10:37:41.16+00","40.35230830","71.77073330",NULL,"15.67",NULL,NULL,NULL,NULL,False,NULL,NULL,"46.81","2026-03-06 18:01:22.85124+00"
"115168",8558,"2026-03-06 10:37:38.16+00","40.35272830","71.77077000",NULL,"15.69",NULL,NULL,NULL,NULL,False,NULL,NULL,"47.19","2026-03-06 18:01:22.851239+00"
"115167",8558,"2026-03-06 10:37:35.161+00","40.35315170","71.77080830",NULL,"15.84",NULL,NULL,NULL,NULL,False,NULL,NULL,"47.22","2026-03-06 18:01:22.851239+00"
"115166",8558,"2026-03-06 10:37:32.172+00","40.35357500","71.77085330",NULL,"15.65",NULL,NULL,NULL,NULL,False,NULL,NULL,"46.24","2026-03-06 18:01:22.851238+00"
"115165",8558,"2026-03-06 10:37:29.171+00","40.35398830","71.77091330",NULL,"15.04",NULL,NULL,NULL,NULL,False,NULL,NULL,"46.70","2026-03-06 18:01:22.851238+00"
"115164",8558,"2026-03-06 10:37:26.169+00","40.35440670","71.77096170",NULL,"16.39",NULL,NULL,NULL,NULL,False,NULL,NULL,"49.44","2026-03-06 18:01:22.851238+00"
"115163",8558,"2026-03-06 10:37:23.17+00","40.35485000","71.77100670",NULL,"16.23",NULL,NULL,NULL,NULL,False,NULL,NULL,"46.93","2026-03-06 18:01:22.851238+00"
"115162",8558,"2026-03-06 10:37:20.171+00","40.35527000","71.77106170",NULL,"15.34",NULL,NULL,NULL,NULL,False,NULL,NULL,"45.09","2026-03-06 18:01:22.851238+00"
"115161",8558,"2026-03-06 10:37:17.171+00","40.35567330","71.77111670",NULL,"14.93",NULL,NULL,NULL,NULL,False,NULL,NULL,"44.69","2026-03-06 18:01:22.851237+00"
"115160",8558,"2026-03-06 10:37:14.167+00","40.35607330","71.77116830",NULL,"14.38",NULL,NULL,NULL,NULL,False,NULL,NULL,"54.71","2026-03-06 18:01:22.851237+00"
"115159",8558,"2026-03-06 10:37:10.171+00","40.35656170","71.77124670",NULL,"12.77",NULL,NULL,NULL,NULL,False,NULL,NULL,"47.50","2026-03-06 18:01:22.851237+00"
"115158",8558,"2026-03-06 10:37:06.17+00","40.35698670","71.77130330",NULL,"13.30",NULL,NULL,NULL,NULL,False,NULL,NULL,"42.43","2026-03-06 18:01:22.851237+00"
"115157",8558,"2026-03-06 10:37:03.167+00","40.35736830","71.77130500",NULL,"14.49",NULL,NULL,NULL,NULL,False,NULL,NULL,"43.80","2026-03-06 18:01:22.851236+00"
"115155",8558,"2026-03-06 10:36:59.913+00","40.35775500","71.77140330",NULL,"13.33",NULL,NULL,NULL,NULL,False,NULL,NULL,"31.05","2026-03-06 18:01:22.851236+00"
"115156",8558,"2026-03-06 10:36:59.913+00","40.35775500","71.77140330",NULL,"13.33",NULL,NULL,NULL,NULL,False,NULL,NULL,"0.00","2026-03-06 18:01:22.851236+00"
"115153",8558,"2026-03-06 10:36:58.221+00","40.35802830","71.77132830",NULL,"8.68",NULL,NULL,NULL,NULL,False,NULL,NULL,"23.91","2026-03-06 18:01:22.851235+00"
"115154",8558,"2026-03-06 10:36:58.221+00","40.35802830","71.77132830",NULL,"8.68",NULL,NULL,NULL,NULL,False,NULL,NULL,"0.00","2026-03-06 18:01:22.851235+00"
"115151",8558,"2026-03-06 10:36:56.949+00","40.35824330","71.77132500",NULL,"7.39",NULL,NULL,NULL,NULL,False,NULL,NULL,"47.34","2026-03-06 18:01:22.851231+00"
"115152",8558,"2026-03-06 10:36:56.949+00","40.35824330","71.77132500",NULL,"7.39",NULL,NULL,NULL,NULL,False,NULL,NULL,"0.00","2026-03-06 18:01:22.851235+00"
"115149",8558,"2026-03-06 10:36:55.159+00","40.35865670","71.77145830",NULL,"8.81",NULL,NULL,NULL,NULL,False,NULL,NULL,"28.48","2026-03-06 18:01:21.976755+00"
"115150",8558,"2026-03-06 10:36:55.159+00","40.35865670","71.77145830",NULL,"8.81",NULL,NULL,NULL,NULL,False,NULL,NULL,"0.00","2026-03-06 18:01:21.976755+00"
"115148",8558,"2026-03-06 10:36:53.16+00","40.35891170","71.77149000",NULL,"4.33",NULL,NULL,NULL,NULL,False,NULL,NULL,"23.60","2026-03-06 18:01:21.976754+00"
"115146",8558,"2026-03-06 10:36:48.157+00","40.35911500","71.77157000",NULL,"6.52",NULL,NULL,NULL,NULL,False,NULL,NULL,"17.90","2026-03-06 18:01:21.976754+00"
"115147",8558,"2026-03-06 10:36:48.157+00","40.35911500","71.77157000",NULL,"6.52",NULL,NULL,NULL,NULL,False,NULL,NULL,"0.00","2026-03-06 18:01:21.976754+00"
"115144",8558,"2026-03-06 10:36:35.157+00","40.35927170","71.77161830",NULL,"0.04",NULL,NULL,NULL,NULL,False,NULL,NULL,"30.23","2026-03-06 18:01:21.976753+00"
"115145",8558,"2026-03-06 10:36:35.157+00","40.35927170","71.77161830",NULL,"0.04",NULL,NULL,NULL,NULL,False,NULL,NULL,"0.00","2026-03-06 18:01:21.976754+00"
"115142",8558,"2026-03-06 10:36:21.163+00","40.35954330","71.77163500",NULL,"8.17",NULL,NULL,NULL,NULL,False,NULL,NULL,"50.57","2026-03-06 18:01:21.976753+00"
"115143",8558,"2026-03-06 10:36:21.163+00","40.35954330","71.77163500",NULL,"8.17",NULL,NULL,NULL,NULL,False,NULL,NULL,"0.00","2026-03-06 18:01:21.976753+00"
"115141",8558,"2026-03-06 10:36:18.165+00","40.35998000","71.77180170",NULL,"13.92",NULL,NULL,NULL,NULL,False,NULL,NULL,"52.95","2026-03-06 18:01:21.976752+00"
"115139",8558,"2026-03-06 10:36:13.169+00","40.36044830","71.77168830",NULL,"13.35",NULL,NULL,NULL,NULL,False,NULL,NULL,"36.05","2026-03-06 18:01:21.976751+00"
"115140",8558,"2026-03-06 10:36:13.169+00","40.36044830","71.77168830",NULL,"13.35",NULL,NULL,NULL,NULL,False,NULL,NULL,"0.00","2026-03-06 18:01:21.976751+00"
"115138",8558,"2026-03-06 10:36:10.165+00","40.36077170","71.77171830",NULL,"10.99",NULL,NULL,NULL,NULL,False,NULL,NULL,"40.90","2026-03-06 18:01:21.976751+00"
"115137",8558,"2026-03-06 10:36:06.169+00","40.36113830","71.77175830",NULL,"9.50",NULL,NULL,NULL,NULL,False,NULL,NULL,"39.21","2026-03-06 18:01:21.976751+00"
"115136",8558,"2026-03-06 10:36:02.165+00","40.36149000","71.77179170",NULL,"8.96",NULL,NULL,NULL,NULL,False,NULL,NULL,"36.04","2026-03-06 18:01:21.97675+00"
"115134",8558,"2026-03-06 10:35:57.171+00","40.36181330","71.77182170",NULL,"9.88",NULL,NULL,NULL,NULL,False,NULL,NULL,"44.20","2026-03-06 18:01:21.97675+00"
"115135",8558,"2026-03-06 10:35:57.171+00","40.36181330","71.77182170",NULL,"9.88",NULL,NULL,NULL,NULL,False,NULL,NULL,"0.00","2026-03-06 18:01:21.97675+00"
"115133",8558,"2026-03-06 10:35:53.171+00","40.36220670","71.77189670",NULL,"13.26",NULL,NULL,NULL,NULL,False,NULL,NULL,"43.41","2026-03-06 18:01:21.976749+00"
"115132",8558,"2026-03-06 10:35:50.173+00","40.36259500","71.77195000",NULL,"15.45",NULL,NULL,NULL,NULL,False,NULL,NULL,"46.87","2026-03-06 18:01:21.976749+00"
"115131",8558,"2026-03-06 10:35:47.171+00","40.36301500","71.77199670",NULL,"15.44",NULL,NULL,NULL,NULL,False,NULL,NULL,"47.74","2026-03-06 18:01:21.976749+00"
"115130",8558,"2026-03-06 10:35:44.171+00","40.36344330","71.77203500",NULL,"15.73",NULL,NULL,NULL,NULL,False,NULL,NULL,"47.82","2026-03-06 18:01:21.976748+00"
"115129",8558,"2026-03-06 10:35:41.171+00","40.36387330","71.77204670",NULL,"15.00",NULL,NULL,NULL,NULL,False,NULL,NULL,"44.89","2026-03-06 18:01:21.976748+00"
"115128",8558,"2026-03-06 10:35:38.171+00","40.36427670","71.77206830",NULL,"14.82",NULL,NULL,NULL,NULL,False,NULL,NULL,"44.32","2026-03-06 18:01:21.976748+00"
"115127",8558,"2026-03-06 10:35:34.955+00","40.36467500","71.77208830",NULL,"13.76",NULL,NULL,NULL,NULL,False,NULL,NULL,"56.26","2026-03-06 18:01:21.976748+00"
"115125",8558,"2026-03-06 10:35:31.169+00","40.36517330","71.77220330",NULL,"12.86",NULL,NULL,NULL,NULL,False,NULL,NULL,"37.33","2026-03-06 18:01:21.976747+00"
"115126",8558,"2026-03-06 10:35:31.169+00","40.36517330","71.77220330",NULL,"12.86",NULL,NULL,NULL,NULL,False,NULL,NULL,"0.00","2026-03-06 18:01:21.976747+00"
"115124",8558,"2026-03-06 10:35:27.966+00","40.36550830","71.77223170",NULL,"10.08",NULL,NULL,NULL,NULL,False,NULL,NULL,"36.53","2026-03-06 18:01:21.976747+00"
"115122",8558,"2026-03-06 10:35:25.159+00","40.36583330","71.77229500",NULL,"8.33",NULL,NULL,NULL,NULL,False,NULL,NULL,"30.05","2026-03-06 18:01:21.976745+00"
"115123",8558,"2026-03-06 10:35:25.159+00","40.36583330","71.77229500",NULL,"8.33",NULL,NULL,NULL,NULL,False,NULL,NULL,"0.00","2026-03-06 18:01:21.976745+00"
"115120",8558,"2026-03-06 10:35:20.16+00","40.36610170","71.77233670",NULL,"4.52",NULL,NULL,NULL,NULL,False,NULL,NULL,"12.39","2026-03-06 18:01:21.976745+00"
"115121",8558,"2026-03-06 10:35:20.16+00","40.36610170","71.77233670",NULL,"4.52",NULL,NULL,NULL,NULL,False,NULL,NULL,"0.00","2026-03-06 18:01:21.976745+00"
"115118",8558,"2026-03-06 10:34:31.158+00","40.36621170","71.77236000",NULL,"0.53",NULL,NULL,NULL,NULL,False,NULL,NULL,"22.24","2026-03-06 18:01:21.976744+00"
"115119",8558,"2026-03-06 10:34:31.158+00","40.36621170","71.77236000",NULL,"0.53",NULL,NULL,NULL,NULL,False,NULL,NULL,"0.00","2026-03-06 18:01:21.976744+00"
"115116",8558,"2026-03-06 10:34:25.16+00","40.36628670","71.77211670",NULL,"6.38",NULL,NULL,NULL,NULL,False,NULL,NULL,"33.89","2026-03-06 18:01:21.976743+00"
"115117",8558,"2026-03-06 10:34:25.16+00","40.36628670","71.77211670",NULL,"6.38",NULL,NULL,NULL,NULL,False,NULL,NULL,"0.00","2026-03-06 18:01:21.976744+00"
"115114",8558,"2026-03-06 10:34:23.158+00","40.36648830","71.77241670",NULL,"9.60",NULL,NULL,NULL,NULL,False,NULL,NULL,"24.87","2026-03-06 18:01:21.976743+00"
"115115",8558,"2026-03-06 10:34:23.158+00","40.36648830","71.77241670",NULL,"9.60",NULL,NULL,NULL,NULL,False,NULL,NULL,"0.00","2026-03-06 18:01:21.976743+00"
"115113",8558,"2026-03-06 10:34:21.158+00","40.36671170","71.77243170",NULL,"6.08",NULL,NULL,NULL,NULL,False,NULL,NULL,"30.70","2026-03-06 18:01:21.976743+00"
"115112",8558,"2026-03-06 10:34:18.163+00","40.36698500","71.77238000",NULL,"3.22",NULL,NULL,NULL,NULL,False,NULL,NULL,"25.13","2026-03-06 18:01:21.976742+00"
"115110",8558,"2026-03-06 10:34:13.159+00","40.36719330","71.77226500",NULL,"2.68",NULL,NULL,NULL,NULL,False,NULL,NULL,"15.03","2026-03-06 18:01:21.976742+00"
"115111",8558,"2026-03-06 10:34:13.159+00","40.36719330","71.77226500",NULL,"2.68",NULL,NULL,NULL,NULL,False,NULL,NULL,"0.00","2026-03-06 18:01:21.976742+00"
"115109",8558,"2026-03-06 10:34:10.158+00","40.36725170","71.77210500",NULL,"1.33",NULL,NULL,NULL,NULL,False,NULL,NULL,"13.24","2026-03-06 18:01:21.976741+00"
"115108",8558,"2026-03-06 10:33:52.158+00","40.36726670","71.77195000",NULL,"0.38",NULL,NULL,NULL,NULL,False,NULL,NULL,"11.84","2026-03-06 18:01:21.976741+00"
"115106",8558,"2026-03-06 10:33:48.405+00","40.36736830","71.77190830",NULL,"0.22",NULL,NULL,NULL,NULL,False,NULL,NULL,"31.03","2026-03-06 18:01:21.97674+00"
"115107",8558,"2026-03-06 10:33:48.405+00","40.36736830","71.77190830",NULL,"0.22",NULL,NULL,NULL,NULL,False,NULL,NULL,"0.00","2026-03-06 18:01:21.976741+00"
"115104",8558,"2026-03-06 10:33:47.157+00","40.36727830","71.77225500",NULL,"4.56",NULL,NULL,NULL,NULL,False,NULL,NULL,"32.33","2026-03-06 18:01:21.976737+00"
"115105",8558,"2026-03-06 10:33:47.157+00","40.36727830","71.77225500",NULL,"4.56",NULL,NULL,NULL,NULL,False,NULL,NULL,"0.00","2026-03-06 18:01:21.976737+00"
"115103",8558,"2026-03-06 10:33:41.161+00","40.36738830","71.77190170",NULL,"7.88",NULL,NULL,NULL,NULL,False,NULL,NULL,"35.92","2026-03-06 18:01:21.976736+00"
"115102",8558,"2026-03-06 10:33:37.546+00","40.36747500","71.77149330",NULL,"11.73",NULL,NULL,NULL,NULL,False,NULL,NULL,"33.78","2026-03-06 18:01:21.976736+00"
"115100",8558,"2026-03-06 10:33:36.158+00","40.36751670","71.77109830",NULL,"11.45",NULL,NULL,NULL,NULL,False,NULL,NULL,"52.28","2026-03-06 18:01:20.946219+00"
"115101",8558,"2026-03-06 10:33:36.158+00","40.36751670","71.77109830",NULL,"11.45",NULL,NULL,NULL,NULL,False,NULL,NULL,"0.00","2026-03-06 18:01:21.976735+00"
"115099",8558,"2026-03-06 10:33:32.161+00","40.36762670","71.77049830",NULL,"13.67",NULL,NULL,NULL,NULL,False,NULL,NULL,"40.98","2026-03-06 18:01:20.946219+00"
"115098",8558,"2026-03-06 10:33:29.159+00","40.36772830","71.77003330",NULL,"14.02",NULL,NULL,NULL,NULL,False,NULL,NULL,"41.61","2026-03-06 18:01:20.946218+00"
"115097",8558,"2026-03-06 10:33:26.161+00","40.36782330","71.76955830",NULL,"13.80",NULL,NULL,NULL,NULL,False,NULL,NULL,"40.69","2026-03-06 18:01:20.946217+00"
"115096",8558,"2026-03-06 10:33:23.159+00","40.36791500","71.76909330",NULL,"13.26",NULL,NULL,NULL,NULL,False,NULL,NULL,"40.33","2026-03-06 18:01:20.946216+00"
"115095",8558,"2026-03-06 10:33:20.159+00","40.36800830","71.76863330",NULL,"13.47",NULL,NULL,NULL,NULL,False,NULL,NULL,"40.14","2026-03-06 18:01:20.946216+00"
"115094",8558,"2026-03-06 10:33:17.159+00","40.36810000","71.76817500",NULL,"13.40",NULL,NULL,NULL,NULL,False,NULL,NULL,"40.01","2026-03-06 18:01:20.946215+00"
"115093",8558,"2026-03-06 10:33:14.159+00","40.36819170","71.76771830",NULL,"13.15",NULL,NULL,NULL,NULL,False,NULL,NULL,"39.96","2026-03-06 18:01:20.946214+00"
"115092",8558,"2026-03-06 10:33:11.159+00","40.36828170","71.76726170",NULL,"13.34",NULL,NULL,NULL,NULL,False,NULL,NULL,"39.92","2026-03-06 18:01:20.946184+00"
"115091",8558,"2026-03-06 10:33:08.16+00","40.36837500","71.76680670",NULL,"13.38",NULL,NULL,NULL,NULL,False,NULL,NULL,"40.40","2026-03-06 18:01:20.946183+00"
"115090",8558,"2026-03-06 10:33:05.158+00","40.36847500","71.76634830",NULL,"13.40",NULL,NULL,NULL,NULL,False,NULL,NULL,"41.84","2026-03-06 18:01:20.946183+00"
"115089",8558,"2026-03-06 10:33:02.159+00","40.36858670","71.76587670",NULL,"14.16",NULL,NULL,NULL,NULL,False,NULL,NULL,"42.34","2026-03-06 18:01:20.946182+00"
"115088",8558,"2026-03-06 10:32:59.159+00","40.36868830","71.76539500",NULL,"14.34",NULL,NULL,NULL,NULL,False,NULL,NULL,"43.75","2026-03-06 18:01:20.946181+00"
"115087",8558,"2026-03-06 10:32:56.16+00","40.36879170","71.76489670",NULL,"14.80",NULL,NULL,NULL,NULL,False,NULL,NULL,"43.48","2026-03-06 18:01:20.946179+00"
"115086",8558,"2026-03-06 10:32:53.161+00","40.36889500","71.76440170",NULL,"14.66",NULL,NULL,NULL,NULL,False,NULL,NULL,"44.37","2026-03-06 18:01:20.946178+00"
"115085",8558,"2026-03-06 10:32:50.161+00","40.36900500","71.76389830",NULL,"14.85",NULL,NULL,NULL,NULL,False,NULL,NULL,"44.71","2026-03-06 18:01:20.946156+00"
"115084",8558,"2026-03-06 10:32:47.158+00","40.36913000","71.76339670",NULL,"15.08",NULL,NULL,NULL,NULL,False,NULL,NULL,"44.88","2026-03-06 18:01:20.946156+00"
"115083",8558,"2026-03-06 10:32:44.197+00","40.36926670","71.76289830",NULL,"14.90",NULL,NULL,NULL,NULL,False,NULL,NULL,"43.78","2026-03-06 18:01:20.946155+00"
"115082",8558,"2026-03-06 10:32:41.159+00","40.36942170","71.76242330",NULL,"14.49",NULL,NULL,NULL,NULL,False,NULL,NULL,"43.97","2026-03-06 18:01:20.946154+00"
"115081",8558,"2026-03-06 10:32:38.158+00","40.36960000","71.76196000",NULL,"14.50",NULL,NULL,NULL,NULL,False,NULL,NULL,"42.44","2026-03-06 18:01:20.946153+00"
"115080",8558,"2026-03-06 10:32:35.158+00","40.36978000","71.76151830",NULL,"14.49",NULL,NULL,NULL,NULL,False,NULL,NULL,"43.53","2026-03-06 18:01:20.946152+00"
"115079",8558,"2026-03-06 10:32:32.157+00","40.36998830","71.76108330",NULL,"14.05",NULL,NULL,NULL,NULL,False,NULL,NULL,"42.56","2026-03-06 18:01:20.946151+00"
"115078",8558,"2026-03-06 10:32:29.157+00","40.37018830","71.76065500",NULL,"13.40",NULL,NULL,NULL,NULL,False,NULL,NULL,"48.12","2026-03-06 18:01:20.94615+00"
"115076",8558,"2026-03-06 10:32:25.158+00","40.37040500","71.76016330",NULL,"12.60",NULL,NULL,NULL,NULL,False,NULL,NULL,"36.97","2026-03-06 18:01:20.946149+00"
"115077",8558,"2026-03-06 10:32:25.158+00","40.37040500","71.76016330",NULL,"12.60",NULL,NULL,NULL,NULL,False,NULL,NULL,"0.00","2026-03-06 18:01:20.946149+00"
"115075",8558,"2026-03-06 10:32:22.158+00","40.37058330","71.75979500",NULL,"12.27",NULL,NULL,NULL,NULL,False,NULL,NULL,"35.23","2026-03-06 18:01:20.946148+00"
"115074",8558,"2026-03-06 10:32:19.158+00","40.37074830","71.75944000",NULL,"12.09",NULL,NULL,NULL,NULL,False,NULL,NULL,"33.64","2026-03-06 18:01:20.946147+00"
"115073",8558,"2026-03-06 10:32:16.158+00","40.37090670","71.75910170",NULL,"11.90",NULL,NULL,NULL,NULL,False,NULL,NULL,"31.79","2026-03-06 18:01:20.946146+00"
"115072",8558,"2026-03-06 10:32:12.568+00","40.37107670","71.75880000",NULL,"11.74",NULL,NULL,NULL,NULL,False,NULL,NULL,"32.11","2026-03-06 18:01:20.946146+00"
"115070",8558,"2026-03-06 10:32:11.157+00","40.37121170","71.75846500",NULL,"12.02",NULL,NULL,NULL,NULL,False,NULL,NULL,"47.87","2026-03-06 18:01:20.946144+00"
"115071",8558,"2026-03-06 10:32:11.157+00","40.37121170","71.75846500",NULL,"12.02",NULL,NULL,NULL,NULL,False,NULL,NULL,"0.00","2026-03-06 18:01:20.946145+00"
"115068",8558,"2026-03-06 10:32:08.157+00","40.37151830","71.75806830",NULL,"12.71",NULL,NULL,NULL,NULL,False,NULL,NULL,"36.41","2026-03-06 18:01:20.946141+00"
"115069",8558,"2026-03-06 10:32:08.157+00","40.37151830","71.75806830",NULL,"12.71",NULL,NULL,NULL,NULL,False,NULL,NULL,"0.00","2026-03-06 18:01:20.946142+00"
"115066",8558,"2026-03-06 10:32:05.158+00","40.37169330","71.75770500",NULL,"12.40",NULL,NULL,NULL,NULL,False,NULL,NULL,"43.94","2026-03-06 18:01:20.94614+00"
"115067",8558,"2026-03-06 10:32:05.158+00","40.37169330","71.75770500",NULL,"12.40",NULL,NULL,NULL,NULL,False,NULL,NULL,"0.00","2026-03-06 18:01:20.94614+00"
"115064",8558,"2026-03-06 10:32:01.158+00","40.37194330","71.75730330",NULL,"12.64",NULL,NULL,NULL,NULL,False,NULL,NULL,"34.08","2026-03-06 18:01:20.946138+00"
"115065",8558,"2026-03-06 10:32:01.158+00","40.37194330","71.75730330",NULL,"12.64",NULL,NULL,NULL,NULL,False,NULL,NULL,"0.00","2026-03-06 18:01:20.946139+00"
"115063",8558,"2026-03-06 10:31:58.158+00","40.37217830","71.75704500",NULL,"12.42",NULL,NULL,NULL,NULL,False,NULL,NULL,"33.47","2026-03-06 18:01:20.946137+00"
"115062",8558,"2026-03-06 10:31:55.159+00","40.37243330","71.75683500",NULL,"10.81",NULL,NULL,NULL,NULL,False,NULL,NULL,"35.28","2026-03-06 18:01:20.946137+00"
"115060",8558,"2026-03-06 10:31:53.16+00","40.37269170","71.75659330",NULL,"12.38",NULL,NULL,NULL,NULL,False,NULL,NULL,"51.44","2026-03-06 18:01:20.946135+00"
"115061",8558,"2026-03-06 10:31:53.16+00","40.37269170","71.75659330",NULL,"12.38",NULL,NULL,NULL,NULL,False,NULL,NULL,"0.00","2026-03-06 18:01:20.946136+00"
"115059",8558,"2026-03-06 10:31:49.16+00","40.37309170","71.75628830",NULL,"12.83",NULL,NULL,NULL,NULL,False,NULL,NULL,"52.40","2026-03-06 18:01:20.946134+00"
"115058",8558,"2026-03-06 10:31:45.159+00","40.37350170","71.75598330",NULL,"12.90",NULL,NULL,NULL,NULL,False,NULL,NULL,"41.41","2026-03-06 18:01:20.946133+00"
"115057",8558,"2026-03-06 10:31:42.157+00","40.37382330","71.75573670",NULL,"13.08",NULL,NULL,NULL,NULL,False,NULL,NULL,"46.95","2026-03-06 18:01:20.946132+00"
"115055",8558,"2026-03-06 10:31:38.159+00","40.37417830","71.75543670",NULL,"12.66",NULL,NULL,NULL,NULL,False,NULL,NULL,"38.01","2026-03-06 18:01:20.94613+00"
"115056",8558,"2026-03-06 10:31:38.159+00","40.37417830","71.75543670",NULL,"12.66",NULL,NULL,NULL,NULL,False,NULL,NULL,"0.00","2026-03-06 18:01:20.946132+00"
"115054",8558,"2026-03-06 10:31:35.159+00","40.37447830","71.75522170",NULL,"12.07",NULL,NULL,NULL,NULL,False,NULL,NULL,"35.78","2026-03-06 18:01:20.946129+00"
"115053",8558,"2026-03-06 10:31:32.165+00","40.37475670","71.75501000",NULL,"11.96",NULL,NULL,NULL,NULL,False,NULL,NULL,"36.22","2026-03-06 18:01:20.946128+00"
"115052",8558,"2026-03-06 10:31:29.16+00","40.37503830","71.75479500",NULL,"11.53",NULL,NULL,NULL,NULL,False,NULL,NULL,"35.82","2026-03-06 18:01:20.946099+00"
"115051",8558,"2026-03-06 10:31:26.157+00","40.37532000","71.75459000",NULL,"11.79",NULL,NULL,NULL,NULL,False,NULL,NULL,"35.21","2026-03-06 18:01:20.946097+00"
"115050",8558,"2026-03-06 10:31:23.158+00","40.37559330","71.75438000",NULL,"11.71",NULL,NULL,NULL,NULL,False,NULL,NULL,"35.78","2026-03-06 18:01:20.458866+00"
"115049",8558,"2026-03-06 10:31:20.158+00","40.37587170","71.75416830",NULL,"11.78",NULL,NULL,NULL,NULL,False,NULL,NULL,"35.59","2026-03-06 18:01:20.458865+00"
"115048",8558,"2026-03-06 10:31:17.158+00","40.37614670","71.75395330",NULL,"11.05",NULL,NULL,NULL,NULL,False,NULL,NULL,"33.45","2026-03-06 18:01:20.458864+00"
"115047",8558,"2026-03-06 10:31:14.157+00","40.37640830","71.75375830",NULL,"10.59",NULL,NULL,NULL,NULL,False,NULL,NULL,"35.59","2026-03-06 18:01:20.458864+00"
"115046",8558,"2026-03-06 10:31:11.156+00","40.37670830","71.75361170",NULL,"8.72",NULL,NULL,NULL,NULL,False,NULL,NULL,"31.73","2026-03-06 18:01:20.458863+00"
"115044",8558,"2026-03-06 10:31:08.159+00","40.37691000","71.75334670",NULL,"8.29",NULL,NULL,NULL,NULL,False,NULL,NULL,"27.00","2026-03-06 18:01:20.458862+00"
"115045",8558,"2026-03-06 10:31:08.159+00","40.37691000","71.75334670",NULL,"8.29",NULL,NULL,NULL,NULL,False,NULL,NULL,"0.00","2026-03-06 18:01:20.458862+00"
"115043",8558,"2026-03-06 10:31:04.158+00","40.37712000","71.75318670",NULL,"3.91",NULL,NULL,NULL,NULL,False,NULL,NULL,"20.63","2026-03-06 18:01:20.458861+00"
"115042",8558,"2026-03-06 10:30:59.156+00","40.37728000","71.75306330",NULL,"3.57",NULL,NULL,NULL,NULL,False,NULL,NULL,"20.30","2026-03-06 18:01:20.45886+00"
"115041",8558,"2026-03-06 10:30:53.158+00","40.37743500","71.75293670",NULL,"3.89",NULL,NULL,NULL,NULL,False,NULL,NULL,"20.53","2026-03-06 18:01:20.458859+00"
"115039",8558,"2026-03-06 10:30:36.159+00","40.37758000","71.75278670",NULL,"7.33",NULL,NULL,NULL,NULL,False,NULL,NULL,"45.51","2026-03-06 18:01:20.458858+00"
"115040",8558,"2026-03-06 10:30:36.159+00","40.37758000","71.75278670",NULL,"7.33",NULL,NULL,NULL,NULL,False,NULL,NULL,"0.00","2026-03-06 18:01:20.458858+00"
"115038",8558,"2026-03-06 10:30:31.158+00","40.37793670","71.75252330",NULL,"13.04",NULL,NULL,NULL,NULL,False,NULL,NULL,"47.79","2026-03-06 18:01:20.458857+00"
"115037",8558,"2026-03-06 10:30:27.159+00","40.37829830","71.75221830",NULL,"12.73",NULL,NULL,NULL,NULL,False,NULL,NULL,"42.28","2026-03-06 18:01:20.458856+00"
"115036",8558,"2026-03-06 10:30:24.159+00","40.37857670","71.75187830",NULL,"14.75",NULL,NULL,NULL,NULL,False,NULL,NULL,"44.20","2026-03-06 18:01:20.458856+00"
"115035",8558,"2026-03-06 10:30:21.169+00","40.37883500","71.75148170",NULL,"14.44",NULL,NULL,NULL,NULL,False,NULL,NULL,"45.92","2026-03-06 18:01:20.458855+00"
"115034",8558,"2026-03-06 10:30:18.167+00","40.37906330","71.75103000",NULL,"15.80",NULL,NULL,NULL,NULL,False,NULL,NULL,"49.23","2026-03-06 18:01:20.458854+00"
"115033",8558,"2026-03-06 10:30:15.169+00","40.37925330","71.75050500",NULL,"16.62",NULL,NULL,NULL,NULL,False,NULL,NULL,"50.93","2026-03-06 18:01:20.458851+00"
"115032",8558,"2026-03-06 10:30:12.167+00","40.37941000","71.74994000",NULL,"16.27",NULL,NULL,NULL,NULL,False,NULL,NULL,"44.59","2026-03-06 18:01:20.458851+00"
"115031",8558,"2026-03-06 10:30:09.16+00","40.37955330","71.74944830",NULL,"15.08",NULL,NULL,NULL,NULL,False,NULL,NULL,"43.84","2026-03-06 18:01:20.45885+00"
"115030",8558,"2026-03-06 10:30:06.16+00","40.37967670","71.74895670",NULL,"14.49",NULL,NULL,NULL,NULL,False,NULL,NULL,"43.21","2026-03-06 18:01:20.458849+00"
"115029",8558,"2026-03-06 10:30:03.16+00","40.37981500","71.74848000",NULL,"14.98",NULL,NULL,NULL,NULL,False,NULL,NULL,"47.33","2026-03-06 18:01:20.458848+00"
"115028",8558,"2026-03-06 10:30:00.159+00","40.37999170","71.74797170",NULL,"15.38",NULL,NULL,NULL,NULL,False,NULL,NULL,"47.00","2026-03-06 18:01:20.458847+00"
"115026",8558,"2026-03-06 10:29:57.16+00","40.38015830","71.74746170",NULL,"16.04",NULL,NULL,NULL,NULL,False,NULL,NULL,"62.73","2026-03-06 18:01:20.458846+00"
"115027",8558,"2026-03-06 10:29:57.16+00","40.38015830","71.74746170",NULL,"16.04",NULL,NULL,NULL,NULL,False,NULL,NULL,"0.00","2026-03-06 18:01:20.458847+00"
"115025",8558,"2026-03-06 10:29:53.158+00","40.38038170","71.74678170",NULL,"18.10",NULL,NULL,NULL,NULL,False,NULL,NULL,"61.89","2026-03-06 18:01:20.458845+00"
"115023",8558,"2026-03-06 10:29:50.159+00","40.38047670","71.74606170",NULL,"17.59",NULL,NULL,NULL,NULL,False,NULL,NULL,"51.45","2026-03-06 18:01:20.458844+00"
"115024",8558,"2026-03-06 10:29:50.159+00","40.38047670","71.74606170",NULL,"17.59",NULL,NULL,NULL,NULL,False,NULL,NULL,"0.00","2026-03-06 18:01:20.458845+00"
"115022",8558,"2026-03-06 10:29:47.158+00","40.38051830","71.74545670",NULL,"16.43",NULL,NULL,NULL,NULL,False,NULL,NULL,"48.71","2026-03-06 18:01:20.458843+00"
"115021",8558,"2026-03-06 10:29:44.158+00","40.38051500","71.74488170",NULL,"16.22",NULL,NULL,NULL,NULL,False,NULL,NULL,"47.87","2026-03-06 18:01:20.458842+00"
"115020",8558,"2026-03-06 10:29:41.159+00","40.38050500","71.74431670",NULL,"15.40",NULL,NULL,NULL,NULL,False,NULL,NULL,"46.76","2026-03-06 18:01:20.458842+00"
"115019",8558,"2026-03-06 10:29:38.158+00","40.38049000","71.74376500",NULL,"15.04",NULL,NULL,NULL,NULL,False,NULL,NULL,"51.00","2026-03-06 18:01:20.458841+00"
"115018",8558,"2026-03-06 10:29:35.158+00","40.38043830","71.74316670",NULL,"14.36",NULL,NULL,NULL,NULL,False,NULL,NULL,"48.21","2026-03-06 18:01:20.45884+00"
"115016",8558,"2026-03-06 10:29:32.16+00","40.38056330","71.74262170",NULL,"14.50",NULL,NULL,NULL,NULL,False,NULL,NULL,"30.92","2026-03-06 18:01:20.458836+00"
"115017",8558,"2026-03-06 10:29:32.16+00","40.38056330","71.74262170",NULL,"14.50",NULL,NULL,NULL,NULL,False,NULL,NULL,"0.00","2026-03-06 18:01:20.458839+00"
"115015",8558,"2026-03-06 10:29:30.158+00","40.38056830","71.74225670",NULL,"12.10",NULL,NULL,NULL,NULL,False,NULL,NULL,"42.38","2026-03-06 18:01:20.458835+00"
"115014",8558,"2026-03-06 10:29:27.161+00","40.38055500","71.74175670",NULL,"11.22",NULL,NULL,NULL,NULL,False,NULL,NULL,"35.32","2026-03-06 18:01:20.458835+00"
"115012",8558,"2026-03-06 10:29:24.158+00","40.38051330","71.74134330",NULL,"9.83",NULL,NULL,NULL,NULL,False,NULL,NULL,"27.96","2026-03-06 18:01:20.458833+00"
"115013",8558,"2026-03-06 10:29:24.158+00","40.38051330","71.74134330",NULL,"9.83",NULL,NULL,NULL,NULL,False,NULL,NULL,"0.00","2026-03-06 18:01:20.458834+00"
"115011",8558,"2026-03-06 10:29:21.158+00","40.38051830","71.74101330",NULL,"6.23",NULL,NULL,NULL,NULL,False,NULL,NULL,"20.57","2026-03-06 18:01:20.458832+00"
"115009",8558,"2026-03-06 10:28:49.158+00","40.38050000","71.74077170",NULL,"3.44",NULL,NULL,NULL,NULL,False,NULL,NULL,"32.62","2026-03-06 18:01:20.458831+00"
"115010",8558,"2026-03-06 10:28:49.158+00","40.38050000","71.74077170",NULL,"3.44",NULL,NULL,NULL,NULL,False,NULL,NULL,"0.00","2026-03-06 18:01:20.458832+00"
"115008",8558,"2026-03-06 10:28:43.159+00","40.38050830","71.74038670",NULL,"8.24",NULL,NULL,NULL,NULL,False,NULL,NULL,"36.85","2026-03-06 18:01:20.45883+00"
"115007",8558,"2026-03-06 10:28:39.157+00","40.38051000","71.73995170",NULL,"9.79",NULL,NULL,NULL,NULL,False,NULL,NULL,"31.91","2026-03-06 18:01:20.458829+00"
"115006",8558,"2026-03-06 10:28:36.163+00","40.38051500","71.73957500",NULL,"10.89",NULL,NULL,NULL,NULL,False,NULL,NULL,"32.35","2026-03-06 18:01:20.458828+00"
"115005",8558,"2026-03-06 10:28:33.16+00","40.38050500","71.73919330",NULL,"10.46",NULL,NULL,NULL,NULL,False,NULL,NULL,"34.32","2026-03-06 18:01:20.458826+00"
"115004",8558,"2026-03-06 10:28:29.493+00","40.38047500","71.73879000",NULL,"10.03",NULL,NULL,NULL,NULL,False,NULL,NULL,"33.16","2026-03-06 18:01:20.458825+00"
"115002",8558,"2026-03-06 10:28:27.158+00","40.38055170","71.73841170",NULL,"11.74",NULL,NULL,NULL,NULL,False,NULL,NULL,"49.87","2026-03-06 18:01:20.458823+00"
"115003",8558,"2026-03-06 10:28:27.158+00","40.38055170","71.73841170",NULL,"11.74",NULL,NULL,NULL,NULL,False,NULL,NULL,"0.00","2026-03-06 18:01:20.458824+00"
"115001",8558,"2026-03-06 10:28:23.158+00","40.38053500","71.73782330",NULL,"13.69",NULL,NULL,NULL,NULL,False,NULL,NULL,"41.04","2026-03-06 18:01:20.458821+00"
"115000",8558,"2026-03-06 10:28:20.166+00","40.38050830","71.73734000",NULL,"14.19",NULL,NULL,NULL,NULL,False,NULL,NULL,"42.83","2026-03-06 18:01:19.610331+00"
"114999",8558,"2026-03-06 10:28:17.16+00","40.38048830","71.73683500",NULL,"14.51",NULL,NULL,NULL,NULL,False,NULL,NULL,"44.30","2026-03-06 18:01:19.610331+00"
"114998",8558,"2026-03-06 10:28:14.159+00","40.38046000","71.73631330",NULL,"14.56",NULL,NULL,NULL,NULL,False,NULL,NULL,"43.31","2026-03-06 18:01:19.61033+00"
"114997",8558,"2026-03-06 10:28:11.159+00","40.38043170","71.73580330",NULL,"14.22",NULL,NULL,NULL,NULL,False,NULL,NULL,"43.62","2026-03-06 18:01:19.610329+00"
"114996",8558,"2026-03-06 10:28:08.158+00","40.38040000","71.73529000",NULL,"14.56",NULL,NULL,NULL,NULL,False,NULL,NULL,"46.94","2026-03-06 18:01:19.610329+00"
"114995",8558,"2026-03-06 10:28:05.16+00","40.38036000","71.73473830",NULL,"15.25",NULL,NULL,NULL,NULL,False,NULL,NULL,"45.31","2026-03-06 18:01:19.610329+00"
"114994",8558,"2026-03-06 10:28:02.161+00","40.38030500","71.73420830",NULL,"15.57",NULL,NULL,NULL,NULL,False,NULL,NULL,"45.16","2026-03-06 18:01:19.610329+00"
"114993",8558,"2026-03-06 10:27:59.158+00","40.38024170","71.73368170",NULL,"15.73",NULL,NULL,NULL,NULL,False,NULL,NULL,"45.57","2026-03-06 18:01:19.610329+00"
"114992",8558,"2026-03-06 10:27:56.158+00","40.38021330","71.73314500",NULL,"15.21",NULL,NULL,NULL,NULL,False,NULL,NULL,"41.87","2026-03-06 18:01:19.610328+00"
"114991",8558,"2026-03-06 10:27:53.037+00","40.38011830","71.73266670",NULL,"15.32",NULL,NULL,NULL,NULL,False,NULL,NULL,"40.86","2026-03-06 18:01:19.610328+00"
"114989",8558,"2026-03-06 10:27:51.168+00","40.38027170","71.73222830",NULL,"13.63",NULL,NULL,NULL,NULL,False,NULL,NULL,"42.16","2026-03-06 18:01:19.610328+00"
"114990",8558,"2026-03-06 10:27:51.168+00","40.38027170","71.73222830",NULL,"13.63",NULL,NULL,NULL,NULL,False,NULL,NULL,"0.00","2026-03-06 18:01:19.610328+00"
"114988",8558,"2026-03-06 10:27:47.621+00","40.38011500","71.73177500",NULL,"10.37",NULL,NULL,NULL,NULL,False,NULL,NULL,"33.94","2026-03-06 18:01:19.610328+00"
"114986",8558,"2026-03-06 10:27:45.168+00","40.38013330","71.73137500",NULL,"8.71",NULL,NULL,NULL,NULL,False,NULL,NULL,"27.73","2026-03-06 18:01:19.610327+00"
"114987",8558,"2026-03-06 10:27:45.168+00","40.38013330","71.73137500",NULL,"8.71",NULL,NULL,NULL,NULL,False,NULL,NULL,"0.00","2026-03-06 18:01:19.610327+00"
"114984",8558,"2026-03-06 10:27:40.903+00","40.38011670","71.73104830",NULL,"7.42",NULL,NULL,NULL,NULL,False,NULL,NULL,"31.30","2026-03-06 18:01:19.610327+00"
"114985",8558,"2026-03-06 10:27:40.903+00","40.38011670","71.73104830",NULL,"7.42",NULL,NULL,NULL,NULL,False,NULL,NULL,"0.00","2026-03-06 18:01:19.610327+00"
"114982",8558,"2026-03-06 10:27:38.166+00","40.37999000","71.73071830",NULL,"8.43",NULL,NULL,NULL,NULL,False,NULL,NULL,"47.86","2026-03-06 18:01:19.610326+00"
"114983",8558,"2026-03-06 10:27:38.166+00","40.37999000","71.73071830",NULL,"8.43",NULL,NULL,NULL,NULL,False,NULL,NULL,"0.00","2026-03-06 18:01:19.610327+00"
"114980",8558,"2026-03-06 10:27:34.167+00","40.38008330","71.73016670",NULL,"13.10",NULL,NULL,NULL,NULL,False,NULL,NULL,"53.23","2026-03-06 18:01:19.610326+00"
"114981",8558,"2026-03-06 10:27:34.167+00","40.38008330","71.73016670",NULL,"13.10",NULL,NULL,NULL,NULL,False,NULL,NULL,"0.00","2026-03-06 18:01:19.610326+00"
"114978",8558,"2026-03-06 10:27:31.165+00","40.37984500","71.72962170",NULL,"11.20",NULL,NULL,NULL,NULL,False,NULL,NULL,"29.02","2026-03-06 18:01:19.610325+00"
"114979",8558,"2026-03-06 10:27:31.165+00","40.37984500","71.72962170",NULL,"11.20",NULL,NULL,NULL,NULL,False,NULL,NULL,"0.00","2026-03-06 18:01:19.610325+00"
"114977",8558,"2026-03-06 10:27:29.168+00","40.37979670","71.72928500",NULL,"7.01",NULL,NULL,NULL,NULL,False,NULL,NULL,"25.07","2026-03-06 18:01:19.610324+00"
"114975",8558,"2026-03-06 10:27:25.167+00","40.37975170","71.72899500",NULL,"3.20",NULL,NULL,NULL,NULL,False,NULL,NULL,"31.06","2026-03-06 18:01:19.610324+00"
"114976",8558,"2026-03-06 10:27:25.167+00","40.37975170","71.72899500",NULL,"3.20",NULL,NULL,NULL,NULL,False,NULL,NULL,"0.00","2026-03-06 18:01:19.610324+00"
"114973",8558,"2026-03-06 10:26:58.166+00","40.37975000","71.72862830",NULL,"8.86",NULL,NULL,NULL,NULL,False,NULL,NULL,"41.10","2026-03-06 18:01:19.610324+00"
"114974",8558,"2026-03-06 10:26:58.166+00","40.37975000","71.72862830",NULL,"8.86",NULL,NULL,NULL,NULL,False,NULL,NULL,"0.00","2026-03-06 18:01:19.610324+00"
"114972",8558,"2026-03-06 10:26:54.166+00","40.37965330","71.72816000",NULL,"13.58",NULL,NULL,NULL,NULL,False,NULL,NULL,"49.13","2026-03-06 18:01:19.610323+00"
"114971",8558,"2026-03-06 10:26:50.63+00","40.37954330","71.72759830",NULL,"13.84",NULL,NULL,NULL,NULL,False,NULL,NULL,"49.75","2026-03-06 18:01:19.610323+00"
"114970",8558,"2026-03-06 10:26:47.166+00","40.37950330","71.72701330",NULL,"12.72",NULL,NULL,NULL,NULL,False,NULL,NULL,"12.84","2026-03-06 18:01:19.610323+00"
"114969",8558,"2026-03-06 10:26:46.184+00","40.37948670","71.72686330",NULL,"12.50",NULL,NULL,NULL,NULL,False,NULL,NULL,"38.83","2026-03-06 18:01:19.610323+00"
"114968",8558,"2026-03-06 10:26:42.901+00","40.37942670","71.72641170",NULL,"11.35",NULL,NULL,NULL,NULL,False,NULL,NULL,"38.62","2026-03-06 18:01:19.610323+00"
"114966",8558,"2026-03-06 10:26:42.165+00","40.37946330","71.72595830",NULL,"10.34",NULL,NULL,NULL,NULL,False,NULL,NULL,"31.54","2026-03-06 18:01:19.610322+00"
"114967",8558,"2026-03-06 10:26:42.165+00","40.37946330","71.72595830",NULL,"10.34",NULL,NULL,NULL,NULL,False,NULL,NULL,"0.00","2026-03-06 18:01:19.610322+00"
"114965",8558,"2026-03-06 10:26:40.167+00","40.37940280","71.72559450",NULL,"4.78",NULL,NULL,NULL,NULL,False,NULL,NULL,"31.29","2026-03-06 18:01:19.610322+00"
"114963",8558,"2026-03-06 10:26:35.168+00","40.37928700","71.72525780",NULL,"3.24",NULL,NULL,NULL,NULL,False,NULL,NULL,"10.83","2026-03-06 18:01:19.610322+00"
"114964",8558,"2026-03-06 10:26:35.168+00","40.37928700","71.72525780",NULL,"3.24",NULL,NULL,NULL,NULL,False,NULL,NULL,"0.00","2026-03-06 18:01:19.610322+00"
"114962",8558,"2026-03-06 10:26:33.175+00","40.37930330","71.72513180",NULL,"1.86",NULL,NULL,NULL,NULL,False,NULL,NULL,"10.05","2026-03-06 18:01:19.610321+00"
"114961",8558,"2026-03-06 10:26:09.162+00","40.37935700","71.72503640",NULL,"0.25",NULL,NULL,NULL,NULL,False,NULL,NULL,"10.59","2026-03-06 18:01:19.610318+00"
"114959",8558,"2026-03-06 10:25:42.17+00","40.37944930","71.72500560",NULL,"1.09",NULL,NULL,NULL,NULL,False,NULL,NULL,"20.73","2026-03-06 18:01:19.610318+00"
"114960",8558,"2026-03-06 10:25:42.17+00","40.37944930","71.72500560",NULL,"1.09",NULL,NULL,NULL,NULL,False,NULL,NULL,"0.00","2026-03-06 18:01:19.610318+00"
"114958",8558,"2026-03-06 10:25:21.169+00","40.37963300","71.72496410",NULL,"4.95",NULL,NULL,NULL,NULL,False,NULL,NULL,"22.20","2026-03-06 18:01:19.610318+00"
"114957",8558,"2026-03-06 10:25:16.168+00","40.37983120","71.72493290",NULL,"4.89",NULL,NULL,NULL,NULL,False,NULL,NULL,"21.91","2026-03-06 18:01:19.610318+00"
"114956",8558,"2026-03-06 10:25:12.171+00","40.38002620","71.72489550",NULL,"4.63",NULL,NULL,NULL,NULL,False,NULL,NULL,"22.82","2026-03-06 18:01:19.610317+00"
"114955",8558,"2026-03-06 10:25:07.16+00","40.38022850","71.72485020",NULL,"3.80",NULL,NULL,NULL,NULL,False,NULL,NULL,"21.40","2026-03-06 18:01:19.610317+00"
"114954",8558,"2026-03-06 10:25:01.17+00","40.38041660","71.72479650",NULL,"4.89",NULL,NULL,NULL,NULL,False,NULL,NULL,"23.37","2026-03-06 18:01:19.610317+00"
"114953",8558,"2026-03-06 10:24:57.165+00","40.38062070","71.72473050",NULL,"5.49",NULL,NULL,NULL,NULL,False,NULL,NULL,"24.34","2026-03-06 18:01:19.610316+00"
"114951",8558,"2026-03-06 10:24:52.171+00","40.38083880","71.72470660",NULL,"6.61",NULL,NULL,NULL,NULL,False,NULL,NULL,"34.99","2026-03-06 18:01:19.610315+00"
"114952",8558,"2026-03-06 10:24:52.171+00","40.38083880","71.72470660",NULL,"6.61",NULL,NULL,NULL,NULL,False,NULL,NULL,"0.00","2026-03-06 18:01:19.610316+00"
"114950",8558,"2026-03-06 10:24:47.168+00","40.38114980","71.72464390",NULL,"7.71",NULL,NULL,NULL,NULL,False,NULL,NULL,"31.53","2026-03-06 18:01:18.652166+00"
"114949",8558,"2026-03-06 10:24:43.169+00","40.38142960","71.72458350",NULL,"8.55",NULL,NULL,NULL,NULL,False,NULL,NULL,"33.92","2026-03-06 18:01:18.652165+00"
"114948",8558,"2026-03-06 10:24:39.168+00","40.38173140","71.72452510",NULL,"10.13",NULL,NULL,NULL,NULL,False,NULL,NULL,"32.43","2026-03-06 18:01:18.652165+00"
"114947",8558,"2026-03-06 10:24:36.171+00","40.38201920","71.72446290",NULL,"12.15",NULL,NULL,NULL,NULL,False,NULL,NULL,"35.72","2026-03-06 18:01:18.652165+00"
"114946",8558,"2026-03-06 10:24:33.169+00","40.38233420","71.72438040",NULL,"10.96",NULL,NULL,NULL,NULL,False,NULL,NULL,"30.46","2026-03-06 18:01:18.652165+00"
"114945",8558,"2026-03-06 10:24:30.168+00","40.38260280","71.72430950",NULL,"9.72",NULL,NULL,NULL,NULL,False,NULL,NULL,"38.67","2026-03-06 18:01:18.652165+00"
"114944",8558,"2026-03-06 10:24:26.172+00","40.38294790","71.72425320",NULL,"11.58",NULL,NULL,NULL,NULL,False,NULL,NULL,"37.74","2026-03-06 18:01:18.652164+00"
"114942",8558,"2026-03-06 10:24:23.169+00","40.38327330","71.72412660",NULL,"11.94",NULL,NULL,NULL,NULL,False,NULL,NULL,"47.75","2026-03-06 18:01:18.652163+00"
"114943",8558,"2026-03-06 10:24:23.169+00","40.38327330","71.72412660",NULL,"11.94",NULL,NULL,NULL,NULL,False,NULL,NULL,"0.00","2026-03-06 18:01:18.652164+00"
"114941",8558,"2026-03-06 10:24:19.172+00","40.38369650","71.72403080",NULL,"12.65",NULL,NULL,NULL,NULL,False,NULL,NULL,"49.36","2026-03-06 18:01:18.652163+00"
"114940",8558,"2026-03-06 10:24:15.171+00","40.38413310","71.72392520",NULL,"13.43",NULL,NULL,NULL,NULL,False,NULL,NULL,"40.38","2026-03-06 18:01:18.652163+00"
"114939",8558,"2026-03-06 10:24:12.175+00","40.38449110","71.72384500",NULL,"13.72",NULL,NULL,NULL,NULL,False,NULL,NULL,"41.48","2026-03-06 18:01:18.652163+00"
"114938",8558,"2026-03-06 10:24:09.173+00","40.38486030","71.72377510",NULL,"14.37",NULL,NULL,NULL,NULL,False,NULL,NULL,"42.73","2026-03-06 18:01:18.652163+00"
"114937",8558,"2026-03-06 10:24:06.173+00","40.38524020","71.72369880",NULL,"14.93",NULL,NULL,NULL,NULL,False,NULL,NULL,"44.67","2026-03-06 18:01:18.652163+00"
"114936",8558,"2026-03-06 10:24:03.172+00","40.38563670","71.72361430",NULL,"15.60",NULL,NULL,NULL,NULL,False,NULL,NULL,"46.47","2026-03-06 18:01:18.652162+00"
"114935",8558,"2026-03-06 10:24:00.174+00","40.38604910","71.72352550",NULL,"16.11",NULL,NULL,NULL,NULL,False,NULL,NULL,"48.00","2026-03-06 18:01:18.652162+00"
"114934",8558,"2026-03-06 10:23:57.173+00","40.38647480","71.72343170",NULL,"16.01",NULL,NULL,NULL,NULL,False,NULL,NULL,"48.32","2026-03-06 18:01:18.652162+00"
"114933",8558,"2026-03-06 10:23:54.172+00","40.38690320","71.72333610",NULL,"16.35",NULL,NULL,NULL,NULL,False,NULL,NULL,"49.05","2026-03-06 18:01:18.652162+00"
"114932",8558,"2026-03-06 10:23:51.172+00","40.38733780","71.72323710",NULL,"16.59",NULL,NULL,NULL,NULL,False,NULL,NULL,"49.71","2026-03-06 18:01:18.652162+00"
"114931",8558,"2026-03-06 10:23:48.172+00","40.38777950","71.72314620",NULL,"16.60",NULL,NULL,NULL,NULL,False,NULL,NULL,"49.15","2026-03-06 18:01:18.652161+00"
"114930",8558,"2026-03-06 10:23:45.174+00","40.38821460","71.72304370",NULL,"16.75",NULL,NULL,NULL,NULL,False,NULL,NULL,"49.39","2026-03-06 18:01:18.652161+00"
"114929",8558,"2026-03-06 10:23:42.173+00","40.38865250","71.72294630",NULL,"16.77",NULL,NULL,NULL,NULL,False,NULL,NULL,"49.85","2026-03-06 18:01:18.652161+00"
"114928",8558,"2026-03-06 10:23:39.168+00","40.38909550","71.72285620",NULL,"16.66",NULL,NULL,NULL,NULL,False,NULL,NULL,"49.51","2026-03-06 18:01:18.652161+00"
"114927",8558,"2026-03-06 10:23:36.172+00","40.38953430","71.72275710",NULL,"16.73",NULL,NULL,NULL,NULL,False,NULL,NULL,"49.78","2026-03-06 18:01:18.652161+00"
"114926",8558,"2026-03-06 10:23:33.172+00","40.38997510","71.72265440",NULL,"16.68",NULL,NULL,NULL,NULL,False,NULL,NULL,"50.53","2026-03-06 18:01:18.65216+00"
"114925",8558,"2026-03-06 10:23:30.172+00","40.39042230","71.72254840",NULL,"16.62",NULL,NULL,NULL,NULL,False,NULL,NULL,"50.17","2026-03-06 18:01:18.65216+00"
"114924",8558,"2026-03-06 10:23:27.168+00","40.39086680","71.72244680",NULL,"16.63",NULL,NULL,NULL,NULL,False,NULL,NULL,"49.51","2026-03-06 18:01:18.652159+00"
"114923",8558,"2026-03-06 10:23:24.173+00","40.39130740","71.72236250",NULL,"16.71",NULL,NULL,NULL,NULL,False,NULL,NULL,"50.23","2026-03-06 18:01:18.652159+00"
"114922",8558,"2026-03-06 10:23:21.171+00","40.39175610","71.72229390",NULL,"16.88",NULL,NULL,NULL,NULL,False,NULL,NULL,"50.58","2026-03-06 18:01:18.652159+00"
"114921",8558,"2026-03-06 10:23:18.174+00","40.39220670","71.72221180",NULL,"17.00",NULL,NULL,NULL,NULL,False,NULL,NULL,"50.99","2026-03-06 18:01:18.652159+00"
"114920",8558,"2026-03-06 10:23:15.172+00","40.39266000","71.72212060",NULL,"16.65",NULL,NULL,NULL,NULL,False,NULL,NULL,"48.87","2026-03-06 18:01:18.652159+00"
"114919",8558,"2026-03-06 10:23:12.173+00","40.39309280","71.72202020",NULL,"16.21",NULL,NULL,NULL,NULL,False,NULL,NULL,"48.18","2026-03-06 18:01:18.652158+00"
"114918",8558,"2026-03-06 10:23:09.172+00","40.39352120","71.72193490",NULL,"15.96",NULL,NULL,NULL,NULL,False,NULL,NULL,"48.02","2026-03-06 18:01:18.652158+00"
"114917",8558,"2026-03-06 10:23:06.167+00","40.39394730","71.72184300",NULL,"15.49",NULL,NULL,NULL,NULL,False,NULL,NULL,"45.36","2026-03-06 18:01:18.652158+00"
"114916",8558,"2026-03-06 10:23:03.171+00","40.39434970","71.72175530",NULL,"14.84",NULL,NULL,NULL,NULL,False,NULL,NULL,"44.16","2026-03-06 18:01:18.652158+00"
"114915",8558,"2026-03-06 10:23:00.172+00","40.39474240","71.72167750",NULL,"14.47",NULL,NULL,NULL,NULL,False,NULL,NULL,"42.36","2026-03-06 18:01:18.652157+00"
"114914",8558,"2026-03-06 10:22:57.17+00","40.39511550","71.72157650",NULL,"14.34",NULL,NULL,NULL,NULL,False,NULL,NULL,"43.03","2026-03-06 18:01:18.652157+00"
"114913",8558,"2026-03-06 10:22:54.17+00","40.39547930","71.72140340",NULL,"14.76",NULL,NULL,NULL,NULL,False,NULL,NULL,"44.02","2026-03-06 18:01:18.652157+00"
"114912",8558,"2026-03-06 10:22:51.169+00","40.39585550","71.72124140",NULL,"14.85",NULL,NULL,NULL,NULL,False,NULL,NULL,"44.04","2026-03-06 18:01:18.652157+00"
"114911",8558,"2026-03-06 10:22:48.171+00","40.39623630","71.72109830",NULL,"14.78",NULL,NULL,NULL,NULL,False,NULL,NULL,"43.59","2026-03-06 18:01:18.652157+00"
"114910",8558,"2026-03-06 10:22:45.17+00","40.39661830","71.72098250",NULL,"14.75",NULL,NULL,NULL,NULL,False,NULL,NULL,"43.96","2026-03-06 18:01:18.652157+00"
"114909",8558,"2026-03-06 10:22:42.17+00","40.39700890","71.72090240",NULL,"14.42",NULL,NULL,NULL,NULL,False,NULL,NULL,"41.19","2026-03-06 18:01:18.652156+00"
"114908",8558,"2026-03-06 10:22:39.172+00","40.39737750","71.72085450",NULL,"13.97",NULL,NULL,NULL,NULL,False,NULL,NULL,"52.96","2026-03-06 18:01:18.652153+00"
"114907",8558,"2026-03-06 10:22:35.167+00","40.39784700","71.72074910",NULL,"13.28",NULL,NULL,NULL,NULL,False,NULL,NULL,"51.93","2026-03-06 18:01:18.652152+00"
"114905",8558,"2026-03-06 10:22:31.166+00","40.39830690","71.72064260",NULL,"13.29",NULL,NULL,NULL,NULL,False,NULL,NULL,"40.48","2026-03-06 18:01:18.652152+00"
"114906",8558,"2026-03-06 10:22:31.166+00","40.39830690","71.72064260",NULL,"13.29",NULL,NULL,NULL,NULL,False,NULL,NULL,"0.00","2026-03-06 18:01:18.652152+00"
"114903",8558,"2026-03-06 10:22:28.171+00","40.39866730","71.72057530",NULL,"12.43",NULL,NULL,NULL,NULL,False,NULL,NULL,"49.08","2026-03-06 18:01:18.652151+00"
"114904",8558,"2026-03-06 10:22:28.171+00","40.39866730","71.72057530",NULL,"12.43",NULL,NULL,NULL,NULL,False,NULL,NULL,"0.00","2026-03-06 18:01:18.652151+00"
"114901",8558,"2026-03-06 10:22:25.171+00","40.39909100","71.72041280",NULL,"12.55",NULL,NULL,NULL,NULL,False,NULL,NULL,"37.31","2026-03-06 18:01:18.652151+00"
"114902",8558,"2026-03-06 10:22:25.171+00","40.39909100","71.72041280",NULL,"12.55",NULL,NULL,NULL,NULL,False,NULL,NULL,"0.00","2026-03-06 18:01:18.652151+00"
"114900",8558,"2026-03-06 10:22:22.169+00","40.39938390","71.72019790",NULL,"11.95",NULL,NULL,NULL,NULL,False,NULL,NULL,"35.42","2026-03-06 18:01:17.543233+00"
"114899",8558,"2026-03-06 10:22:19.172+00","40.39965020","71.71996840",NULL,"10.87",NULL,NULL,NULL,NULL,False,NULL,NULL,"34.41","2026-03-06 18:01:17.543232+00"
"114897",8558,"2026-03-06 10:22:16.169+00","40.39995820","71.71992940",NULL,"11.67",NULL,NULL,NULL,NULL,False,NULL,NULL,"50.12","2026-03-06 18:01:17.543231+00"
"114898",8558,"2026-03-06 10:22:16.169+00","40.39995820","71.71992940",NULL,"11.67",NULL,NULL,NULL,NULL,False,NULL,NULL,"0.00","2026-03-06 18:01:17.543232+00"
"114896",8558,"2026-03-06 10:22:12.167+00","40.40039310","71.72008500",NULL,"13.02",NULL,NULL,NULL,NULL,False,NULL,NULL,"40.54","2026-03-06 18:01:17.543231+00"
"114895",8558,"2026-03-06 10:22:09.172+00","40.40075080","71.72017770",NULL,"13.84",NULL,NULL,NULL,NULL,False,NULL,NULL,"42.18","2026-03-06 18:01:17.543231+00"
"114894",8558,"2026-03-06 10:22:06.171+00","40.40112620","71.72024930",NULL,"13.70",NULL,NULL,NULL,NULL,False,NULL,NULL,"41.93","2026-03-06 18:01:17.54323+00"
"114893",8558,"2026-03-06 10:22:03.168+00","40.40149930","71.72032090",NULL,"13.20",NULL,NULL,NULL,NULL,False,NULL,NULL,"53.33","2026-03-06 18:01:17.54323+00"
"114892",8558,"2026-03-06 10:21:59.171+00","40.40197350","71.72041530",NULL,"12.54",NULL,NULL,NULL,NULL,False,NULL,NULL,"42.61","2026-03-06 18:01:17.54323+00"
"114890",8558,"2026-03-06 10:21:55.173+00","40.40234780","71.72052290",NULL,"12.51",NULL,NULL,NULL,NULL,False,NULL,NULL,"36.74","2026-03-06 18:01:17.543229+00"
"114891",8558,"2026-03-06 10:21:55.173+00","40.40234780","71.72052290",NULL,"12.51",NULL,NULL,NULL,NULL,False,NULL,NULL,"0.00","2026-03-06 18:01:17.54323+00"
"114889",8558,"2026-03-06 10:21:52.171+00","40.40267340","71.72059650",NULL,"11.60",NULL,NULL,NULL,NULL,False,NULL,NULL,"34.03","2026-03-06 18:01:17.543229+00"
"114888",8558,"2026-03-06 10:21:49.17+00","40.40297710","71.72064620",NULL,"10.64",NULL,NULL,NULL,NULL,False,NULL,NULL,"32.39","2026-03-06 18:01:17.543229+00"
"114887",8558,"2026-03-06 10:21:46.169+00","40.40326640","71.72069050",NULL,"8.88",NULL,NULL,NULL,NULL,False,NULL,NULL,"39.21","2026-03-06 18:01:17.543229+00"
"114885",8558,"2026-03-06 10:21:43.169+00","40.40361460","71.72076340",NULL,"9.15",NULL,NULL,NULL,NULL,False,NULL,NULL,"23.50","2026-03-06 18:01:17.543228+00"
"114886",8558,"2026-03-06 10:21:43.169+00","40.40361460","71.72076340",NULL,"9.15",NULL,NULL,NULL,NULL,False,NULL,NULL,"0.00","2026-03-06 18:01:17.543228+00"
"114884",8558,"2026-03-06 10:21:41.166+00","40.40382350","71.72080580",NULL,"3.59",NULL,NULL,NULL,NULL,False,NULL,NULL,"23.26","2026-03-06 18:01:17.543228+00"
"114882",8558,"2026-03-06 10:21:37.17+00","40.40402650","71.72087220",NULL,"5.70",NULL,NULL,NULL,NULL,False,NULL,NULL,"33.53","2026-03-06 18:01:17.543227+00"
"114883",8558,"2026-03-06 10:21:37.17+00","40.40402650","71.72087220",NULL,"5.70",NULL,NULL,NULL,NULL,False,NULL,NULL,"0.00","2026-03-06 18:01:17.543227+00"
"114880",8558,"2026-03-06 10:21:29.172+00","40.40432430","71.72093420",NULL,"12.12",NULL,NULL,NULL,NULL,False,NULL,NULL,"42.36","2026-03-06 18:01:17.543226+00"
"114881",8558,"2026-03-06 10:21:29.172+00","40.40432430","71.72093420",NULL,"12.12",NULL,NULL,NULL,NULL,False,NULL,NULL,"0.00","2026-03-06 18:01:17.543227+00"
"114879",8558,"2026-03-06 10:21:26.167+00","40.40469970","71.72101920",NULL,"15.98",NULL,NULL,NULL,NULL,False,NULL,NULL,"48.05","2026-03-06 18:01:17.543226+00"
"114878",8558,"2026-03-06 10:21:23.167+00","40.40512530","71.72111750",NULL,"16.14",NULL,NULL,NULL,NULL,False,NULL,NULL,"49.94","2026-03-06 18:01:17.543225+00"
"114877",8558,"2026-03-06 10:21:20.167+00","40.40556650","71.72122790",NULL,"15.40",NULL,NULL,NULL,NULL,False,NULL,NULL,"53.66","2026-03-06 18:01:17.543225+00"
"114875",8558,"2026-03-06 10:21:16.051+00","40.40603590","71.72137510",NULL,"15.85",NULL,NULL,NULL,NULL,False,NULL,NULL,"40.88","2026-03-06 18:01:17.543225+00"
"114876",8558,"2026-03-06 10:21:16.051+00","40.40603590","71.72137510",NULL,"15.85",NULL,NULL,NULL,NULL,False,NULL,NULL,"0.00","2026-03-06 18:01:17.543225+00"
"114874",8558,"2026-03-06 10:21:13.935+00","40.40640330","71.72135830",NULL,"12.71",NULL,NULL,NULL,NULL,False,NULL,NULL,"3230.53","2026-03-06 18:01:17.543224+00"
"114873",8558,"2026-03-06 10:10:40.172+00","40.43164110","71.70245480",NULL,"0.07",NULL,NULL,NULL,NULL,False,NULL,NULL,"5.37","2026-03-06 18:01:17.543224+00"
"114872",8558,"2026-03-06 10:08:48.178+00","40.43164390","71.70239150",NULL,"0.33",NULL,NULL,NULL,NULL,False,NULL,NULL,"10.04","2026-03-06 18:01:17.543224+00"
"114871",8558,"2026-03-06 10:08:28.598+00","40.43164460","71.70227290",NULL,"0.31",NULL,NULL,NULL,NULL,False,NULL,NULL,"10.33","2026-03-06 18:01:17.543223+00"
"114870",8558,"2026-03-06 10:08:20.193+00","40.43166930","71.70215520",NULL,"0.77",NULL,NULL,NULL,NULL,False,NULL,NULL,"10.08","2026-03-06 18:01:17.543223+00"
"114869",8558,"2026-03-06 10:07:18.274+00","40.43169870","71.70226780",NULL,"0.05",NULL,NULL,NULL,NULL,False,NULL,NULL,"10.21","2026-03-06 18:01:17.543223+00"
"114868",8558,"2026-03-06 10:06:16.258+00","40.43167540","71.70215110",NULL,"0.57",NULL,NULL,NULL,NULL,False,NULL,NULL,"11.06","2026-03-06 18:01:17.543223+00"
"114867",8558,"2026-03-06 10:06:01.603+00","40.43167800","71.70228170",NULL,"0.59",NULL,NULL,NULL,NULL,False,NULL,NULL,"10.45","2026-03-06 18:01:17.543222+00"
"114866",8558,"2026-03-06 10:03:26.169+00","40.43166170","71.70240330",NULL,"1.15",NULL,NULL,NULL,NULL,False,NULL,NULL,"10.59","2026-03-06 18:01:17.543222+00"
"114865",8558,"2026-03-06 10:02:45.164+00","40.43165830","71.70252830",NULL,"0.95",NULL,NULL,NULL,NULL,False,NULL,NULL,"10.92","2026-03-06 18:01:17.543221+00"
"114864",8558,"2026-03-06 10:02:40.165+00","40.43174830","71.70258000",NULL,"2.47",NULL,NULL,NULL,NULL,False,NULL,NULL,"12.65","2026-03-06 18:01:17.543221+00"
"114862",8558,"2026-03-06 10:02:35.168+00","40.43185500","71.70263170",NULL,"2.45",NULL,NULL,NULL,NULL,False,NULL,NULL,"20.66","2026-03-06 18:01:17.543221+00"
"114863",8558,"2026-03-06 10:02:35.168+00","40.43185500","71.70263170",NULL,"2.45",NULL,NULL,NULL,NULL,False,NULL,NULL,"0.00","2026-03-06 18:01:17.543221+00"
"114861",8558,"2026-03-06 10:02:23.166+00","40.43202670","71.70272500",NULL,"3.91",NULL,NULL,NULL,NULL,False,NULL,NULL,"21.90","2026-03-06 18:01:17.543219+00"
"114859",8558,"2026-03-06 10:02:19.167+00","40.43221670","71.70279330",NULL,"3.17",NULL,NULL,NULL,NULL,False,NULL,NULL,"33.18","2026-03-06 18:01:17.543218+00"
"114860",8558,"2026-03-06 10:02:19.167+00","40.43221670","71.70279330",NULL,"3.17",NULL,NULL,NULL,NULL,False,NULL,NULL,"0.00","2026-03-06 18:01:17.543219+00"
"114857",8558,"2026-03-06 10:02:09.165+00","40.43233170","71.70315500",NULL,"11.23",NULL,NULL,NULL,NULL,False,NULL,NULL,"48.63","2026-03-06 18:01:17.543218+00"
"114858",8558,"2026-03-06 10:02:09.165+00","40.43233170","71.70315500",NULL,"11.23",NULL,NULL,NULL,NULL,False,NULL,NULL,"0.00","2026-03-06 18:01:17.543218+00"
"114856",8558,"2026-03-06 10:02:05.165+00","40.43275170","71.70331500",NULL,"12.77",NULL,NULL,NULL,NULL,False,NULL,NULL,"50.24","2026-03-06 18:01:17.543217+00"
"114855",8558,"2026-03-06 10:02:01.166+00","40.43319170","71.70345000",NULL,"13.01",NULL,NULL,NULL,NULL,False,NULL,NULL,"46.62","2026-03-06 18:01:17.543217+00"
"114853",8558,"2026-03-06 10:01:58.166+00","40.43358330","71.70364670",NULL,"12.56",NULL,NULL,NULL,NULL,False,NULL,NULL,"37.79","2026-03-06 18:01:17.543216+00"
"114854",8558,"2026-03-06 10:01:58.166+00","40.43358330","71.70364670",NULL,"12.56",NULL,NULL,NULL,NULL,False,NULL,NULL,"0.00","2026-03-06 18:01:17.543217+00"
"114852",8558,"2026-03-06 10:01:55.167+00","40.43391170","71.70376170",NULL,"11.48",NULL,NULL,NULL,NULL,False,NULL,NULL,"46.06","2026-03-06 18:01:17.543216+00"
"114851",8558,"2026-03-06 10:01:51.173+00","40.43431330","71.70389500",NULL,"8.33",NULL,NULL,NULL,NULL,False,NULL,NULL,"0.00","2026-03-06 18:01:17.543215+00"
"114850",8558,"2026-03-06 10:01:51.173+00","40.43431330","71.70389500",NULL,"8.33",NULL,NULL,NULL,NULL,False,NULL,NULL,"22.67","2026-03-06 18:01:16.478282+00"
"114849",8558,"2026-03-06 10:01:24.166+00","40.43445170","71.70409170",NULL,"3.08",NULL,NULL,NULL,NULL,False,NULL,NULL,"22.63","2026-03-06 18:01:16.478281+00"
"114847",8558,"2026-03-06 10:01:20.166+00","40.43425830","71.70400830",NULL,"4.30",NULL,NULL,NULL,NULL,False,NULL,NULL,"12.59","2026-03-06 18:01:16.478281+00"
"114848",8558,"2026-03-06 10:01:20.166+00","40.43425830","71.70400830",NULL,"4.30",NULL,NULL,NULL,NULL,False,NULL,NULL,"0.00","2026-03-06 18:01:16.478281+00"
"114845",8558,"2026-03-06 10:01:16.166+00","40.43414830","71.70397330",NULL,"1.60",NULL,NULL,NULL,NULL,False,NULL,NULL,"20.88","2026-03-06 18:01:16.47828+00"
"114846",8558,"2026-03-06 10:01:16.166+00","40.43414830","71.70397330",NULL,"1.60",NULL,NULL,NULL,NULL,False,NULL,NULL,"0.00","2026-03-06 18:01:16.478281+00"
"114843",8558,"2026-03-06 10:00:56.169+00","40.43396500","71.70392000",NULL,"6.38",NULL,NULL,NULL,NULL,False,NULL,NULL,"41.01","2026-03-06 18:01:16.47828+00"
"114844",8558,"2026-03-06 10:00:56.169+00","40.43396500","71.70392000",NULL,"6.38",NULL,NULL,NULL,NULL,False,NULL,NULL,"0.00","2026-03-06 18:01:16.47828+00"
"114842",8558,"2026-03-06 10:00:52.166+00","40.43360830","71.70379670",NULL,"14.29",NULL,NULL,NULL,NULL,False,NULL,NULL,"46.64","2026-03-06 18:01:16.47828+00"
"114841",8558,"2026-03-06 10:00:49.167+00","40.43320330","71.70365330",NULL,"16.39",NULL,NULL,NULL,NULL,False,NULL,NULL,"48.13","2026-03-06 18:01:16.478279+00"
"114840",8558,"2026-03-06 10:00:46.168+00","40.43278830","71.70349170",NULL,"16.39",NULL,NULL,NULL,NULL,False,NULL,NULL,"49.62","2026-03-06 18:01:16.478279+00"
"114839",8558,"2026-03-06 10:00:43.167+00","40.43235830","71.70333500",NULL,"16.27",NULL,NULL,NULL,NULL,False,NULL,NULL,"49.40","2026-03-06 18:01:16.478278+00"
"114838",8558,"2026-03-06 10:00:40.167+00","40.43193000","71.70318000",NULL,"16.06",NULL,NULL,NULL,NULL,False,NULL,NULL,"47.86","2026-03-06 18:01:16.478278+00"
"114837",8558,"2026-03-06 10:00:37.166+00","40.43151830","71.70301500",NULL,"15.38",NULL,NULL,NULL,NULL,False,NULL,NULL,"46.79","2026-03-06 18:01:16.478277+00"
"114836",8558,"2026-03-06 10:00:34.168+00","40.43111830","71.70284330",NULL,"15.45",NULL,NULL,NULL,NULL,False,NULL,NULL,"61.36","2026-03-06 18:01:16.478277+00"
"114835",8558,"2026-03-06 10:00:30.169+00","40.43059330","71.70262000",NULL,"15.15",NULL,NULL,NULL,NULL,False,NULL,NULL,"45.16","2026-03-06 18:01:16.478277+00"
"114834",8558,"2026-03-06 10:00:27.164+00","40.43020670","71.70245670",NULL,"14.48",NULL,NULL,NULL,NULL,False,NULL,NULL,"43.68","2026-03-06 18:01:16.478276+00"
"114833",8558,"2026-03-06 10:00:24.167+00","40.42982830","71.70231830",NULL,"14.72",NULL,NULL,NULL,NULL,False,NULL,NULL,"42.62","2026-03-06 18:01:16.478276+00"
"114832",8558,"2026-03-06 10:00:21.167+00","40.42945670","71.70219500",NULL,"13.63",NULL,NULL,NULL,NULL,False,NULL,NULL,"40.77","2026-03-06 18:01:16.478276+00"
"114831",8558,"2026-03-06 10:00:18.165+00","40.42910000","71.70208330",NULL,"12.73",NULL,NULL,NULL,NULL,False,NULL,NULL,"44.53","2026-03-06 18:01:16.478275+00"
"114829",8558,"2026-03-06 10:00:15.165+00","40.42871330","71.70194670",NULL,"12.64",NULL,NULL,NULL,NULL,False,NULL,NULL,"44.30","2026-03-06 18:01:16.478275+00"
"114830",8558,"2026-03-06 10:00:15.165+00","40.42871330","71.70194670",NULL,"12.64",NULL,NULL,NULL,NULL,False,NULL,NULL,"0.00","2026-03-06 18:01:16.478275+00"
"114828",8558,"2026-03-06 10:00:12.166+00","40.42831830","71.70187830",NULL,"12.21",NULL,NULL,NULL,NULL,False,NULL,NULL,"33.37","2026-03-06 18:01:16.478275+00"
"114826",8558,"2026-03-06 10:00:08.168+00","40.42801830","71.70188830",NULL,"10.84",NULL,NULL,NULL,NULL,False,NULL,NULL,"49.53","2026-03-06 18:01:16.478274+00"
"114827",8558,"2026-03-06 10:00:08.168+00","40.42801830","71.70188830",NULL,"10.84",NULL,NULL,NULL,NULL,False,NULL,NULL,"0.00","2026-03-06 18:01:16.478274+00"
"114825",8558,"2026-03-06 10:00:04.165+00","40.42757670","71.70196500",NULL,"12.71",NULL,NULL,NULL,NULL,False,NULL,NULL,"53.55","2026-03-06 18:01:16.478273+00"
"114824",8558,"2026-03-06 10:00:00.166+00","40.42711500","71.70214500",NULL,"13.15",NULL,NULL,NULL,NULL,False,NULL,NULL,"51.88","2026-03-06 18:01:16.478273+00"
"114823",8558,"2026-03-06 09:59:56.17+00","40.42670330","71.70243330",NULL,"13.51",NULL,NULL,NULL,NULL,False,NULL,NULL,"41.06","2026-03-06 18:01:16.478273+00"
"114822",8558,"2026-03-06 09:59:53.168+00","40.42641830","71.70274170",NULL,"13.60",NULL,NULL,NULL,NULL,False,NULL,NULL,"42.09","2026-03-06 18:01:16.478272+00"
"114821",8558,"2026-03-06 09:59:50.168+00","40.42619000","71.70313830",NULL,"14.29",NULL,NULL,NULL,NULL,False,NULL,NULL,"43.03","2026-03-06 18:01:16.478271+00"
"114820",8558,"2026-03-06 09:59:47.168+00","40.42598170","71.70356670",NULL,"14.52",NULL,NULL,NULL,NULL,False,NULL,NULL,"42.51","2026-03-06 18:01:16.47827+00"
"114819",8558,"2026-03-06 09:59:44.17+00","40.42578000","71.70399330",NULL,"14.31",NULL,NULL,NULL,NULL,False,NULL,NULL,"43.57","2026-03-06 18:01:16.47827+00"
"114818",8558,"2026-03-06 09:59:41.171+00","40.42557670","71.70443330",NULL,"14.31",NULL,NULL,NULL,NULL,False,NULL,NULL,"42.63","2026-03-06 18:01:16.47827+00"
"114817",8558,"2026-03-06 09:59:38.171+00","40.42539500","71.70487670",NULL,"14.80",NULL,NULL,NULL,NULL,False,NULL,NULL,"44.57","2026-03-06 18:01:16.478269+00"
"114816",8558,"2026-03-06 09:59:35.17+00","40.42519330","71.70533170",NULL,"15.03",NULL,NULL,NULL,NULL,False,NULL,NULL,"45.66","2026-03-06 18:01:16.478269+00"
"114815",8558,"2026-03-06 09:59:32.172+00","40.42497670","71.70579000",NULL,"14.49",NULL,NULL,NULL,NULL,False,NULL,NULL,"46.27","2026-03-06 18:01:16.478269+00"
"114814",8558,"2026-03-06 09:59:29.17+00","40.42476000","71.70625670",NULL,"15.82",NULL,NULL,NULL,NULL,False,NULL,NULL,"47.49","2026-03-06 18:01:16.478269+00"
"114813",8558,"2026-03-06 09:59:26.171+00","40.42453670","71.70673500",NULL,"15.88",NULL,NULL,NULL,NULL,False,NULL,NULL,"47.88","2026-03-06 18:01:16.478268+00"
"114812",8558,"2026-03-06 09:59:23.171+00","40.42432830","71.70723000",NULL,"16.01",NULL,NULL,NULL,NULL,False,NULL,NULL,"48.73","2026-03-06 18:01:16.478268+00"
"114811",8558,"2026-03-06 09:59:20.17+00","40.42411330","71.70773170",NULL,"16.00",NULL,NULL,NULL,NULL,False,NULL,NULL,"48.15","2026-03-06 18:01:16.478267+00"
"114810",8558,"2026-03-06 09:59:17.169+00","40.42388500","71.70821500",NULL,"16.24",NULL,NULL,NULL,NULL,False,NULL,NULL,"48.87","2026-03-06 18:01:16.478267+00"
"114809",8558,"2026-03-06 09:59:14.169+00","40.42365670","71.70870830",NULL,"16.71",NULL,NULL,NULL,NULL,False,NULL,NULL,"50.18","2026-03-06 18:01:16.478267+00"
"114808",8558,"2026-03-06 09:59:11.172+00","40.42342670","71.70921830",NULL,"16.33",NULL,NULL,NULL,NULL,False,NULL,NULL,"49.94","2026-03-06 18:01:16.478266+00"
"114807",8558,"2026-03-06 09:59:08.174+00","40.42319670","71.70972500",NULL,"16.33",NULL,NULL,NULL,NULL,False,NULL,NULL,"40.66","2026-03-06 18:01:16.478266+00"
"114806",8558,"2026-03-06 09:59:05.674+00","40.42302170","71.71014670",NULL,"16.32",NULL,NULL,NULL,NULL,False,NULL,NULL,"40.51","2026-03-06 18:01:16.478266+00"
"114805",8558,"2026-03-06 09:59:03.175+00","40.42283170","71.71055500",NULL,"16.04",NULL,NULL,NULL,NULL,False,NULL,NULL,"47.86","2026-03-06 18:01:16.478265+00"
"114804",8558,"2026-03-06 09:59:00.175+00","40.42260830","71.71103830",NULL,"15.84",NULL,NULL,NULL,NULL,False,NULL,NULL,"46.95","2026-03-06 18:01:16.47826+00"
"114803",8558,"2026-03-06 09:58:57.171+00","40.42238830","71.71151170",NULL,"15.48",NULL,NULL,NULL,NULL,False,NULL,NULL,"46.15","2026-03-06 18:01:16.47826+00"
"114802",8558,"2026-03-06 09:58:54.17+00","40.42217170","71.71197670",NULL,"15.06",NULL,NULL,NULL,NULL,False,NULL,NULL,"44.78","2026-03-06 18:01:16.47826+00"
"114801",8558,"2026-03-06 09:58:51.169+00","40.42196830","71.71243330",NULL,"14.37",NULL,NULL,NULL,NULL,False,NULL,NULL,"42.32","2026-03-06 18:01:16.478259+00"
"114799",8558,"2026-03-06 09:58:48.166+00","40.42174170","71.71283500",NULL,"13.86",NULL,NULL,NULL,NULL,False,NULL,NULL,"38.96","2026-03-06 18:01:15.478093+00"
"114800",8558,"2026-03-06 09:58:48.166+00","40.42174170","71.71283500",NULL,"13.86",NULL,NULL,NULL,NULL,False,NULL,NULL,"0.00","2026-03-06 18:01:15.478093+00"
"114798",8558,"2026-03-06 09:58:45.166+00","40.42155170","71.71322170",NULL,"12.41",NULL,NULL,NULL,NULL,False,NULL,NULL,"36.10","2026-03-06 18:01:15.478093+00"
"114796",8558,"2026-03-06 09:58:42.173+00","40.42145000","71.71362670",NULL,"11.88",NULL,NULL,NULL,NULL,False,NULL,NULL,"49.14","2026-03-06 18:01:15.478092+00"
"114797",8558,"2026-03-06 09:58:42.173+00","40.42145000","71.71362670",NULL,"11.88",NULL,NULL,NULL,NULL,False,NULL,NULL,"0.00","2026-03-06 18:01:15.478092+00"
"114795",8558,"2026-03-06 09:58:38.17+00","40.42122330","71.71412500",NULL,"13.47",NULL,NULL,NULL,NULL,False,NULL,NULL,"44.20","2026-03-06 18:01:15.478092+00"
"114794",8558,"2026-03-06 09:58:35.171+00","40.42102170","71.71457500",NULL,"14.85",NULL,NULL,NULL,NULL,False,NULL,NULL,"44.98","2026-03-06 18:01:15.478091+00"
"114793",8558,"2026-03-06 09:58:32.171+00","40.42081500","71.71503170",NULL,"14.67",NULL,NULL,NULL,NULL,False,NULL,NULL,"44.04","2026-03-06 18:01:15.47809+00"
"114792",8558,"2026-03-06 09:58:29.171+00","40.42061830","71.71548330",NULL,"14.66",NULL,NULL,NULL,NULL,False,NULL,NULL,"44.02","2026-03-06 18:01:15.47809+00"
"114791",8558,"2026-03-06 09:58:26.174+00","40.42042000","71.71593330",NULL,"14.63",NULL,NULL,NULL,NULL,False,NULL,NULL,"44.37","2026-03-06 18:01:15.478089+00"
"114790",8558,"2026-03-06 09:58:23.172+00","40.42021330","71.71638170",NULL,"14.90",NULL,NULL,NULL,NULL,False,NULL,NULL,"45.31","2026-03-06 18:01:15.478089+00"
"114789",8558,"2026-03-06 09:58:20.175+00","40.41999670","71.71683500",NULL,"15.34",NULL,NULL,NULL,NULL,False,NULL,NULL,"46.39","2026-03-06 18:01:15.478089+00"
"114788",8558,"2026-03-06 09:58:17.17+00","40.41978000","71.71730330",NULL,"15.51",NULL,NULL,NULL,NULL,False,NULL,NULL,"45.83","2026-03-06 18:01:15.478088+00"
"114787",8558,"2026-03-06 09:58:14.174+00","40.41957330","71.71777170",NULL,"15.08",NULL,NULL,NULL,NULL,False,NULL,NULL,"44.93","2026-03-06 18:01:15.478088+00"
"114786",8558,"2026-03-06 09:58:11.171+00","40.41937170","71.71823170",NULL,"14.76",NULL,NULL,NULL,NULL,False,NULL,NULL,"43.50","2026-03-06 18:01:15.478088+00"
"114785",8558,"2026-03-06 09:58:08.175+00","40.41919000","71.71868670",NULL,"14.40",NULL,NULL,NULL,NULL,False,NULL,NULL,"44.41","2026-03-06 18:01:15.478088+00"
"114784",8558,"2026-03-06 09:58:05.171+00","40.41899330","71.71914330",NULL,"14.90",NULL,NULL,NULL,NULL,False,NULL,NULL,"45.15","2026-03-06 18:01:15.478087+00"
"114783",8558,"2026-03-06 09:58:02.175+00","40.41879000","71.71960500",NULL,"15.12",NULL,NULL,NULL,NULL,False,NULL,NULL,"44.38","2026-03-06 18:01:15.478087+00"
"114782",8558,"2026-03-06 09:57:59.171+00","40.41859170","71.72006000",NULL,"14.76",NULL,NULL,NULL,NULL,False,NULL,NULL,"43.77","2026-03-06 18:01:15.478087+00"
"114781",8558,"2026-03-06 09:57:56.175+00","40.41838500","71.72050000",NULL,"14.50",NULL,NULL,NULL,NULL,False,NULL,NULL,"42.67","2026-03-06 18:01:15.478086+00"
"114780",8558,"2026-03-06 09:57:53.171+00","40.41819330","71.72093670",NULL,"13.93",NULL,NULL,NULL,NULL,False,NULL,NULL,"41.56","2026-03-06 18:01:15.478086+00"
"114779",8558,"2026-03-06 09:57:50.174+00","40.41800830","71.72136330",NULL,"14.01",NULL,NULL,NULL,NULL,False,NULL,NULL,"40.84","2026-03-06 18:01:15.478086+00"
"114778",8558,"2026-03-06 09:57:47.171+00","40.41782330","71.72178000",NULL,"13.36",NULL,NULL,NULL,NULL,False,NULL,NULL,"53.29","2026-03-06 18:01:15.478085+00"
"114777",8558,"2026-03-06 09:57:43.172+00","40.41756670","71.72231170",NULL,"13.27",NULL,NULL,NULL,NULL,False,NULL,NULL,"41.54","2026-03-06 18:01:15.478085+00"
"114776",8558,"2026-03-06 09:57:40.171+00","40.41736330","71.72272330",NULL,"14.28",NULL,NULL,NULL,NULL,False,NULL,NULL,"44.18","2026-03-06 18:01:15.478085+00"
"114775",8558,"2026-03-06 09:57:37.171+00","40.41716000","71.72317170",NULL,"15.02",NULL,NULL,NULL,NULL,False,NULL,NULL,"46.22","2026-03-06 18:01:15.478084+00"
"114774",8558,"2026-03-06 09:57:34.171+00","40.41695500","71.72364670",NULL,"15.63",NULL,NULL,NULL,NULL,False,NULL,NULL,"48.09","2026-03-06 18:01:15.478083+00"
"114773",8558,"2026-03-06 09:57:31.163+00","40.41673830","71.72413830",NULL,"16.41",NULL,NULL,NULL,NULL,False,NULL,NULL,"50.45","2026-03-06 18:01:15.478083+00"
"114772",8558,"2026-03-06 09:57:28.17+00","40.41651000","71.72465330",NULL,"16.47",NULL,NULL,NULL,NULL,False,NULL,NULL,"47.33","2026-03-06 18:01:15.478083+00"
"114771",8558,"2026-03-06 09:57:25.168+00","40.41629170","71.72513330",NULL,"15.13",NULL,NULL,NULL,NULL,False,NULL,NULL,"44.52","2026-03-06 18:01:15.478082+00"
"114770",8558,"2026-03-06 09:57:22.168+00","40.41608670","71.72558500",NULL,"14.20",NULL,NULL,NULL,NULL,False,NULL,NULL,"42.88","2026-03-06 18:01:15.478082+00"
"114769",8558,"2026-03-06 09:57:19.169+00","40.41588500","71.72601670",NULL,"12.88",NULL,NULL,NULL,NULL,False,NULL,NULL,"41.60","2026-03-06 18:01:15.478082+00"
"114768",8558,"2026-03-06 09:57:16.169+00","40.41570170","71.72644500",NULL,"13.70",NULL,NULL,NULL,NULL,False,NULL,NULL,"42.03","2026-03-06 18:01:15.478081+00"
"114767",8558,"2026-03-06 09:57:13.168+00","40.41551500","71.72687670",NULL,"14.26",NULL,NULL,NULL,NULL,False,NULL,NULL,"45.05","2026-03-06 18:01:15.478081+00"
"114766",8558,"2026-03-06 09:57:10.168+00","40.41532500","71.72734670",NULL,"14.93",NULL,NULL,NULL,NULL,False,NULL,NULL,"45.60","2026-03-06 18:01:15.478081+00"
"114765",8558,"2026-03-06 09:57:07.167+00","40.41513170","71.72782170",NULL,"15.65",NULL,NULL,NULL,NULL,False,NULL,NULL,"44.92","2026-03-06 18:01:15.47808+00"
"114764",8558,"2026-03-06 09:57:04.168+00","40.41495170","71.72829670",NULL,"14.75",NULL,NULL,NULL,NULL,False,NULL,NULL,"44.92","2026-03-06 18:01:15.47808+00"
"114763",8558,"2026-03-06 09:57:01.173+00","40.41477170","71.72877170",NULL,"14.67",NULL,NULL,NULL,NULL,False,NULL,NULL,"44.12","2026-03-06 18:01:15.47808+00"
"114762",8558,"2026-03-06 09:56:58.17+00","40.41459500","71.72923830",NULL,"14.40",NULL,NULL,NULL,NULL,False,NULL,NULL,"43.25","2026-03-06 18:01:15.47808+00"
"114761",8558,"2026-03-06 09:56:55.173+00","40.41441330","71.72969000",NULL,"14.35",NULL,NULL,NULL,NULL,False,NULL,NULL,"44.20","2026-03-06 18:01:15.478079+00"
"114760",8558,"2026-03-06 09:56:52.171+00","40.41423000","71.73015330",NULL,"15.27",NULL,NULL,NULL,NULL,False,NULL,NULL,"46.31","2026-03-06 18:01:15.478079+00"
"114759",8558,"2026-03-06 09:56:49.17+00","40.41403500","71.73063670",NULL,"15.90",NULL,NULL,NULL,NULL,False,NULL,NULL,"49.28","2026-03-06 18:01:15.478079+00"
"114758",8558,"2026-03-06 09:56:46.168+00","40.41381670","71.73114330",NULL,"16.46",NULL,NULL,NULL,NULL,False,NULL,NULL,"48.37","2026-03-06 18:01:15.478078+00"
"114757",8558,"2026-03-06 09:56:43.17+00","40.41360170","71.73164000",NULL,"15.76",NULL,NULL,NULL,NULL,False,NULL,NULL,"47.74","2026-03-06 18:01:15.478075+00"
"114756",8558,"2026-03-06 09:56:40.168+00","40.41336830","71.73211330",NULL,"15.77",NULL,NULL,NULL,NULL,False,NULL,NULL,"47.19","2026-03-06 18:01:15.478074+00"
"114755",8558,"2026-03-06 09:56:37.169+00","40.41312500","71.73257000",NULL,"15.63",NULL,NULL,NULL,NULL,False,NULL,NULL,"47.55","2026-03-06 18:01:15.478073+00"
"114754",8558,"2026-03-06 09:56:34.166+00","40.41288330","71.73303330",NULL,"14.20",NULL,NULL,NULL,NULL,False,NULL,NULL,"44.15","2026-03-06 18:01:15.478073+00"
"114753",8558,"2026-03-06 09:56:31.168+00","40.41266830","71.73347170",NULL,"14.33",NULL,NULL,NULL,NULL,False,NULL,NULL,"43.08","2026-03-06 18:01:15.478073+00"
"114752",8558,"2026-03-06 09:56:28.169+00","40.41245330","71.73389500",NULL,"14.67",NULL,NULL,NULL,NULL,False,NULL,NULL,"43.18","2026-03-06 18:01:15.478072+00"
"114751",8558,"2026-03-06 09:56:25.169+00","40.41223670","71.73431830",NULL,"13.97",NULL,NULL,NULL,NULL,False,NULL,NULL,"42.68","2026-03-06 18:01:15.478072+00"
"114750",8558,"2026-03-06 09:56:22.17+00","40.41202830","71.73474170",NULL,"14.09",NULL,NULL,NULL,NULL,False,NULL,NULL,"42.19","2026-03-06 18:01:14.480452+00"
"114749",8558,"2026-03-06 09:56:19.168+00","40.41181830","71.73515670",NULL,"13.68",NULL,NULL,NULL,NULL,False,NULL,NULL,"53.08","2026-03-06 18:01:14.480452+00"
"114748",8558,"2026-03-06 09:56:15.169+00","40.41155170","71.73567670",NULL,"12.97",NULL,NULL,NULL,NULL,False,NULL,NULL,"40.92","2026-03-06 18:01:14.480452+00"
"114747",8558,"2026-03-06 09:56:12.17+00","40.41134330","71.73607500",NULL,"13.21",NULL,NULL,NULL,NULL,False,NULL,NULL,"41.07","2026-03-06 18:01:14.48045+00"
"114746",8558,"2026-03-06 09:56:09.168+00","40.41114000","71.73648000",NULL,"13.96",NULL,NULL,NULL,NULL,False,NULL,NULL,"53.35","2026-03-06 18:01:14.48045+00"
"114745",8558,"2026-03-06 09:56:05.167+00","40.41087670","71.73700670",NULL,"12.86",NULL,NULL,NULL,NULL,False,NULL,NULL,"51.72","2026-03-06 18:01:14.48045+00"
"114744",8558,"2026-03-06 09:56:01.17+00","40.41061500","71.73751170",NULL,"12.92",NULL,NULL,NULL,NULL,False,NULL,NULL,"40.23","2026-03-06 18:01:14.48045+00"
"114743",8558,"2026-03-06 09:55:58.167+00","40.41040830","71.73790170",NULL,"14.45",NULL,NULL,NULL,NULL,False,NULL,NULL,"41.25","2026-03-06 18:01:14.48045+00"
"114742",8558,"2026-03-06 09:55:55.168+00","40.41019830","71.73830330",NULL,"13.57",NULL,NULL,NULL,NULL,False,NULL,NULL,"40.11","2026-03-06 18:01:14.480449+00"
"114741",8558,"2026-03-06 09:55:52.168+00","40.40999170","71.73869170",NULL,"13.38",NULL,NULL,NULL,NULL,False,NULL,NULL,"40.43","2026-03-06 18:01:14.480449+00"
"114740",8558,"2026-03-06 09:55:49.166+00","40.40979500","71.73909330",NULL,"13.28",NULL,NULL,NULL,NULL,False,NULL,NULL,"53.53","2026-03-06 18:01:14.480449+00"
"114739",8558,"2026-03-06 09:55:45.165+00","40.40952670","71.73961830",NULL,"12.69",NULL,NULL,NULL,NULL,False,NULL,NULL,"52.53","2026-03-06 18:01:14.480449+00"
"114738",8558,"2026-03-06 09:55:41.167+00","40.40927500","71.74014330",NULL,"12.58",NULL,NULL,NULL,NULL,False,NULL,NULL,"52.92","2026-03-06 18:01:14.480449+00"
"114737",8558,"2026-03-06 09:55:37.171+00","40.40900170","71.74065500",NULL,"12.55",NULL,NULL,NULL,NULL,False,NULL,NULL,"51.88","2026-03-06 18:01:14.480448+00"
"114736",8558,"2026-03-06 09:55:33.164+00","40.40874500","71.74116670",NULL,"13.20",NULL,NULL,NULL,NULL,False,NULL,NULL,"52.47","2026-03-06 18:01:14.480448+00"
"114735",8558,"2026-03-06 09:55:29.166+00","40.40849830","71.74169500",NULL,"13.99",NULL,NULL,NULL,NULL,False,NULL,NULL,"40.83","2026-03-06 18:01:14.480448+00"
"114734",8558,"2026-03-06 09:55:26.168+00","40.40830250","71.74210290",NULL,"14.08",NULL,NULL,NULL,NULL,False,NULL,NULL,"44.30","2026-03-06 18:01:14.480448+00"
"114733",8558,"2026-03-06 09:55:23.168+00","40.40809010","71.74254560",NULL,"14.46",NULL,NULL,NULL,NULL,False,NULL,NULL,"42.12","2026-03-06 18:01:14.480448+00"
"114732",8558,"2026-03-06 09:55:20.17+00","40.40788920","71.74296730",NULL,"14.25",NULL,NULL,NULL,NULL,False,NULL,NULL,"44.26","2026-03-06 18:01:14.480447+00"
"114731",8558,"2026-03-06 09:55:17.169+00","40.40767030","71.74340390",NULL,"14.55",NULL,NULL,NULL,NULL,False,NULL,NULL,"44.56","2026-03-06 18:01:14.480447+00"
"114730",8558,"2026-03-06 09:55:14.171+00","40.40744030","71.74383480",NULL,"14.34",NULL,NULL,NULL,NULL,False,NULL,NULL,"42.79","2026-03-06 18:01:14.480447+00"
"114729",8558,"2026-03-06 09:55:11.173+00","40.40722440","71.74425310",NULL,"13.97",NULL,NULL,NULL,NULL,False,NULL,NULL,"42.64","2026-03-06 18:01:14.480446+00"
"114728",8558,"2026-03-06 09:55:08.169+00","40.40700980","71.74467050",NULL,"14.29",NULL,NULL,NULL,NULL,False,NULL,NULL,"43.55","2026-03-06 18:01:14.480446+00"
"114727",8558,"2026-03-06 09:55:05.172+00","40.40678640","71.74509300",NULL,"14.23",NULL,NULL,NULL,NULL,False,NULL,NULL,"57.19","2026-03-06 18:01:14.480445+00"
"114726",8558,"2026-03-06 09:55:01.167+00","40.40649690","71.74565130",NULL,"14.22",NULL,NULL,NULL,NULL,False,NULL,NULL,"42.43","2026-03-06 18:01:14.480445+00"
"114725",8558,"2026-03-06 09:54:58.169+00","40.40628770","71.74607040",NULL,"14.24",NULL,NULL,NULL,NULL,False,NULL,NULL,"42.36","2026-03-06 18:01:14.480445+00"
"114724",8558,"2026-03-06 09:54:55.17+00","40.40607090","71.74648170",NULL,"14.26",NULL,NULL,NULL,NULL,False,NULL,NULL,"42.91","2026-03-06 18:01:14.480445+00"
"114723",8558,"2026-03-06 09:54:52.168+00","40.40585410","71.74690100",NULL,"13.94",NULL,NULL,NULL,NULL,False,NULL,NULL,"42.22","2026-03-06 18:01:14.480445+00"
"114722",8558,"2026-03-06 09:54:49.168+00","40.40564380","71.74731620",NULL,"13.22",NULL,NULL,NULL,NULL,False,NULL,NULL,"47.58","2026-03-06 18:01:14.480445+00"
"114720",8558,"2026-03-06 09:54:46.171+00","40.40542700","71.74780060",NULL,"13.16",NULL,NULL,NULL,NULL,False,NULL,NULL,"40.06","2026-03-06 18:01:14.480444+00"
"114721",8558,"2026-03-06 09:54:46.171+00","40.40542700","71.74780060",NULL,"13.16",NULL,NULL,NULL,NULL,False,NULL,NULL,"0.00","2026-03-06 18:01:14.480444+00"
"114719",8558,"2026-03-06 09:54:43.17+00","40.40522970","71.74819640",NULL,"12.26",NULL,NULL,NULL,NULL,False,NULL,NULL,"37.74","2026-03-06 18:01:14.480444+00"
"114718",8558,"2026-03-06 09:54:40.17+00","40.40503870","71.74856490",NULL,"10.62",NULL,NULL,NULL,NULL,False,NULL,NULL,"32.69","2026-03-06 18:01:14.480444+00"
"114717",8558,"2026-03-06 09:54:37.167+00","40.40487660","71.74888700",NULL,"7.85",NULL,NULL,NULL,NULL,False,NULL,NULL,"32.28","2026-03-06 18:01:14.480443+00"
"114715",8558,"2026-03-06 09:54:06.168+00","40.40468900","71.74917790",NULL,"7.91",NULL,NULL,NULL,NULL,False,NULL,NULL,"40.31","2026-03-06 18:01:14.480443+00"
"114716",8558,"2026-03-06 09:54:06.168+00","40.40468900","71.74917790",NULL,"7.91",NULL,NULL,NULL,NULL,False,NULL,NULL,"0.00","2026-03-06 18:01:14.480443+00"
"114714",8558,"2026-03-06 09:54:02.168+00","40.40445600","71.74954260",NULL,"14.30",NULL,NULL,NULL,NULL,False,NULL,NULL,"49.39","2026-03-06 18:01:14.480443+00"
"114713",8558,"2026-03-06 09:53:59.167+00","40.40418720","71.75000700",NULL,"15.14",NULL,NULL,NULL,NULL,False,NULL,NULL,"44.84","2026-03-06 18:01:14.480443+00"
"114712",8558,"2026-03-06 09:53:56.166+00","40.40394760","71.75043290",NULL,"14.38",NULL,NULL,NULL,NULL,False,NULL,NULL,"52.95","2026-03-06 18:01:14.480442+00"
"114711",8558,"2026-03-06 09:53:52.167+00","40.40366690","71.75093810",NULL,"12.78",NULL,NULL,NULL,NULL,False,NULL,NULL,"45.00","2026-03-06 18:01:14.480441+00"
"114709",8558,"2026-03-06 09:53:48.168+00","40.40355650","71.75144940",NULL,"12.59",NULL,NULL,NULL,NULL,False,NULL,NULL,"38.43","2026-03-06 18:01:14.480441+00"
"114710",8558,"2026-03-06 09:53:48.168+00","40.40355650","71.75144940",NULL,"12.59",NULL,NULL,NULL,NULL,False,NULL,NULL,"0.00","2026-03-06 18:01:14.480441+00"
"114708",8558,"2026-03-06 09:53:45.166+00","40.40337000","71.75183150",NULL,"12.43",NULL,NULL,NULL,NULL,False,NULL,NULL,"37.87","2026-03-06 18:01:14.48044+00"
"114707",8558,"2026-03-06 09:53:42.167+00","40.40318180","71.75220420",NULL,"11.96",NULL,NULL,NULL,NULL,False,NULL,NULL,"34.39","2026-03-06 18:01:14.48044+00"
"114706",8558,"2026-03-06 09:53:39.17+00","40.40301670","71.75254760",NULL,"10.67",NULL,NULL,NULL,NULL,False,NULL,NULL,"31.59","2026-03-06 18:01:14.48044+00"
"114705",8558,"2026-03-06 09:53:36.167+00","40.40286120","71.75285980",NULL,"10.18",NULL,NULL,NULL,NULL,False,NULL,NULL,"30.28","2026-03-06 18:01:14.48044+00"
"114704",8558,"2026-03-06 09:53:33.166+00","40.40271440","71.75316100",NULL,"10.18",NULL,NULL,NULL,NULL,False,NULL,NULL,"31.34","2026-03-06 18:01:14.480439+00"
"114703",8558,"2026-03-06 09:53:30.165+00","40.40255270","71.75346420",NULL,"10.55",NULL,NULL,NULL,NULL,False,NULL,NULL,"30.07","2026-03-06 18:01:14.480439+00"
"114702",8558,"2026-03-06 09:53:27.166+00","40.40238430","71.75374210",NULL,"9.52",NULL,NULL,NULL,NULL,False,NULL,NULL,"38.18","2026-03-06 18:01:14.480439+00"
"114701",8558,"2026-03-06 09:53:23.168+00","40.40217840","71.75410300",NULL,"9.64",NULL,NULL,NULL,NULL,False,NULL,NULL,"33.00","2026-03-06 18:01:14.480439+00"
"114700",8558,"2026-03-06 09:53:20.168+00","40.40202740","71.75443850",NULL,"10.31",NULL,NULL,NULL,NULL,False,NULL,NULL,"31.24","2026-03-06 18:01:13.042955+00"
"114699",8558,"2026-03-06 09:53:17.165+00","40.40189430","71.75476340",NULL,"11.29",NULL,NULL,NULL,NULL,False,NULL,NULL,"39.93","2026-03-06 18:01:13.042955+00"
"114697",8558,"2026-03-06 09:53:13.167+00","40.40168490","71.75514650",NULL,"11.88",NULL,NULL,NULL,NULL,False,NULL,NULL,"46.69","2026-03-06 18:01:13.042955+00"
"114698",8558,"2026-03-06 09:53:13.167+00","40.40168490","71.75514650",NULL,"11.88",NULL,NULL,NULL,NULL,False,NULL,NULL,"0.00","2026-03-06 18:01:13.042955+00"
"114696",8558,"2026-03-06 09:53:09.168+00","40.40146640","71.75561730",NULL,"12.83",NULL,NULL,NULL,NULL,False,NULL,NULL,"42.90","2026-03-06 18:01:13.042954+00"
"114695",8558,"2026-03-06 09:53:04.934+00","40.40135840","71.75610370",NULL,"13.29",NULL,NULL,NULL,NULL,False,NULL,NULL,"49.45","2026-03-06 18:01:13.042954+00"
"114693",8558,"2026-03-06 09:53:03.17+00","40.40098760","71.75642600",NULL,"12.59",NULL,NULL,NULL,NULL,False,NULL,NULL,"34.21","2026-03-06 18:01:13.042954+00"
"114694",8558,"2026-03-06 09:53:03.17+00","40.40098760","71.75642600",NULL,"12.59",NULL,NULL,NULL,NULL,False,NULL,NULL,"0.00","2026-03-06 18:01:13.042954+00"
"114691",8558,"2026-03-06 09:53:00.17+00","40.40086610","71.75679710",NULL,"12.46",NULL,NULL,NULL,NULL,False,NULL,NULL,"50.76","2026-03-06 18:01:13.042953+00"
"114692",8558,"2026-03-06 09:53:00.17+00","40.40086610","71.75679710",NULL,"12.46",NULL,NULL,NULL,NULL,False,NULL,NULL,"0.00","2026-03-06 18:01:13.042953+00"
"114690",8558,"2026-03-06 09:52:56.166+00","40.40061240","71.75729540",NULL,"12.95",NULL,NULL,NULL,NULL,False,NULL,NULL,"50.77","2026-03-06 18:01:13.042953+00"
"114689",8558,"2026-03-06 09:52:52.166+00","40.40037010","71.75780360",NULL,"12.64",NULL,NULL,NULL,NULL,False,NULL,NULL,"40.63","2026-03-06 18:01:13.042953+00"
"114687",8558,"2026-03-06 09:52:49.169+00","40.40014850","71.75818510",NULL,"12.62",NULL,NULL,NULL,NULL,False,NULL,NULL,"37.87","2026-03-06 18:01:13.042952+00"
"114688",8558,"2026-03-06 09:52:49.169+00","40.40014850","71.75818510",NULL,"12.62",NULL,NULL,NULL,NULL,False,NULL,NULL,"0.00","2026-03-06 18:01:13.042952+00"
"114686",8558,"2026-03-06 09:52:46.168+00","40.39995300","71.75855130",NULL,"12.06",NULL,NULL,NULL,NULL,False,NULL,NULL,"35.90","2026-03-06 18:01:13.042952+00"
"114685",8558,"2026-03-06 09:52:43.165+00","40.39979410","71.75892040",NULL,"11.80",NULL,NULL,NULL,NULL,False,NULL,NULL,"33.69","2026-03-06 18:01:13.042952+00"
"114683",8558,"2026-03-06 09:52:40.173+00","40.39963570","71.75925960",NULL,"12.08",NULL,NULL,NULL,NULL,False,NULL,NULL,"48.18","2026-03-06 18:01:13.042951+00"
"114684",8558,"2026-03-06 09:52:40.173+00","40.39963570","71.75925960",NULL,"12.08",NULL,NULL,NULL,NULL,False,NULL,NULL,"0.00","2026-03-06 18:01:13.042952+00"
"114682",8558,"2026-03-06 09:52:36.171+00","40.39945240","71.75977510",NULL,"12.77",NULL,NULL,NULL,NULL,False,NULL,NULL,"52.49","2026-03-06 18:01:13.042951+00"
"114681",8558,"2026-03-06 09:52:32.169+00","40.39927060","71.76034720",NULL,"13.86",NULL,NULL,NULL,NULL,False,NULL,NULL,"41.58","2026-03-06 18:01:13.042951+00"
"114680",8558,"2026-03-06 09:52:29.171+00","40.39913380","71.76080420",NULL,"13.92",NULL,NULL,NULL,NULL,False,NULL,NULL,"41.27","2026-03-06 18:01:13.042951+00"
"114679",8558,"2026-03-06 09:52:26.168+00","40.39899210","71.76125470",NULL,"13.45",NULL,NULL,NULL,NULL,False,NULL,NULL,"40.03","2026-03-06 18:01:13.042951+00"
"114678",8558,"2026-03-06 09:52:23.168+00","40.39885290","71.76169070",NULL,"13.37",NULL,NULL,NULL,NULL,False,NULL,NULL,"46.76","2026-03-06 18:01:13.042951+00"
"114677",8558,"2026-03-06 09:52:19.167+00","40.39869250","71.76220110",NULL,"13.46",NULL,NULL,NULL,NULL,False,NULL,NULL,"47.25","2026-03-06 18:01:13.04295+00"
"114675",8558,"2026-03-06 09:52:16.17+00","40.39854250","71.76272320",NULL,"13.27",NULL,NULL,NULL,NULL,False,NULL,NULL,"33.91","2026-03-06 18:01:13.04295+00"
"114676",8558,"2026-03-06 09:52:16.17+00","40.39854250","71.76272320",NULL,"13.27",NULL,NULL,NULL,NULL,False,NULL,NULL,"0.00","2026-03-06 18:01:13.04295+00"
"114674",8558,"2026-03-06 09:52:13.931+00","40.39841780","71.76308870",NULL,"11.26",NULL,NULL,NULL,NULL,False,NULL,NULL,"44.99","2026-03-06 18:01:13.042949+00"
"114672",8558,"2026-03-06 09:52:12.171+00","40.39831350","71.76360200",NULL,"8.86",NULL,NULL,NULL,NULL,False,NULL,NULL,"20.26","2026-03-06 18:01:13.042949+00"
"114673",8558,"2026-03-06 09:52:12.171+00","40.39831350","71.76360200",NULL,"8.86",NULL,NULL,NULL,NULL,False,NULL,NULL,"0.00","2026-03-06 18:01:13.042949+00"
"114671",8558,"2026-03-06 09:52:11.165+00","40.39823590","71.76381850",NULL,"6.76",NULL,NULL,NULL,NULL,False,NULL,NULL,"26.77","2026-03-06 18:01:13.042949+00"
"114670",8558,"2026-03-06 09:52:09.167+00","40.39813060","71.76410280",NULL,"5.39",NULL,NULL,NULL,NULL,False,NULL,NULL,"23.82","2026-03-06 18:01:13.042948+00"
"114669",8558,"2026-03-06 09:52:07.165+00","40.39801280","71.76433770",NULL,"4.39",NULL,NULL,NULL,NULL,False,NULL,NULL,"25.16","2026-03-06 18:01:13.042948+00"
"114668",8558,"2026-03-06 09:52:05.158+00","40.39785110","71.76454550",NULL,"3.89",NULL,NULL,NULL,NULL,False,NULL,NULL,"40.63","2026-03-06 18:01:13.042948+00"
"114666",8558,"2026-03-06 09:52:01.473+00","40.39758480","71.76487400",NULL,"3.09",NULL,NULL,NULL,NULL,False,NULL,NULL,"19.71","2026-03-06 18:01:13.042948+00"
"114667",8558,"2026-03-06 09:52:01.473+00","40.39758480","71.76487400",NULL,"3.09",NULL,NULL,NULL,NULL,False,NULL,NULL,"0.00","2026-03-06 18:01:13.042948+00"
"114665",8558,"2026-03-06 09:52:00.971+00","40.39746630","71.76504710",NULL,"2.39",NULL,NULL,NULL,NULL,False,NULL,NULL,"22.09","2026-03-06 18:01:13.042947+00"
"114663",8558,"2026-03-06 09:51:59.722+00","40.39741900","71.76479370",NULL,"0.02",NULL,NULL,NULL,NULL,False,NULL,NULL,"23.04","2026-03-06 18:01:13.042947+00"
"114664",8558,"2026-03-06 09:51:59.722+00","40.39741900","71.76479370",NULL,"0.02",NULL,NULL,NULL,NULL,False,NULL,NULL,"0.00","2026-03-06 18:01:13.042947+00"
"114661",8558,"2026-03-06 09:51:56.963+00","40.39760460","71.76491470",NULL,"6.35",NULL,NULL,NULL,NULL,False,NULL,NULL,"19.22","2026-03-06 18:01:13.042947+00"
"114662",8558,"2026-03-06 09:51:56.963+00","40.39760460","71.76491470",NULL,"6.35",NULL,NULL,NULL,NULL,False,NULL,NULL,"0.00","2026-03-06 18:01:13.042947+00"
"114659",8558,"2026-03-06 09:51:55.169+00","40.39747670","71.76506740",NULL,"1.97",NULL,NULL,NULL,NULL,False,NULL,NULL,"30.51","2026-03-06 18:01:13.042946+00"
"114660",8558,"2026-03-06 09:51:55.169+00","40.39747670","71.76506740",NULL,"1.97",NULL,NULL,NULL,NULL,False,NULL,NULL,"0.00","2026-03-06 18:01:13.042947+00"
"114658",8558,"2026-03-06 09:51:26.172+00","40.39733740","71.76537780",NULL,"8.94",NULL,NULL,NULL,NULL,False,NULL,NULL,"34.42","2026-03-06 18:01:13.042946+00"
"114656",8558,"2026-03-06 09:51:22.17+00","40.39707400","71.76559120",NULL,"11.53",NULL,NULL,NULL,NULL,False,NULL,NULL,"48.11","2026-03-06 18:01:13.042944+00"
"114657",8558,"2026-03-06 09:51:22.17+00","40.39707400","71.76559120",NULL,"11.53",NULL,NULL,NULL,NULL,False,NULL,NULL,"0.00","2026-03-06 18:01:13.042946+00"
"114655",8558,"2026-03-06 09:51:18.173+00","40.39677200","71.76599800",NULL,"12.79",NULL,NULL,NULL,NULL,False,NULL,NULL,"52.32","2026-03-06 18:01:13.042943+00"
"114654",8558,"2026-03-06 09:51:14.172+00","40.39643730","71.76643220",NULL,"13.27",NULL,NULL,NULL,NULL,False,NULL,NULL,"41.24","2026-03-06 18:01:13.042943+00"
"114653",8558,"2026-03-06 09:51:11.169+00","40.39617450","71.76677580",NULL,"13.96",NULL,NULL,NULL,NULL,False,NULL,NULL,"43.22","2026-03-06 18:01:13.042943+00"
"114652",8558,"2026-03-06 09:51:08.168+00","40.39591660","71.76715760",NULL,"14.03",NULL,NULL,NULL,NULL,False,NULL,NULL,"43.44","2026-03-06 18:01:13.042942+00"
"114651",8558,"2026-03-06 09:51:05.167+00","40.39565070","71.76753340",NULL,"12.99",NULL,NULL,NULL,NULL,False,NULL,NULL,"42.65","2026-03-06 18:01:13.042942+00"
"114649",8558,"2026-03-06 09:51:02.173+00","40.39536590","71.76787070",NULL,"12.78",NULL,NULL,NULL,NULL,False,NULL,NULL,"41.27","2026-03-06 09:51:03.218+00"
"114650",8558,"2026-03-06 09:51:02.173+00","40.39536590","71.76787070",NULL,"12.78",NULL,NULL,NULL,NULL,False,NULL,NULL,"0.00","2026-03-06 09:51:03.699532+00"
"114648",8558,"2026-03-06 09:50:59.172+00","40.39511200","71.76822610",NULL,"12.31",NULL,NULL,NULL,NULL,False,NULL,NULL,"30.03","2026-03-06 09:51:00.215157+00"
"114647",8558,"2026-03-06 09:50:57.172+00","40.39494040","71.76849990",NULL,"12.15",NULL,NULL,NULL,NULL,False,NULL,NULL,"32.02","2026-03-06 09:50:58.213133+00"
"114646",8558,"2026-03-06 09:50:55.174+00","40.39475730","71.76879170",NULL,"11.86",NULL,NULL,NULL,NULL,False,NULL,NULL,"33.18","2026-03-06 09:50:56.221656+00"
"114645",8558,"2026-03-06 09:50:53.169+00","40.39456050","71.76908620",NULL,"11.13",NULL,NULL,NULL,NULL,False,NULL,NULL,"42.15","2026-03-06 09:50:54.210589+00"
"114643",8558,"2026-03-06 09:50:49.167+00","40.39426950","71.76940520",NULL,"8.80",NULL,NULL,NULL,NULL,False,NULL,NULL,"26.31","2026-03-06 09:50:50.211052+00"
"114644",8558,"2026-03-06 09:50:49.167+00","40.39426950","71.76940520",NULL,"8.80",NULL,NULL,NULL,NULL,False,NULL,NULL,"0.00","2026-03-06 09:50:51.092593+00"
"114642",8558,"2026-03-06 09:50:47.172+00","40.39409790","71.76961910",NULL,"6.07",NULL,NULL,NULL,NULL,False,NULL,NULL,"24.46","2026-03-06 09:50:48.221028+00"
"114641",8558,"2026-03-06 09:50:45.161+00","40.39392530","71.76979820",NULL,"3.38",NULL,NULL,NULL,NULL,False,NULL,NULL,"22.81","2026-03-06 09:50:46.206466+00"
"114639",8558,"2026-03-06 09:50:40.17+00","40.39376660","71.76996890",NULL,"4.43",NULL,NULL,NULL,NULL,False,NULL,NULL,"10.95","2026-03-06 09:50:41.284528+00"
"114640",8558,"2026-03-06 09:50:40.17+00","40.39376660","71.76996890",NULL,"4.43",NULL,NULL,NULL,NULL,False,NULL,NULL,"0.00","2026-03-06 09:50:42.152555+00"
"114638",8558,"2026-03-06 09:50:38.173+00","40.39369810","71.77006180",NULL,"0.42",NULL,NULL,NULL,NULL,False,NULL,NULL,"10.50","2026-03-06 09:50:39.223288+00"
"114634",8558,"2026-03-06 09:50:16.167+00","40.39361860","71.77012870",NULL,"2.36",NULL,NULL,NULL,NULL,False,NULL,NULL,"18.62","2026-03-06 09:50:17.258904+00"
"114635",8558,"2026-03-06 09:50:16.167+00","40.39361860","71.77012870",NULL,"2.36",NULL,NULL,NULL,NULL,False,NULL,NULL,"0.00","2026-03-06 09:50:17.258905+00"
"114636",8558,"2026-03-06 09:50:16.167+00","40.39361860","71.77012870",NULL,"2.36",NULL,NULL,NULL,NULL,False,NULL,NULL,"0.00","2026-03-06 09:50:18.238309+00"
"114637",8558,"2026-03-06 09:50:16.167+00","40.39361860","71.77012870",NULL,"2.36",NULL,NULL,NULL,NULL,False,NULL,NULL,"0.00","2026-03-06 09:50:18.238309+00"
"114632",8558,"2026-03-06 09:50:12.665+00","40.39348460","71.77026050",NULL,"9.54",NULL,NULL,NULL,NULL,False,NULL,NULL,"24.78","2026-03-06 09:50:13.719666+00"
"114633",8558,"2026-03-06 09:50:12.665+00","40.39348460","71.77026050",NULL,"9.54",NULL,NULL,NULL,NULL,False,NULL,NULL,"0.00","2026-03-06 09:50:13.719667+00"
"114630",8558,"2026-03-06 09:50:10.906+00","40.39369690","71.77034930",NULL,"12.66",NULL,NULL,NULL,NULL,False,NULL,NULL,"71.39","2026-03-06 09:50:12.0057+00"
"114631",8558,"2026-03-06 09:50:10.906+00","40.39369690","71.77034930",NULL,"12.66",NULL,NULL,NULL,NULL,False,NULL,NULL,"0.00","2026-03-06 09:50:12.0057+00"
"114627",8558,"2026-03-06 09:50:06.179+00","40.39321130","71.77090080",NULL,"12.16",NULL,NULL,NULL,NULL,False,NULL,NULL,"1673.13","2026-03-06 09:50:07.249896+00"
"114628",8558,"2026-03-06 09:50:06.179+00","40.39321130","71.77090080",NULL,"12.16",NULL,NULL,NULL,NULL,False,NULL,NULL,"0.00","2026-03-06 09:50:07.249896+00"
"114629",8558,"2026-03-06 09:50:06.179+00","40.39321130","71.77090080",NULL,"12.16",NULL,NULL,NULL,NULL,False,NULL,NULL,"0.00","2026-03-06 09:50:08.249803+00"
"114626",8558,"2026-03-06 06:17:20.159+00","40.38459000","71.78709170",NULL,"1.76",NULL,NULL,NULL,NULL,False,NULL,NULL,"33.71","2026-03-06 09:03:28.712648+00"
"113265",9539,"2026-03-06 04:20:04.706+00","40.37828130","71.77624140",NULL,"3.07",NULL,NULL,NULL,NULL,False,NULL,NULL,"20.05","2026-03-06 04:21:33.75347+00"
"113263",9539,"2026-03-06 04:19:59.338+00","40.37813650","71.77610030",NULL,"2.84",NULL,NULL,NULL,NULL,False,NULL,NULL,"10.58","2026-03-06 04:21:33.75347+00"
"113264",9539,"2026-03-06 04:19:59.338+00","40.37813650","71.77610030",NULL,"2.84",NULL,NULL,NULL,NULL,False,NULL,NULL,"0.00","2026-03-06 04:21:33.75347+00"
"113262",9539,"2026-03-06 04:19:56.642+00","40.37812760","71.77597600",NULL,"2.40",NULL,NULL,NULL,NULL,False,NULL,NULL,"0.00","2026-03-06 04:21:33.753468+00"
"113261",9539,"2026-03-06 04:19:56.642+00","40.37812760","71.77597600",NULL,"2.40",NULL,NULL,NULL,NULL,False,NULL,NULL,"10.14","2026-03-06 04:19:57.074217+00"
"113260",9539,"2026-03-06 04:19:53.798+00","40.37815610","71.77586230",NULL,"1.82",NULL,NULL,NULL,NULL,False,NULL,NULL,"12.13","2026-03-06 04:19:54.212138+00"
"113259",9539,"2026-03-06 04:19:49.71+00","40.37824800","71.77578510",NULL,"1.43",NULL,NULL,NULL,NULL,False,NULL,NULL,"41.09","2026-03-06 04:19:50.413987+00"
"113258",9539,"2026-03-06 04:19:10.81+00","40.37861580","71.77583160",NULL,"0.85",NULL,NULL,NULL,NULL,False,NULL,NULL,"10.06","2026-03-06 04:19:11.255538+00"
"113257",9539,"2026-03-06 04:19:05.063+00","40.37867210","71.77592450",NULL,"0.79",NULL,NULL,NULL,NULL,False,NULL,NULL,"10.13","2026-03-06 04:19:05.595729+00"
"113256",9539,"2026-03-06 04:16:32.761+00","40.37860560","71.77600620",NULL,"0.06",NULL,NULL,NULL,NULL,False,NULL,NULL,"4.05","2026-03-06 04:16:34.036694+00"
"113255",9539,"2026-03-06 04:16:05.707+00","40.37864200","71.77600500",NULL,"0.08",NULL,NULL,NULL,NULL,False,NULL,NULL,"10.31","2026-03-06 04:16:06.620804+00"
"113254",9539,"2026-03-06 04:14:24.711+00","40.37864170","71.77588330",NULL,"0.00",NULL,NULL,NULL,NULL,False,NULL,NULL,"10.30","2026-03-06 04:14:25.21971+00"
"113253",9539,"2026-03-06 04:14:20.706+00","40.37872670","71.77593170",NULL,"1.84",NULL,NULL,NULL,NULL,False,NULL,NULL,"11.49","2026-03-06 04:14:21.139411+00"
"113252",9539,"2026-03-06 04:14:16.705+00","40.37881670","71.77599830",NULL,"1.58",NULL,NULL,NULL,NULL,False,NULL,NULL,"10.90","2026-03-06 04:14:17.201452+00"
"113251",9539,"2026-03-06 04:14:10.703+00","40.37891170","71.77603000",NULL,"2.14",NULL,NULL,NULL,NULL,False,NULL,NULL,"11.12","2026-03-06 04:14:11.179237+00"
"113249",9539,"2026-03-06 04:14:03.713+00","40.37899000","71.77611170",NULL,"2.09",NULL,NULL,NULL,NULL,False,NULL,NULL,"19.98","2026-03-06 04:14:04.242204+00"
"113250",9539,"2026-03-06 04:14:03.713+00","40.37899000","71.77611170",NULL,"2.09",NULL,NULL,NULL,NULL,False,NULL,NULL,"0.00","2026-03-06 04:14:04.242205+00"
"113248",9539,"2026-03-06 04:13:55.708+00","40.37907670","71.77631830",NULL,"5.05",NULL,NULL,NULL,NULL,False,NULL,NULL,"20.30","2026-03-06 04:13:56.240232+00"
"113247",9539,"2026-03-06 04:13:51.709+00","40.37922000","71.77646670",NULL,"4.60",NULL,NULL,NULL,NULL,False,NULL,NULL,"23.54","2026-03-06 04:13:52.202802+00"
"113245",9539,"2026-03-06 04:13:46.714+00","40.37917500","71.77673830",NULL,"6.17",NULL,NULL,NULL,NULL,False,NULL,NULL,"33.13","2026-03-06 04:13:47.240199+00"
"113246",9539,"2026-03-06 04:13:46.714+00","40.37917500","71.77673830",NULL,"6.17",NULL,NULL,NULL,NULL,False,NULL,NULL,"0.00","2026-03-06 04:13:47.240199+00"
"113243",9539,"2026-03-06 04:13:37.719+00","40.37930000","71.77709330",NULL,"11.96",NULL,NULL,NULL,NULL,False,NULL,NULL,"40.94","2026-03-06 04:13:38.161807+00"
"113244",9539,"2026-03-06 04:13:37.719+00","40.37930000","71.77709330",NULL,"11.96",NULL,NULL,NULL,NULL,False,NULL,NULL,"0.00","2026-03-06 04:13:38.161808+00"
"113242",9539,"2026-03-06 04:13:34.702+00","40.37964830","71.77725000",NULL,"14.89",NULL,NULL,NULL,NULL,False,NULL,NULL,"46.23","2026-03-06 04:13:35.139692+00"
"113240",9539,"2026-03-06 04:13:31.712+00","40.38004500","71.77741330",NULL,"14.51",NULL,NULL,NULL,NULL,False,NULL,NULL,"42.56","2026-03-06 04:13:32.179518+00"
"113241",9539,"2026-03-06 04:13:31.712+00","40.38004500","71.77741330",NULL,"14.51",NULL,NULL,NULL,NULL,False,NULL,NULL,"0.00","2026-03-06 04:13:32.179519+00"
"113238",9539,"2026-03-06 04:13:28.704+00","40.38041330","71.77755000",NULL,"12.12",NULL,NULL,NULL,NULL,False,NULL,NULL,"30.76","2026-03-06 04:13:29.12493+00"
"113239",9539,"2026-03-06 04:13:28.704+00","40.38041330","71.77755000",NULL,"12.12",NULL,NULL,NULL,NULL,False,NULL,NULL,"0.00","2026-03-06 04:13:30.179126+00"
"113236",9539,"2026-03-06 04:13:25.704+00","40.38064670","71.77774500",NULL,"6.73",NULL,NULL,NULL,NULL,False,NULL,NULL,"34.67","2026-03-06 04:13:26.159919+00"
"113237",9539,"2026-03-06 04:13:25.704+00","40.38064670","71.77774500",NULL,"6.73",NULL,NULL,NULL,NULL,False,NULL,NULL,"0.00","2026-03-06 04:13:26.159919+00"
"113234",9539,"2026-03-06 04:12:39.707+00","40.38057500","71.77814330",NULL,"7.89",NULL,NULL,NULL,NULL,False,NULL,NULL,"47.71","2026-03-06 04:12:40.199634+00"
"113235",9539,"2026-03-06 04:12:39.707+00","40.38057500","71.77814330",NULL,"7.89",NULL,NULL,NULL,NULL,False,NULL,NULL,"0.00","2026-03-06 04:12:40.199644+00"
"113233",9539,"2026-03-06 04:12:35.715+00","40.38041330","71.77866500",NULL,"13.30",NULL,NULL,NULL,NULL,False,NULL,NULL,"42.61","2026-03-06 04:12:36.200073+00"
"113231",9539,"2026-03-06 04:12:32.713+00","40.38027670","71.77913500",NULL,"13.15",NULL,NULL,NULL,NULL,False,NULL,NULL,"39.00","2026-03-06 04:12:33.181983+00"
"113232",9539,"2026-03-06 04:12:32.713+00","40.38027670","71.77913500",NULL,"13.15",NULL,NULL,NULL,NULL,False,NULL,NULL,"0.00","2026-03-06 04:12:33.181984+00"
"113230",9539,"2026-03-06 04:12:29.709+00","40.38014500","71.77956170",NULL,"9.97",NULL,NULL,NULL,NULL,False,NULL,NULL,"34.75","2026-03-06 04:12:30.245943+00"
"113228",9539,"2026-03-06 04:12:24.705+00","40.38022000","71.77996000",NULL,"9.31",NULL,NULL,NULL,NULL,False,NULL,NULL,"48.70","2026-03-06 04:12:25.182599+00"
"113229",9539,"2026-03-06 04:12:24.705+00","40.38022000","71.77996000",NULL,"9.31",NULL,NULL,NULL,NULL,False,NULL,NULL,"0.00","2026-03-06 04:12:25.1826+00"
"113227",9539,"2026-03-06 04:12:20.714+00","40.38062670","71.78017330",NULL,"15.32",NULL,NULL,NULL,NULL,False,NULL,NULL,"45.66","2026-03-06 04:12:21.250262+00"
"113226",9539,"2026-03-06 04:12:17.71+00","40.38101000","71.78036670",NULL,"15.15",NULL,NULL,NULL,NULL,False,NULL,NULL,"47.32","2026-03-06 04:12:18.169909+00"
"113225",9539,"2026-03-06 04:12:14.704+00","40.38141330","71.78054500",NULL,"14.97",NULL,NULL,NULL,NULL,False,NULL,NULL,"45.40","2026-03-06 04:12:15.182183+00"
"113224",9539,"2026-03-06 04:12:11.711+00","40.38179830","71.78072330",NULL,"14.95",NULL,NULL,NULL,NULL,False,NULL,NULL,"44.51","2026-03-06 04:12:12.184819+00"
"113222",9539,"2026-03-06 04:12:08.706+00","40.38218000","71.78088170",NULL,"13.86",NULL,NULL,NULL,NULL,False,NULL,NULL,"38.66","2026-03-06 04:12:09.158272+00"
"113223",9539,"2026-03-06 04:12:08.706+00","40.38218000","71.78088170",NULL,"13.86",NULL,NULL,NULL,NULL,False,NULL,NULL,"0.00","2026-03-06 04:12:09.158272+00"
"113221",9539,"2026-03-06 04:12:05.715+00","40.38251170","71.78101830",NULL,"10.60",NULL,NULL,NULL,NULL,False,NULL,NULL,"40.28","2026-03-06 04:12:06.273342+00"
"113219",9539,"2026-03-06 04:12:01.702+00","40.38279170","71.78132000",NULL,"10.83",NULL,NULL,NULL,NULL,False,NULL,NULL,"50.84","2026-03-06 04:12:02.152819+00"
"113220",9539,"2026-03-06 04:12:01.702+00","40.38279170","71.78132000",NULL,"10.83",NULL,NULL,NULL,NULL,False,NULL,NULL,"0.00","2026-03-06 04:12:02.15282+00"
"113218",9539,"2026-03-06 04:11:57.716+00","40.38310670","71.78175500",NULL,"15.89",NULL,NULL,NULL,NULL,False,NULL,NULL,"50.72","2026-03-06 04:11:58.241662+00"
"113217",9539,"2026-03-06 04:11:54.721+00","40.38342670","71.78218170",NULL,"17.46",NULL,NULL,NULL,NULL,False,NULL,NULL,"51.71","2026-03-06 04:11:55.191118+00"
"113216",9539,"2026-03-06 04:11:51.715+00","40.38376670","71.78259830",NULL,"16.23",NULL,NULL,NULL,NULL,False,NULL,NULL,"45.52","2026-03-06 04:11:52.248106+00"
"113214",9539,"2026-03-06 04:11:48.709+00","40.38406830","71.78296170",NULL,"14.24",NULL,NULL,NULL,NULL,False,NULL,NULL,"38.04","2026-03-06 04:11:49.199531+00"
"113215",9539,"2026-03-06 04:11:48.709+00","40.38406830","71.78296170",NULL,"14.24",NULL,NULL,NULL,NULL,False,NULL,NULL,"0.00","2026-03-06 04:11:49.199532+00"
"113212",9539,"2026-03-06 04:11:45.711+00","40.38431830","71.78326830",NULL,"10.42",NULL,NULL,NULL,NULL,False,NULL,NULL,"27.44","2026-03-06 04:11:46.247642+00"
"113213",9539,"2026-03-06 04:11:45.711+00","40.38431830","71.78326830",NULL,"10.42",NULL,NULL,NULL,NULL,False,NULL,NULL,"0.00","2026-03-06 04:11:46.247644+00"
"113210",9539,"2026-03-06 04:11:42.719+00","40.38449830","71.78349000",NULL,"6.65",NULL,NULL,NULL,NULL,False,NULL,NULL,"34.39","2026-03-06 04:11:43.320177+00"
"113211",9539,"2026-03-06 04:11:42.719+00","40.38449830","71.78349000",NULL,"6.65",NULL,NULL,NULL,NULL,False,NULL,NULL,"0.00","2026-03-06 04:11:43.32021+00"
"113208",9539,"2026-03-06 04:11:11.718+00","40.38474000","71.78374330",NULL,"11.13",NULL,NULL,NULL,NULL,False,NULL,NULL,"41.17","2026-03-06 04:11:12.201147+00"
"113209",9539,"2026-03-06 04:11:11.718+00","40.38474000","71.78374330",NULL,"11.13",NULL,NULL,NULL,NULL,False,NULL,NULL,"0.00","2026-03-06 04:11:12.201148+00"
"113207",9539,"2026-03-06 04:11:08.713+00","40.38500830","71.78407830",NULL,"15.88",NULL,NULL,NULL,NULL,False,NULL,NULL,"45.95","2026-03-06 04:11:09.15998+00"
"113205",9539,"2026-03-06 04:11:05.711+00","40.38531170","71.78444670",NULL,"14.44",NULL,NULL,NULL,NULL,False,NULL,NULL,"40.58","2026-03-06 04:11:06.273978+00"
"113206",9539,"2026-03-06 04:11:05.711+00","40.38531170","71.78444670",NULL,"14.44",NULL,NULL,NULL,NULL,False,NULL,NULL,"0.00","2026-03-06 04:11:06.273999+00"
"113204",9539,"2026-03-06 04:11:02.716+00","40.38554670","71.78481330",NULL,"12.35",NULL,NULL,NULL,NULL,False,NULL,NULL,"35.58","2026-03-06 04:11:03.252724+00"
"113202",9539,"2026-03-06 04:10:59.712+00","40.38569830","71.78518330",NULL,"12.28",NULL,NULL,NULL,NULL,False,NULL,NULL,"52.00","2026-03-06 04:11:00.262848+00"
"113203",9539,"2026-03-06 04:10:59.712+00","40.38569830","71.78518330",NULL,"12.28",NULL,NULL,NULL,NULL,False,NULL,NULL,"0.00","2026-03-06 04:11:00.262849+00"
"113200",9539,"2026-03-06 04:10:55.71+00","40.38589830","71.78573830",NULL,"13.90",NULL,NULL,NULL,NULL,False,NULL,NULL,"39.75","2026-03-06 04:10:56.273506+00"
"113201",9539,"2026-03-06 04:10:55.71+00","40.38589830","71.78573830",NULL,"13.90",NULL,NULL,NULL,NULL,False,NULL,NULL,"0.00","2026-03-06 04:10:56.273507+00"
"113199",9539,"2026-03-06 04:10:52.71+00","40.38605000","71.78616330",NULL,"12.27",NULL,NULL,NULL,NULL,False,NULL,NULL,"41.05","2026-03-06 04:10:53.270642+00"
"113197",9539,"2026-03-06 04:10:48.714+00","40.38619330","71.78661000",NULL,"8.01",NULL,NULL,NULL,NULL,False,NULL,NULL,"23.14","2026-03-06 04:10:49.223294+00"
"113198",9539,"2026-03-06 04:10:48.714+00","40.38619330","71.78661000",NULL,"8.01",NULL,NULL,NULL,NULL,False,NULL,NULL,"0.00","2026-03-06 04:10:49.223295+00"
"113195",9539,"2026-03-06 04:10:44.715+00","40.38617170","71.78688170",NULL,"5.54",NULL,NULL,NULL,NULL,False,NULL,NULL,"34.67","2026-03-06 04:10:45.309412+00"
"113196",9539,"2026-03-06 04:10:44.715+00","40.38617170","71.78688170",NULL,"5.54",NULL,NULL,NULL,NULL,False,NULL,NULL,"0.00","2026-03-06 04:10:45.309413+00"
"113194",9539,"2026-03-06 04:10:16.703+00","40.38590330","71.78709000",NULL,"9.86",NULL,NULL,NULL,NULL,False,NULL,NULL,"34.58","2026-03-06 04:10:17.181772+00"
"113193",9539,"2026-03-06 04:10:13.713+00","40.38562170","71.78726330",NULL,"11.85",NULL,NULL,NULL,NULL,False,NULL,NULL,"36.25","2026-03-06 04:10:14.223363+00"
"113192",9539,"2026-03-06 04:10:10.712+00","40.38532830","71.78745000",NULL,"11.82",NULL,NULL,NULL,NULL,False,NULL,NULL,"33.93","2026-03-06 04:10:11.222542+00"
"113191",9539,"2026-03-06 04:10:07.704+00","40.38505830","71.78763670",NULL,"10.90",NULL,NULL,NULL,NULL,False,NULL,NULL,"32.52","2026-03-06 04:10:08.191499+00"
"113190",9539,"2026-03-06 04:10:04.708+00","40.38479670","71.78780830",NULL,"9.38",NULL,NULL,NULL,NULL,False,NULL,NULL,"33.07","2026-03-06 04:10:05.257659+00"
"113188",9539,"2026-03-06 04:10:00.707+00","40.38452830","71.78764000",NULL,"8.37",NULL,NULL,NULL,NULL,False,NULL,NULL,"22.09","2026-03-06 04:10:01.25755+00"
"113189",9539,"2026-03-06 04:10:00.707+00","40.38452830","71.78764000",NULL,"8.37",NULL,NULL,NULL,NULL,False,NULL,NULL,"0.00","2026-03-06 04:10:01.257551+00"
"113187",9539,"2026-03-06 04:09:57.708+00","40.38443000","71.78741330",NULL,"6.34",NULL,NULL,NULL,NULL,False,NULL,NULL,"20.05","2026-03-06 04:09:58.24915+00"
"113186",9539,"2026-03-06 04:09:53.714+00","40.38435170","71.78720000",NULL,"3.38",NULL,NULL,NULL,NULL,False,NULL,NULL,"20.09","2026-03-06 04:09:54.294297+00"
"113184",9539,"2026-03-06 04:09:48.707+00","40.38425670","71.78699830",NULL,"4.71",NULL,NULL,NULL,NULL,False,NULL,NULL,"13.69","2026-03-06 04:09:49.404053+00"
"113185",9539,"2026-03-06 04:09:48.707+00","40.38425670","71.78699830",NULL,"4.71",NULL,NULL,NULL,NULL,False,NULL,NULL,"0.00","2026-03-06 04:09:49.404054+00"
"113183",9539,"2026-03-06 04:01:21.716+00","40.38417770","71.78687430",NULL,"0.09",NULL,NULL,NULL,NULL,False,NULL,NULL,"10.81","2026-03-06 04:01:22.649514+00"
"113182",9539,"2026-03-06 03:57:44.733+00","40.38426170","71.78681010",NULL,"0.07",NULL,NULL,NULL,NULL,False,NULL,NULL,"1.82","2026-03-06 03:57:45.267945+00"
"113181",9539,"2026-03-06 03:57:40.729+00","40.38424560","71.78681410",NULL,"0.29",NULL,NULL,NULL,NULL,False,NULL,NULL,"10.18","2026-03-06 03:57:41.173079+00"
"113180",9539,"2026-03-06 03:57:34.424+00","40.38415630","71.78684080",NULL,"1.01",NULL,NULL,NULL,NULL,False,NULL,NULL,"12.49","2026-03-06 03:57:34.949084+00"
"113179",9539,"2026-03-06 03:57:30.755+00","40.38405220","71.78689610",NULL,"1.02",NULL,NULL,NULL,NULL,False,NULL,NULL,"10.06","2026-03-06 03:57:31.144666+00"
"113178",9539,"2026-03-06 03:57:22.879+00","40.38411190","71.78698540",NULL,"1.02",NULL,NULL,NULL,NULL,False,NULL,NULL,"10.08","2026-03-06 03:57:23.27417+00"
"113177",9539,"2026-03-06 03:57:14.939+00","40.38415950","71.78708670",NULL,"1.20",NULL,NULL,NULL,NULL,False,NULL,NULL,"10.60","2026-03-06 03:57:15.439927+00"
"113176",9539,"2026-03-06 03:56:58.081+00","40.38407280","71.78713870",NULL,"1.02",NULL,NULL,NULL,NULL,False,NULL,NULL,"10.22","2026-03-06 03:56:58.587283+00"
"113175",9539,"2026-03-06 03:56:47.259+00","40.38404820","71.78702240",NULL,"1.07",NULL,NULL,NULL,NULL,False,NULL,NULL,"10.33","2026-03-06 03:56:47.684252+00"
"113174",9539,"2026-03-06 03:56:31.647+00","40.38395690","71.78699970",NULL,"1.00",NULL,NULL,NULL,NULL,False,NULL,NULL,"10.05","2026-03-06 03:56:32.105901+00"
"113173",9539,"2026-03-06 03:56:11.29+00","40.38388690","71.78707480",NULL,"1.56",NULL,NULL,NULL,NULL,False,NULL,NULL,"15.09","2026-03-06 03:56:12.232827+00"
"113172",9539,"2026-03-06 03:55:59.68+00","40.38391390","71.78724940",NULL,"0.91",NULL,NULL,NULL,NULL,False,NULL,NULL,"14.46","2026-03-06 03:56:00.807786+00"
"113171",9539,"2026-03-06 03:54:22.343+00","40.38387750","71.78708550",NULL,"0.25",NULL,NULL,NULL,NULL,False,NULL,NULL,"9.18","2026-03-06 03:54:23.241101+00"
"113170",9539,"2026-03-06 03:53:45.09+00","40.38379500","71.78708080",NULL,"0.78",NULL,NULL,NULL,NULL,False,NULL,NULL,"10.40","2026-03-06 03:53:45.4928+00"
"113168",9539,"2026-03-06 03:53:19.429+00","40.38370170","71.78707170",NULL,"0.00",NULL,NULL,NULL,NULL,False,NULL,NULL,"30.02","2026-03-06 03:53:19.963163+00"
"113169",9539,"2026-03-06 03:53:19.429+00","40.38370170","71.78707170",NULL,"0.00",NULL,NULL,NULL,NULL,False,NULL,NULL,"0.00","2026-03-06 03:53:19.963163+00"
"113167",9539,"2026-03-06 03:50:52.507+00","40.38397170","71.78706990",NULL,"0.08",NULL,NULL,NULL,NULL,False,NULL,NULL,"4.04","2026-03-06 03:50:58.032244+00"
"113166",9539,"2026-03-06 03:48:02.137+00","40.38400640","71.78705560",NULL,"0.07",NULL,NULL,NULL,NULL,False,NULL,NULL,"10.64","2026-03-06 03:48:03.188557+00"
"113165",9539,"2026-03-06 03:45:06.927+00","40.38391450","71.78709080",NULL,"0.21",NULL,NULL,NULL,NULL,False,NULL,NULL,"12.65","2026-03-06 03:45:08.147046+00"
"113164",9539,"2026-03-06 03:44:04.665+00","40.38402650","71.78706430",NULL,"0.24",NULL,NULL,NULL,NULL,False,NULL,NULL,"10.43","2026-03-06 03:44:05.551326+00"
"113163",9539,"2026-03-06 03:43:39.037+00","40.38393700","71.78710100",NULL,"0.10",NULL,NULL,NULL,NULL,False,NULL,NULL,"7.69","2026-03-06 03:43:40.091274+00"
"113162",9539,"2026-03-06 03:42:36.378+00","40.38400240","71.78707160",NULL,"0.86",NULL,NULL,NULL,NULL,False,NULL,NULL,"10.35","2026-03-06 03:42:36.870516+00"
"113161",9539,"2026-03-06 03:41:58.45+00","40.38391600","71.78702600",NULL,"0.59",NULL,NULL,NULL,NULL,False,NULL,NULL,"10.49","2026-03-06 03:41:58.897863+00"
"113160",9539,"2026-03-06 03:41:34.191+00","40.38400190","71.78697480",NULL,"0.65",NULL,NULL,NULL,NULL,False,NULL,NULL,"10.15","2026-03-06 03:41:34.659837+00"
"113159",9539,"2026-03-06 03:40:51.64+00","40.38403370","71.78708710",NULL,"0.82",NULL,NULL,NULL,NULL,False,NULL,NULL,"10.03","2026-03-06 03:40:52.153027+00"
"113158",9539,"2026-03-06 03:40:33.832+00","40.38396070","71.78701760",NULL,"0.86",NULL,NULL,NULL,NULL,False,NULL,NULL,"10.16","2026-03-06 03:40:34.288668+00"
"113156",9539,"2026-03-06 03:40:03.009+00","40.38387260","71.78704920",NULL,"0.11",NULL,NULL,NULL,NULL,False,NULL,NULL,"1.35","2026-03-06 03:40:04.303939+00"
"113157",9539,"2026-03-06 03:40:03.009+00","40.38387260","71.78704920",NULL,"0.11",NULL,NULL,NULL,NULL,False,NULL,NULL,"0.00","2026-03-06 03:40:04.30394+00"
"113155",9539,"2026-03-06 03:35:32.242+00","40.38386780","71.78706390",NULL,"-1.00",NULL,NULL,NULL,NULL,False,NULL,NULL,"0.00","2026-03-06 03:35:36.016579+00"
"113154",9539,"2026-03-06 03:35:32.242+00","40.38386780","71.78706390",NULL,"-1.00",NULL,NULL,NULL,NULL,False,NULL,NULL,"1.33","2026-03-06 03:35:33.159899+00"
"113151",9539,"2026-03-06 03:35:02.072+00","40.38387660","71.78707460",NULL,"-1.00",NULL,NULL,NULL,NULL,False,NULL,NULL,"0.00","2026-03-06 03:35:16.518926+00"
"113152",9539,"2026-03-06 03:35:02.072+00","40.38387660","71.78707460",NULL,"-1.00",NULL,NULL,NULL,NULL,False,NULL,NULL,"0.00","2026-03-06 03:35:32.355093+00"
"113153",9539,"2026-03-06 03:35:02.072+00","40.38387660","71.78707460",NULL,"-1.00",NULL,NULL,NULL,NULL,False,NULL,NULL,"0.00","2026-03-06 03:35:32.355094+00"
"113150",9539,"2026-03-06 03:35:02.072+00","40.38387660","71.78707460",NULL,"-1.00",NULL,NULL,NULL,NULL,False,NULL,NULL,"2.33","2026-03-06 03:35:02.926047+00"
"113149",9539,"2026-03-06 03:33:51.405+00","40.38389610","71.78706450",NULL,"0.16",NULL,NULL,NULL,NULL,False,NULL,NULL,"5398.83","2026-03-06 03:35:01.859741+00"
"114625",8558,"2026-03-06 03:20:40.17+00","40.38439670","71.78739830",NULL,"0.00",NULL,NULL,NULL,NULL,False,NULL,NULL,"4.46","2026-03-06 09:03:28.712648+00"
"114623",8558,"2026-03-06 03:13:46.171+00","40.38436670","71.78736330",NULL,"0.00",NULL,NULL,NULL,NULL,False,NULL,NULL,"10.15","2026-03-06 09:03:28.712645+00"
"114624",8558,"2026-03-06 03:13:46.171+00","40.38436670","71.78736330",NULL,"0.00",NULL,NULL,NULL,NULL,False,NULL,NULL,"0.00","2026-03-06 09:03:28.712645+00"
"114622",8558,"2026-03-06 03:09:55.172+00","40.38427830","71.78733330",NULL,"0.00",NULL,NULL,NULL,NULL,False,NULL,NULL,"12.59","2026-03-06 09:03:28.712645+00"
"114621",8558,"2026-03-06 03:03:59.171+00","40.38420500","71.78722000",NULL,"0.03",NULL,NULL,NULL,NULL,False,NULL,NULL,"14.25","2026-03-06 09:03:28.712644+00"
"114620",8558,"2026-03-06 03:03:53.172+00","40.38418000","71.78705500",NULL,"0.00",NULL,NULL,NULL,NULL,False,NULL,NULL,"13.36","2026-03-06 09:03:28.712644+00"
"114617",8558,"2026-03-06 03:03:15.173+00","40.38415170","71.78690170",NULL,"1.08",NULL,NULL,NULL,NULL,False,NULL,NULL,"21.36","2026-03-06 09:03:28.712643+00"
"114618",8558,"2026-03-06 03:03:15.173+00","40.38415170","71.78690170",NULL,"1.08",NULL,NULL,NULL,NULL,False,NULL,NULL,"0.00","2026-03-06 09:03:28.712643+00"
"114619",8558,"2026-03-06 03:03:15.173+00","40.38415170","71.78690170",NULL,"1.08",NULL,NULL,NULL,NULL,False,NULL,NULL,"0.00","2026-03-06 09:03:28.712643+00"
"114616",8558,"2026-03-06 03:02:46.172+00","40.38414000","71.78665000",NULL,"5.04",NULL,NULL,NULL,NULL,False,NULL,NULL,"24.76","2026-03-06 09:03:28.712642+00"
"114613",8558,"2026-03-06 03:02:42.174+00","40.38404330","71.78638670",NULL,"6.79",NULL,NULL,NULL,NULL,False,NULL,NULL,"26.51","2026-03-06 09:03:28.321971+00"
"114614",8558,"2026-03-06 03:02:42.174+00","40.38404330","71.78638670",NULL,"6.79",NULL,NULL,NULL,NULL,False,NULL,NULL,"0.00","2026-03-06 09:03:28.321971+00"
"114615",8558,"2026-03-06 03:02:42.174+00","40.38404330","71.78638670",NULL,"6.79",NULL,NULL,NULL,NULL,False,NULL,NULL,"0.00","2026-03-06 09:03:28.321972+00"
"114612",8558,"2026-03-06 03:02:38.174+00","40.38390330","71.78613330",NULL,"7.36",NULL,NULL,NULL,NULL,False,NULL,NULL,"22.22","2026-03-06 09:03:28.321971+00"
"114611",8558,"2026-03-06 03:02:35.173+00","40.38375670","71.78595500",NULL,"7.45",NULL,NULL,NULL,NULL,False,NULL,NULL,"21.08","2026-03-06 09:03:28.32197+00"
"114608",8558,"2026-03-06 03:02:32.174+00","40.38361830","71.78578500",NULL,"6.64",NULL,NULL,NULL,NULL,False,NULL,NULL,"21.17","2026-03-06 09:03:28.32197+00"
"114609",8558,"2026-03-06 03:02:32.174+00","40.38361830","71.78578500",NULL,"6.64",NULL,NULL,NULL,NULL,False,NULL,NULL,"0.00","2026-03-06 09:03:28.32197+00"
"114610",8558,"2026-03-06 03:02:32.174+00","40.38361830","71.78578500",NULL,"6.64",NULL,NULL,NULL,NULL,False,NULL,NULL,"0.00","2026-03-06 09:03:28.32197+00"
"114607",8558,"2026-03-06 03:02:29.173+00","40.38349170","71.78559830",NULL,"6.93",NULL,NULL,NULL,NULL,False,NULL,NULL,"20.49","2026-03-06 09:03:28.321969+00"
"114606",8558,"2026-03-06 03:02:26.175+00","40.38337000","71.78541670",NULL,"6.55",NULL,NULL,NULL,NULL,False,NULL,NULL,"20.01","2026-03-06 09:03:28.321969+00"
"114603",8558,"2026-03-06 03:02:23.172+00","40.38324000","71.78525330",NULL,"5.55",NULL,NULL,NULL,NULL,False,NULL,NULL,"22.88","2026-03-06 09:03:28.321968+00"
"114604",8558,"2026-03-06 03:02:23.172+00","40.38324000","71.78525330",NULL,"5.55",NULL,NULL,NULL,NULL,False,NULL,NULL,"0.00","2026-03-06 09:03:28.321968+00"
"114605",8558,"2026-03-06 03:02:23.172+00","40.38324000","71.78525330",NULL,"5.55",NULL,NULL,NULL,NULL,False,NULL,NULL,"0.00","2026-03-06 09:03:28.321969+00"
"114602",8558,"2026-03-06 03:02:18.173+00","40.38313000","71.78502500",NULL,"4.00",NULL,NULL,NULL,NULL,False,NULL,NULL,"21.02","2026-03-06 09:03:28.321968+00"
"114601",8558,"2026-03-06 03:02:04.169+00","40.38322000","71.78480670",NULL,"3.96",NULL,NULL,NULL,NULL,False,NULL,NULL,"20.48","2026-03-06 09:03:28.321968+00"
"114597",8558,"2026-03-06 03:01:59.171+00","40.38334830","71.78463330",NULL,"3.86",NULL,NULL,NULL,NULL,False,NULL,NULL,"30.14","2026-03-06 09:03:28.321967+00"
"114598",8558,"2026-03-06 03:01:59.171+00","40.38334830","71.78463330",NULL,"3.86",NULL,NULL,NULL,NULL,False,NULL,NULL,"0.00","2026-03-06 09:03:28.321967+00"
"114599",8558,"2026-03-06 03:01:59.171+00","40.38334830","71.78463330",NULL,"3.86",NULL,NULL,NULL,NULL,False,NULL,NULL,"0.00","2026-03-06 09:03:28.321967+00"
"114600",8558,"2026-03-06 03:01:59.171+00","40.38334830","71.78463330",NULL,"3.86",NULL,NULL,NULL,NULL,False,NULL,NULL,"0.00","2026-03-06 09:03:28.321967+00"
"114594",8558,"2026-03-06 03:01:54.176+00","40.38354000","71.78438170",NULL,"9.94",NULL,NULL,NULL,NULL,False,NULL,NULL,"32.79","2026-03-06 09:03:28.321965+00"
"114595",8558,"2026-03-06 03:01:54.176+00","40.38354000","71.78438170",NULL,"9.94",NULL,NULL,NULL,NULL,False,NULL,NULL,"0.00","2026-03-06 09:03:28.321965+00"
"114596",8558,"2026-03-06 03:01:54.176+00","40.38354000","71.78438170",NULL,"9.94",NULL,NULL,NULL,NULL,False,NULL,NULL,"0.00","2026-03-06 09:03:28.321965+00"
"114593",8558,"2026-03-06 03:01:51.172+00","40.38373670","71.78409330",NULL,"9.94",NULL,NULL,NULL,NULL,False,NULL,NULL,"37.72","2026-03-06 09:03:28.321965+00"
"114589",8558,"2026-03-06 03:01:47.172+00","40.38396170","71.78376000",NULL,"7.70",NULL,NULL,NULL,NULL,False,NULL,NULL,"22.86","2026-03-06 09:03:28.321964+00"
"114590",8558,"2026-03-06 03:01:47.172+00","40.38396170","71.78376000",NULL,"7.70",NULL,NULL,NULL,NULL,False,NULL,NULL,"0.00","2026-03-06 09:03:28.321964+00"
"114591",8558,"2026-03-06 03:01:47.172+00","40.38396170","71.78376000",NULL,"7.70",NULL,NULL,NULL,NULL,False,NULL,NULL,"0.00","2026-03-06 09:03:28.321964+00"
"114592",8558,"2026-03-06 03:01:47.172+00","40.38396170","71.78376000",NULL,"7.70",NULL,NULL,NULL,NULL,False,NULL,NULL,"0.00","2026-03-06 09:03:28.321964+00"
"114588",8558,"2026-03-06 03:01:43.173+00","40.38409830","71.78355830",NULL,"4.53",NULL,NULL,NULL,NULL,False,NULL,NULL,"23.09","2026-03-06 09:03:28.321964+00"
"114587",8558,"2026-03-06 03:01:31.173+00","40.38415670","71.78329670",NULL,"4.85",NULL,NULL,NULL,NULL,False,NULL,NULL,"24.11","2026-03-06 09:03:28.321963+00"
"114584",8558,"2026-03-06 03:01:26.173+00","40.38400000","71.78310000",NULL,"4.00",NULL,NULL,NULL,NULL,False,NULL,NULL,"31.06","2026-03-06 09:03:28.321963+00"
"114585",8558,"2026-03-06 03:01:26.173+00","40.38400000","71.78310000",NULL,"4.00",NULL,NULL,NULL,NULL,False,NULL,NULL,"0.00","2026-03-06 09:03:28.321963+00"
"114586",8558,"2026-03-06 03:01:26.173+00","40.38400000","71.78310000",NULL,"4.00",NULL,NULL,NULL,NULL,False,NULL,NULL,"0.00","2026-03-06 09:03:28.321963+00"
"114583",8558,"2026-03-06 03:01:03.172+00","40.38380170","71.78284170",NULL,"8.15",NULL,NULL,NULL,NULL,False,NULL,NULL,"38.26","2026-03-06 09:03:28.321962+00"
"114580",8558,"2026-03-06 03:00:59.173+00","40.38356670","71.78251170",NULL,"10.40",NULL,NULL,NULL,NULL,False,NULL,NULL,"33.34","2026-03-06 09:03:28.321961+00"
"114581",8558,"2026-03-06 03:00:59.173+00","40.38356670","71.78251170",NULL,"10.40",NULL,NULL,NULL,NULL,False,NULL,NULL,"0.00","2026-03-06 09:03:28.321962+00"
"114582",8558,"2026-03-06 03:00:59.173+00","40.38356670","71.78251170",NULL,"10.40",NULL,NULL,NULL,NULL,False,NULL,NULL,"0.00","2026-03-06 09:03:28.321962+00"
"114579",8558,"2026-03-06 03:00:56.174+00","40.38334500","71.78224670",NULL,"9.41",NULL,NULL,NULL,NULL,False,NULL,NULL,"38.54","2026-03-06 09:03:28.321961+00"
"114576",8558,"2026-03-06 03:00:52.171+00","40.38311330","71.78190830",NULL,"9.08",NULL,NULL,NULL,NULL,False,NULL,NULL,"34.03","2026-03-06 09:03:28.321959+00"
"114577",8558,"2026-03-06 03:00:52.171+00","40.38311330","71.78190830",NULL,"9.08",NULL,NULL,NULL,NULL,False,NULL,NULL,"0.00","2026-03-06 09:03:28.321959+00"
"114578",8558,"2026-03-06 03:00:52.171+00","40.38311330","71.78190830",NULL,"9.08",NULL,NULL,NULL,NULL,False,NULL,NULL,"0.00","2026-03-06 09:03:28.321959+00"
"114575",8558,"2026-03-06 03:00:48.174+00","40.38288670","71.78163830",NULL,"8.40",NULL,NULL,NULL,NULL,False,NULL,NULL,"34.13","2026-03-06 09:03:28.321959+00"
"114572",8558,"2026-03-06 03:00:44.174+00","40.38266000","71.78136670",NULL,"8.13",NULL,NULL,NULL,NULL,False,NULL,NULL,"22.56","2026-03-06 09:03:28.321958+00"
"114573",8558,"2026-03-06 03:00:44.174+00","40.38266000","71.78136670",NULL,"8.13",NULL,NULL,NULL,NULL,False,NULL,NULL,"0.00","2026-03-06 09:03:28.321958+00"
"114574",8558,"2026-03-06 03:00:44.174+00","40.38266000","71.78136670",NULL,"8.13",NULL,NULL,NULL,NULL,False,NULL,NULL,"0.00","2026-03-06 09:03:28.321958+00"
"114571",8558,"2026-03-06 03:00:41.174+00","40.38249500","71.78121170",NULL,"6.72",NULL,NULL,NULL,NULL,False,NULL,NULL,"25.97","2026-03-06 09:03:28.321957+00"
"114570",8558,"2026-03-06 03:00:37.173+00","40.38228170","71.78108670",NULL,"5.80",NULL,NULL,NULL,NULL,False,NULL,NULL,"24.90","2026-03-06 09:03:28.321957+00"
"114566",8558,"2026-03-06 03:00:33.173+00","40.38207670","71.78096830",NULL,"6.16",NULL,NULL,NULL,NULL,False,NULL,NULL,"30.94","2026-03-06 09:03:28.321955+00"
"114567",8558,"2026-03-06 03:00:33.173+00","40.38207670","71.78096830",NULL,"6.16",NULL,NULL,NULL,NULL,False,NULL,NULL,"0.00","2026-03-06 09:03:28.321956+00"
"114568",8558,"2026-03-06 03:00:33.173+00","40.38207670","71.78096830",NULL,"6.16",NULL,NULL,NULL,NULL,False,NULL,NULL,"0.00","2026-03-06 09:03:28.321956+00"
"114569",8558,"2026-03-06 03:00:33.173+00","40.38207670","71.78096830",NULL,"6.16",NULL,NULL,NULL,NULL,False,NULL,NULL,"0.00","2026-03-06 09:03:28.321956+00"
"114565",8558,"2026-03-06 03:00:29.172+00","40.38181670","71.78083830",NULL,"9.57",NULL,NULL,NULL,NULL,False,NULL,NULL,"39.88","2026-03-06 09:03:27.942377+00"
"114562",8558,"2026-03-06 03:00:25.174+00","40.38147670","71.78068830",NULL,"10.04",NULL,NULL,NULL,NULL,False,NULL,NULL,"32.27","2026-03-06 09:03:27.942376+00"
"114563",8558,"2026-03-06 03:00:25.174+00","40.38147670","71.78068830",NULL,"10.04",NULL,NULL,NULL,NULL,False,NULL,NULL,"0.00","2026-03-06 09:03:27.942376+00"
"114564",8558,"2026-03-06 03:00:25.174+00","40.38147670","71.78068830",NULL,"10.04",NULL,NULL,NULL,NULL,False,NULL,NULL,"0.00","2026-03-06 09:03:27.942376+00"
"114561",8558,"2026-03-06 03:00:22.174+00","40.38120170","71.78056670",NULL,"10.70",NULL,NULL,NULL,NULL,False,NULL,NULL,"34.69","2026-03-06 09:03:27.942375+00"
"114558",8558,"2026-03-06 03:00:19.173+00","40.38090500","71.78044000",NULL,"10.07",NULL,NULL,NULL,NULL,False,NULL,NULL,"30.94","2026-03-06 09:03:27.942375+00"
"114559",8558,"2026-03-06 03:00:19.173+00","40.38090500","71.78044000",NULL,"10.07",NULL,NULL,NULL,NULL,False,NULL,NULL,"0.00","2026-03-06 09:03:27.942375+00"
"114560",8558,"2026-03-06 03:00:19.173+00","40.38090500","71.78044000",NULL,"10.07",NULL,NULL,NULL,NULL,False,NULL,NULL,"0.00","2026-03-06 09:03:27.942375+00"
"114557",8558,"2026-03-06 03:00:16.172+00","40.38064500","71.78031000",NULL,"9.14",NULL,NULL,NULL,NULL,False,NULL,NULL,"34.83","2026-03-06 09:03:27.942374+00"
"114555",8558,"2026-03-06 03:00:12.174+00","40.38035000","71.78017170",NULL,"8.24",NULL,NULL,NULL,NULL,False,NULL,NULL,"25.63","2026-03-06 09:03:27.942374+00"
"114556",8558,"2026-03-06 03:00:12.174+00","40.38035000","71.78017170",NULL,"8.24",NULL,NULL,NULL,NULL,False,NULL,NULL,"0.00","2026-03-06 09:03:27.942374+00"
"114551",8558,"2026-03-06 03:00:09.171+00","40.38012330","71.78011670",NULL,"3.99",NULL,NULL,NULL,NULL,False,NULL,NULL,"31.43","2026-03-06 09:03:27.942373+00"
"114552",8558,"2026-03-06 03:00:09.171+00","40.38012330","71.78011670",NULL,"3.99",NULL,NULL,NULL,NULL,False,NULL,NULL,"0.00","2026-03-06 09:03:27.942373+00"
"114553",8558,"2026-03-06 03:00:09.171+00","40.38012330","71.78011670",NULL,"3.99",NULL,NULL,NULL,NULL,False,NULL,NULL,"0.00","2026-03-06 09:03:27.942373+00"
"114554",8558,"2026-03-06 03:00:09.171+00","40.38012330","71.78011670",NULL,"3.99",NULL,NULL,NULL,NULL,False,NULL,NULL,"0.00","2026-03-06 09:03:27.942373+00"
"114548",8558,"2026-03-06 03:00:03.173+00","40.38005500","71.77975670",NULL,"10.05",NULL,NULL,NULL,NULL,False,NULL,NULL,"34.37","2026-03-06 09:03:27.94237+00"
"114549",8558,"2026-03-06 03:00:03.173+00","40.38005500","71.77975670",NULL,"10.05",NULL,NULL,NULL,NULL,False,NULL,NULL,"0.00","2026-03-06 09:03:27.942372+00"
"114550",8558,"2026-03-06 03:00:03.173+00","40.38005500","71.77975670",NULL,"10.05",NULL,NULL,NULL,NULL,False,NULL,NULL,"0.00","2026-03-06 09:03:27.942372+00"
"114547",8558,"2026-03-06 03:00:00.173+00","40.38016330","71.77937670",NULL,"11.92",NULL,NULL,NULL,NULL,False,NULL,NULL,"33.78","2026-03-06 09:03:27.94237+00"
"114544",8558,"2026-03-06 02:59:57.173+00","40.38027330","71.77900500",NULL,"10.47",NULL,NULL,NULL,NULL,False,NULL,NULL,"31.66","2026-03-06 09:03:27.942369+00"
"114545",8558,"2026-03-06 02:59:57.173+00","40.38027330","71.77900500",NULL,"10.47",NULL,NULL,NULL,NULL,False,NULL,NULL,"0.00","2026-03-06 09:03:27.942369+00"
"114546",8558,"2026-03-06 02:59:57.173+00","40.38027330","71.77900500",NULL,"10.47",NULL,NULL,NULL,NULL,False,NULL,NULL,"0.00","2026-03-06 09:03:27.94237+00"
"114543",8558,"2026-03-06 02:59:54.175+00","40.38035830","71.77864830",NULL,"10.17",NULL,NULL,NULL,NULL,False,NULL,NULL,"30.43","2026-03-06 09:03:27.942369+00"
"114539",8558,"2026-03-06 02:59:51.173+00","40.38044670","71.77830830",NULL,"8.96",NULL,NULL,NULL,NULL,False,NULL,NULL,"26.17","2026-03-06 09:03:27.942368+00"
"114540",8558,"2026-03-06 02:59:51.173+00","40.38044670","71.77830830",NULL,"8.96",NULL,NULL,NULL,NULL,False,NULL,NULL,"0.00","2026-03-06 09:03:27.942368+00"
"114541",8558,"2026-03-06 02:59:51.173+00","40.38044670","71.77830830",NULL,"8.96",NULL,NULL,NULL,NULL,False,NULL,NULL,"0.00","2026-03-06 09:03:27.942368+00"
"114542",8558,"2026-03-06 02:59:51.173+00","40.38044670","71.77830830",NULL,"8.96",NULL,NULL,NULL,NULL,False,NULL,NULL,"0.00","2026-03-06 09:03:27.942368+00"
"114538",8558,"2026-03-06 02:59:48.174+00","40.38051670","71.77801330",NULL,"6.87",NULL,NULL,NULL,NULL,False,NULL,NULL,"24.93","2026-03-06 09:03:27.942367+00"
"114537",8558,"2026-03-06 02:59:42.174+00","40.38047830","71.77772330",NULL,"5.24",NULL,NULL,NULL,NULL,False,NULL,NULL,"20.60","2026-03-06 09:03:27.942367+00"
"114534",8558,"2026-03-06 02:59:37.172+00","40.38030170","71.77765000",NULL,"3.04",NULL,NULL,NULL,NULL,False,NULL,NULL,"23.29","2026-03-06 09:03:27.942366+00"
"114535",8558,"2026-03-06 02:59:37.172+00","40.38030170","71.77765000",NULL,"3.04",NULL,NULL,NULL,NULL,False,NULL,NULL,"0.00","2026-03-06 09:03:27.942366+00"
"114536",8558,"2026-03-06 02:59:37.172+00","40.38030170","71.77765000",NULL,"3.04",NULL,NULL,NULL,NULL,False,NULL,NULL,"0.00","2026-03-06 09:03:27.942366+00"
"114533",8558,"2026-03-06 02:59:30.176+00","40.38010330","71.77756170",NULL,"3.65",NULL,NULL,NULL,NULL,False,NULL,NULL,"20.16","2026-03-06 09:03:27.942365+00"
"114532",8558,"2026-03-06 02:59:26.17+00","40.37993000","71.77749170",NULL,"3.59",NULL,NULL,NULL,NULL,False,NULL,NULL,"22.34","2026-03-06 09:03:27.942365+00"
"114529",8558,"2026-03-06 02:58:52.172+00","40.37973500","71.77742830",NULL,"2.63",NULL,NULL,NULL,NULL,False,NULL,NULL,"21.57","2026-03-06 09:03:27.942363+00"
"114530",8558,"2026-03-06 02:58:52.172+00","40.37973500","71.77742830",NULL,"2.63",NULL,NULL,NULL,NULL,False,NULL,NULL,"0.00","2026-03-06 09:03:27.942363+00"
"114531",8558,"2026-03-06 02:58:52.172+00","40.37973500","71.77742830",NULL,"2.63",NULL,NULL,NULL,NULL,False,NULL,NULL,"0.00","2026-03-06 09:03:27.942363+00"
"114528",8558,"2026-03-06 02:58:44.172+00","40.37955170","71.77734500",NULL,"2.91",NULL,NULL,NULL,NULL,False,NULL,NULL,"22.88","2026-03-06 09:03:27.942362+00"
"114527",8558,"2026-03-06 02:58:38.169+00","40.37936000","71.77724670",NULL,"4.35",NULL,NULL,NULL,NULL,False,NULL,NULL,"22.28","2026-03-06 09:03:27.942362+00"
"114524",8558,"2026-03-06 02:58:33.171+00","40.37917000","71.77716330",NULL,"3.82",NULL,NULL,NULL,NULL,False,NULL,NULL,"28.11","2026-03-06 09:03:27.942361+00"
"114525",8558,"2026-03-06 02:58:33.171+00","40.37917000","71.77716330",NULL,"3.82",NULL,NULL,NULL,NULL,False,NULL,NULL,"0.00","2026-03-06 09:03:27.942361+00"
"114526",8558,"2026-03-06 02:58:33.171+00","40.37917000","71.77716330",NULL,"3.82",NULL,NULL,NULL,NULL,False,NULL,NULL,"0.00","2026-03-06 09:03:27.942361+00"
"114523",8558,"2026-03-06 02:58:02.175+00","40.37892670","71.77707330",NULL,"2.53",NULL,NULL,NULL,NULL,False,NULL,NULL,"22.32","2026-03-06 09:03:27.94236+00"
"114522",8558,"2026-03-06 02:57:54.175+00","40.37873670","71.77698830",NULL,"5.88",NULL,NULL,NULL,NULL,False,NULL,NULL,"21.63","2026-03-06 09:03:27.94236+00"
"114518",8558,"2026-03-06 02:57:50.171+00","40.37855000","71.77691670",NULL,"4.65",NULL,NULL,NULL,NULL,False,NULL,NULL,"32.18","2026-03-06 09:03:27.942358+00"
"114519",8558,"2026-03-06 02:57:50.171+00","40.37855000","71.77691670",NULL,"4.65",NULL,NULL,NULL,NULL,False,NULL,NULL,"0.00","2026-03-06 09:03:27.942358+00"
"114520",8558,"2026-03-06 02:57:50.171+00","40.37855000","71.77691670",NULL,"4.65",NULL,NULL,NULL,NULL,False,NULL,NULL,"0.00","2026-03-06 09:03:27.942359+00"
"114521",8558,"2026-03-06 02:57:50.171+00","40.37855000","71.77691670",NULL,"4.65",NULL,NULL,NULL,NULL,False,NULL,NULL,"0.00","2026-03-06 09:03:27.942359+00"
"114516",8558,"2026-03-06 02:57:42.174+00","40.37827500","71.77679830",NULL,"8.42",NULL,NULL,NULL,NULL,False,NULL,NULL,"0.00","2026-03-06 09:03:27.942356+00"
"114517",8558,"2026-03-06 02:57:42.174+00","40.37827500","71.77679830",NULL,"8.42",NULL,NULL,NULL,NULL,False,NULL,NULL,"0.00","2026-03-06 09:03:27.942357+00"
"114515",8558,"2026-03-06 02:57:42.174+00","40.37827500","71.77679830",NULL,"8.42",NULL,NULL,NULL,NULL,False,NULL,NULL,"39.06","2026-03-06 09:03:27.568322+00"
"114514",8558,"2026-03-06 02:57:38.173+00","40.37793830","71.77666670",NULL,"9.14",NULL,NULL,NULL,NULL,False,NULL,NULL,"37.64","2026-03-06 09:03:27.568321+00"
"114512",8558,"2026-03-06 02:57:34.171+00","40.37761500","71.77653500",NULL,"7.61",NULL,NULL,NULL,NULL,False,NULL,NULL,"20.33","2026-03-06 09:03:27.568321+00"
"114513",8558,"2026-03-06 02:57:34.171+00","40.37761500","71.77653500",NULL,"7.61",NULL,NULL,NULL,NULL,False,NULL,NULL,"0.00","2026-03-06 09:03:27.568321+00"
"114509",8558,"2026-03-06 02:57:31.174+00","40.37743830","71.77647330",NULL,"5.93",NULL,NULL,NULL,NULL,False,NULL,NULL,"21.49","2026-03-06 09:03:27.56832+00"
"114510",8558,"2026-03-06 02:57:31.174+00","40.37743830","71.77647330",NULL,"5.93",NULL,NULL,NULL,NULL,False,NULL,NULL,"0.00","2026-03-06 09:03:27.56832+00"
"114511",8558,"2026-03-06 02:57:31.174+00","40.37743830","71.77647330",NULL,"5.93",NULL,NULL,NULL,NULL,False,NULL,NULL,"0.00","2026-03-06 09:03:27.568321+00"
"114508",8558,"2026-03-06 02:57:27.173+00","40.37724830","71.77642670",NULL,"2.70",NULL,NULL,NULL,NULL,False,NULL,NULL,"24.81","2026-03-06 09:03:27.56832+00"
"114507",8558,"2026-03-06 02:56:53.172+00","40.37703330","71.77634830",NULL,"7.12",NULL,NULL,NULL,NULL,False,NULL,NULL,"25.86","2026-03-06 09:03:27.56832+00"
"114503",8558,"2026-03-06 02:56:49.173+00","40.37680500","71.77629000",NULL,"5.93",NULL,NULL,NULL,NULL,False,NULL,NULL,"31.69","2026-03-06 09:03:27.568318+00"
"114504",8558,"2026-03-06 02:56:49.173+00","40.37680500","71.77629000",NULL,"5.93",NULL,NULL,NULL,NULL,False,NULL,NULL,"0.00","2026-03-06 09:03:27.568318+00"
"114505",8558,"2026-03-06 02:56:49.173+00","40.37680500","71.77629000",NULL,"5.93",NULL,NULL,NULL,NULL,False,NULL,NULL,"0.00","2026-03-06 09:03:27.568318+00"
"114506",8558,"2026-03-06 02:56:49.173+00","40.37680500","71.77629000",NULL,"5.93",NULL,NULL,NULL,NULL,False,NULL,NULL,"0.00","2026-03-06 09:03:27.568318+00"
"114500",8558,"2026-03-06 02:56:44.174+00","40.37652500","71.77622000",NULL,"7.68",NULL,NULL,NULL,NULL,False,NULL,NULL,"34.89","2026-03-06 09:03:27.568317+00"
"114501",8558,"2026-03-06 02:56:44.174+00","40.37652500","71.77622000",NULL,"7.68",NULL,NULL,NULL,NULL,False,NULL,NULL,"0.00","2026-03-06 09:03:27.568318+00"
"114502",8558,"2026-03-06 02:56:44.174+00","40.37652500","71.77622000",NULL,"7.68",NULL,NULL,NULL,NULL,False,NULL,NULL,"0.00","2026-03-06 09:03:27.568318+00"
"114499",8558,"2026-03-06 02:56:40.172+00","40.37621670","71.77614330",NULL,"9.52",NULL,NULL,NULL,NULL,False,NULL,NULL,"36.58","2026-03-06 09:03:27.568317+00"
"114496",8558,"2026-03-06 02:56:36.175+00","40.37589170","71.77607670",NULL,"9.13",NULL,NULL,NULL,NULL,False,NULL,NULL,"38.86","2026-03-06 09:03:27.568316+00"
"114497",8558,"2026-03-06 02:56:36.175+00","40.37589170","71.77607670",NULL,"9.13",NULL,NULL,NULL,NULL,False,NULL,NULL,"0.00","2026-03-06 09:03:27.568317+00"
"114498",8558,"2026-03-06 02:56:36.175+00","40.37589170","71.77607670",NULL,"9.13",NULL,NULL,NULL,NULL,False,NULL,NULL,"0.00","2026-03-06 09:03:27.568317+00"
"114495",8558,"2026-03-06 02:56:32.173+00","40.37554670","71.77600330",NULL,"10.37",NULL,NULL,NULL,NULL,False,NULL,NULL,"40.00","2026-03-06 09:03:27.568316+00"
"114492",8558,"2026-03-06 02:56:28.172+00","40.37519170","71.77592670",NULL,"9.76",NULL,NULL,NULL,NULL,False,NULL,NULL,"38.64","2026-03-06 09:03:27.568316+00"
"114493",8558,"2026-03-06 02:56:28.172+00","40.37519170","71.77592670",NULL,"9.76",NULL,NULL,NULL,NULL,False,NULL,NULL,"0.00","2026-03-06 09:03:27.568316+00"
"114494",8558,"2026-03-06 02:56:28.172+00","40.37519170","71.77592670",NULL,"9.76",NULL,NULL,NULL,NULL,False,NULL,NULL,"0.00","2026-03-06 09:03:27.568316+00"
"114491",8558,"2026-03-06 02:56:24.174+00","40.37484830","71.77585670",NULL,"9.70",NULL,NULL,NULL,NULL,False,NULL,NULL,"39.26","2026-03-06 09:03:27.568315+00"
"114488",8558,"2026-03-06 02:56:20.174+00","40.37450170","71.77576830",NULL,"9.93",NULL,NULL,NULL,NULL,False,NULL,NULL,"39.94","2026-03-06 09:03:27.568314+00"
"114489",8558,"2026-03-06 02:56:20.174+00","40.37450170","71.77576830",NULL,"9.93",NULL,NULL,NULL,NULL,False,NULL,NULL,"0.00","2026-03-06 09:03:27.568315+00"
"114490",8558,"2026-03-06 02:56:20.174+00","40.37450170","71.77576830",NULL,"9.93",NULL,NULL,NULL,NULL,False,NULL,NULL,"0.00","2026-03-06 09:03:27.568315+00"
"114487",8558,"2026-03-06 02:56:16.172+00","40.37414500","71.77571330",NULL,"10.64",NULL,NULL,NULL,NULL,False,NULL,NULL,"33.02","2026-03-06 09:03:27.568314+00"
"114483",8558,"2026-03-06 02:56:13.173+00","40.37385830","71.77561170",NULL,"12.19",NULL,NULL,NULL,NULL,False,NULL,NULL,"41.82","2026-03-06 09:03:27.568313+00"
"114484",8558,"2026-03-06 02:56:13.173+00","40.37385830","71.77561170",NULL,"12.19",NULL,NULL,NULL,NULL,False,NULL,NULL,"0.00","2026-03-06 09:03:27.568313+00"
"114485",8558,"2026-03-06 02:56:13.173+00","40.37385830","71.77561170",NULL,"12.19",NULL,NULL,NULL,NULL,False,NULL,NULL,"0.00","2026-03-06 09:03:27.568313+00"
"114486",8558,"2026-03-06 02:56:13.173+00","40.37385830","71.77561170",NULL,"12.19",NULL,NULL,NULL,NULL,False,NULL,NULL,"0.00","2026-03-06 09:03:27.568313+00"
"114482",8558,"2026-03-06 02:56:10.172+00","40.37348830","71.77552330",NULL,"15.11",NULL,NULL,NULL,NULL,False,NULL,NULL,"45.03","2026-03-06 09:03:27.568313+00"
"114479",8558,"2026-03-06 02:56:07.172+00","40.37308830","71.77544000",NULL,"15.21",NULL,NULL,NULL,NULL,False,NULL,NULL,"44.64","2026-03-06 09:03:27.568312+00"
"114480",8558,"2026-03-06 02:56:07.172+00","40.37308830","71.77544000",NULL,"15.21",NULL,NULL,NULL,NULL,False,NULL,NULL,"0.00","2026-03-06 09:03:27.568312+00"
"114481",8558,"2026-03-06 02:56:07.172+00","40.37308830","71.77544000",NULL,"15.21",NULL,NULL,NULL,NULL,False,NULL,NULL,"0.00","2026-03-06 09:03:27.568312+00"
"114478",8558,"2026-03-06 02:56:04.172+00","40.37269170","71.77535830",NULL,"13.90",NULL,NULL,NULL,NULL,False,NULL,NULL,"41.10","2026-03-06 09:03:27.568312+00"
"114474",8558,"2026-03-06 02:56:01.175+00","40.37233000","71.77525830",NULL,"13.57",NULL,NULL,NULL,NULL,False,NULL,NULL,"38.14","2026-03-06 09:03:27.568311+00"
"114475",8558,"2026-03-06 02:56:01.175+00","40.37233000","71.77525830",NULL,"13.57",NULL,NULL,NULL,NULL,False,NULL,NULL,"0.00","2026-03-06 09:03:27.568311+00"
"114476",8558,"2026-03-06 02:56:01.175+00","40.37233000","71.77525830",NULL,"13.57",NULL,NULL,NULL,NULL,False,NULL,NULL,"0.00","2026-03-06 09:03:27.568311+00"
"114477",8558,"2026-03-06 02:56:01.175+00","40.37233000","71.77525830",NULL,"13.57",NULL,NULL,NULL,NULL,False,NULL,NULL,"0.00","2026-03-06 09:03:27.568311+00"
"114471",8558,"2026-03-06 02:55:58.171+00","40.37199500","71.77516170",NULL,"11.56",NULL,NULL,NULL,NULL,False,NULL,NULL,"33.11","2026-03-06 09:03:27.568306+00"
"114472",8558,"2026-03-06 02:55:58.171+00","40.37199500","71.77516170",NULL,"11.56",NULL,NULL,NULL,NULL,False,NULL,NULL,"0.00","2026-03-06 09:03:27.56831+00"
"114473",8558,"2026-03-06 02:55:58.171+00","40.37199500","71.77516170",NULL,"11.56",NULL,NULL,NULL,NULL,False,NULL,NULL,"0.00","2026-03-06 09:03:27.56831+00"
"114470",8558,"2026-03-06 02:55:55.172+00","40.37170330","71.77508330",NULL,"10.27",NULL,NULL,NULL,NULL,False,NULL,NULL,"31.79","2026-03-06 09:03:27.568306+00"
"114466",8558,"2026-03-06 02:55:52.17+00","40.37145170","71.77490500",NULL,"10.87",NULL,NULL,NULL,NULL,False,NULL,NULL,"50.54","2026-03-06 09:03:27.568304+00"
"114467",8558,"2026-03-06 02:55:52.17+00","40.37145170","71.77490500",NULL,"10.87",NULL,NULL,NULL,NULL,False,NULL,NULL,"0.00","2026-03-06 09:03:27.568305+00"
"114468",8558,"2026-03-06 02:55:52.17+00","40.37145170","71.77490500",NULL,"10.87",NULL,NULL,NULL,NULL,False,NULL,NULL,"0.00","2026-03-06 09:03:27.568305+00"
"114469",8558,"2026-03-06 02:55:52.17+00","40.37145170","71.77490500",NULL,"10.87",NULL,NULL,NULL,NULL,False,NULL,NULL,"0.00","2026-03-06 09:03:27.568305+00"
"114465",8558,"2026-03-06 02:55:48.173+00","40.37120000","71.77440830",NULL,"13.23",NULL,NULL,NULL,NULL,False,NULL,NULL,"52.10","2026-03-06 09:03:27.242462+00"
"114461",8558,"2026-03-06 02:55:44.176+00","40.37096670","71.77387500",NULL,"12.56",NULL,NULL,NULL,NULL,False,NULL,NULL,"35.84","2026-03-06 09:03:27.24246+00"
"114462",8558,"2026-03-06 02:55:44.176+00","40.37096670","71.77387500",NULL,"12.56",NULL,NULL,NULL,NULL,False,NULL,NULL,"0.00","2026-03-06 09:03:27.24246+00"
"114463",8558,"2026-03-06 02:55:44.176+00","40.37096670","71.77387500",NULL,"12.56",NULL,NULL,NULL,NULL,False,NULL,NULL,"0.00","2026-03-06 09:03:27.242461+00"
"114464",8558,"2026-03-06 02:55:44.176+00","40.37096670","71.77387500",NULL,"12.56",NULL,NULL,NULL,NULL,False,NULL,NULL,"0.00","2026-03-06 09:03:27.242461+00"
"114460",8558,"2026-03-06 02:55:41.174+00","40.37073330","71.77358330",NULL,"10.86",NULL,NULL,NULL,NULL,False,NULL,NULL,"38.81","2026-03-06 09:03:27.242459+00"
"114458",8558,"2026-03-06 02:55:37.173+00","40.37043000","71.77335670",NULL,"8.58",NULL,NULL,NULL,NULL,False,NULL,NULL,"27.90","2026-03-06 09:03:27.242456+00"
"114459",8558,"2026-03-06 02:55:37.173+00","40.37043000","71.77335670",NULL,"8.58",NULL,NULL,NULL,NULL,False,NULL,NULL,"0.00","2026-03-06 09:03:27.242458+00"
"114454",8558,"2026-03-06 02:55:33.172+00","40.37020000","71.77322500",NULL,"5.90",NULL,NULL,NULL,NULL,False,NULL,NULL,"33.55","2026-03-06 09:03:27.242453+00"
"114455",8558,"2026-03-06 02:55:33.172+00","40.37020000","71.77322500",NULL,"5.90",NULL,NULL,NULL,NULL,False,NULL,NULL,"0.00","2026-03-06 09:03:27.242454+00"
"114456",8558,"2026-03-06 02:55:33.172+00","40.37020000","71.77322500",NULL,"5.90",NULL,NULL,NULL,NULL,False,NULL,NULL,"0.00","2026-03-06 09:03:27.242454+00"
"114457",8558,"2026-03-06 02:55:33.172+00","40.37020000","71.77322500",NULL,"5.90",NULL,NULL,NULL,NULL,False,NULL,NULL,"0.00","2026-03-06 09:03:27.242455+00"
"114453",8558,"2026-03-06 02:55:28.173+00","40.36991170","71.77310830",NULL,"10.16",NULL,NULL,NULL,NULL,False,NULL,NULL,"32.67","2026-03-06 09:03:27.242453+00"
"114450",8558,"2026-03-06 02:55:25.174+00","40.36962170","71.77304670",NULL,"11.46",NULL,NULL,NULL,NULL,False,NULL,NULL,"34.63","2026-03-06 09:03:27.242451+00"
"114451",8558,"2026-03-06 02:55:25.174+00","40.36962170","71.77304670",NULL,"11.46",NULL,NULL,NULL,NULL,False,NULL,NULL,"0.00","2026-03-06 09:03:27.242451+00"
"114452",8558,"2026-03-06 02:55:25.174+00","40.36962170","71.77304670",NULL,"11.46",NULL,NULL,NULL,NULL,False,NULL,NULL,"0.00","2026-03-06 09:03:27.242452+00"
"114449",8558,"2026-03-06 02:55:22.172+00","40.36931330","71.77299000",NULL,"11.32",NULL,NULL,NULL,NULL,False,NULL,NULL,"34.41","2026-03-06 09:03:27.24245+00"
"114446",8558,"2026-03-06 02:55:19.172+00","40.36900670","71.77293500",NULL,"11.58",NULL,NULL,NULL,NULL,False,NULL,NULL,"34.92","2026-03-06 09:03:27.242448+00"
"114447",8558,"2026-03-06 02:55:19.172+00","40.36900670","71.77293500",NULL,"11.58",NULL,NULL,NULL,NULL,False,NULL,NULL,"0.00","2026-03-06 09:03:27.242449+00"
"114448",8558,"2026-03-06 02:55:19.172+00","40.36900670","71.77293500",NULL,"11.58",NULL,NULL,NULL,NULL,False,NULL,NULL,"0.00","2026-03-06 09:03:27.242449+00"
"114445",8558,"2026-03-06 02:55:16.171+00","40.36869500","71.77288500",NULL,"11.55",NULL,NULL,NULL,NULL,False,NULL,NULL,"34.41","2026-03-06 09:03:27.242447+00"
"114442",8558,"2026-03-06 02:55:13.175+00","40.36838670","71.77285000",NULL,"11.20",NULL,NULL,NULL,NULL,False,NULL,NULL,"31.90","2026-03-06 09:03:27.242445+00"
"114443",8558,"2026-03-06 02:55:13.175+00","40.36838670","71.77285000",NULL,"11.20",NULL,NULL,NULL,NULL,False,NULL,NULL,"0.00","2026-03-06 09:03:27.242446+00"
"114444",8558,"2026-03-06 02:55:13.175+00","40.36838670","71.77285000",NULL,"11.20",NULL,NULL,NULL,NULL,False,NULL,NULL,"0.00","2026-03-06 09:03:27.242446+00"
"114441",8558,"2026-03-06 02:55:10.175+00","40.36810170","71.77280670",NULL,"10.07",NULL,NULL,NULL,NULL,False,NULL,NULL,"30.05","2026-03-06 09:03:27.242445+00"
"114438",8558,"2026-03-06 02:55:07.174+00","40.36783330","71.77276500",NULL,"10.47",NULL,NULL,NULL,NULL,False,NULL,NULL,"31.94","2026-03-06 09:03:27.242441+00"
"114439",8558,"2026-03-06 02:55:07.174+00","40.36783330","71.77276500",NULL,"10.47",NULL,NULL,NULL,NULL,False,NULL,NULL,"0.00","2026-03-06 09:03:27.242441+00"
"114440",8558,"2026-03-06 02:55:07.174+00","40.36783330","71.77276500",NULL,"10.47",NULL,NULL,NULL,NULL,False,NULL,NULL,"0.00","2026-03-06 09:03:27.242442+00"
"114437",8558,"2026-03-06 02:55:04.169+00","40.36754830","71.77271830",NULL,"10.85",NULL,NULL,NULL,NULL,False,NULL,NULL,"30.09","2026-03-06 09:03:27.24244+00"
"114434",8558,"2026-03-06 02:55:01.173+00","40.36727830","71.77269500",NULL,"8.75",NULL,NULL,NULL,NULL,False,NULL,NULL,"36.43","2026-03-06 09:03:27.242438+00"
"114435",8558,"2026-03-06 02:55:01.173+00","40.36727830","71.77269500",NULL,"8.75",NULL,NULL,NULL,NULL,False,NULL,NULL,"0.00","2026-03-06 09:03:27.242439+00"
"114436",8558,"2026-03-06 02:55:01.173+00","40.36727830","71.77269500",NULL,"8.75",NULL,NULL,NULL,NULL,False,NULL,NULL,"0.00","2026-03-06 09:03:27.242439+00"
"114433",8558,"2026-03-06 02:54:57.173+00","40.36695170","71.77266170",NULL,"9.60",NULL,NULL,NULL,NULL,False,NULL,NULL,"39.88","2026-03-06 09:03:27.242438+00"
"114429",8558,"2026-03-06 02:54:53.172+00","40.36659670","71.77259500",NULL,"9.17",NULL,NULL,NULL,NULL,False,NULL,NULL,"21.20","2026-03-06 09:03:27.242435+00"
"114430",8558,"2026-03-06 02:54:53.172+00","40.36659670","71.77259500",NULL,"9.17",NULL,NULL,NULL,NULL,False,NULL,NULL,"0.00","2026-03-06 09:03:27.242436+00"
"114431",8558,"2026-03-06 02:54:53.172+00","40.36659670","71.77259500",NULL,"9.17",NULL,NULL,NULL,NULL,False,NULL,NULL,"0.00","2026-03-06 09:03:27.242436+00"
"114432",8558,"2026-03-06 02:54:53.172+00","40.36659670","71.77259500",NULL,"9.17",NULL,NULL,NULL,NULL,False,NULL,NULL,"0.00","2026-03-06 09:03:27.242436+00"
"114428",8558,"2026-03-06 02:54:50.173+00","40.36640830","71.77255670",NULL,"5.67",NULL,NULL,NULL,NULL,False,NULL,NULL,"21.95","2026-03-06 09:03:27.242434+00"
"114427",8558,"2026-03-06 02:54:43.172+00","40.36621330","71.77251670",NULL,"4.03",NULL,NULL,NULL,NULL,False,NULL,NULL,"20.54","2026-03-06 09:03:27.242433+00"
"114423",8558,"2026-03-06 02:54:39.175+00","40.36603000","71.77248670",NULL,"6.72",NULL,NULL,NULL,NULL,False,NULL,NULL,"30.04","2026-03-06 09:03:27.242431+00"
"114424",8558,"2026-03-06 02:54:39.175+00","40.36603000","71.77248670",NULL,"6.72",NULL,NULL,NULL,NULL,False,NULL,NULL,"0.00","2026-03-06 09:03:27.242431+00"
"114425",8558,"2026-03-06 02:54:39.175+00","40.36603000","71.77248670",NULL,"6.72",NULL,NULL,NULL,NULL,False,NULL,NULL,"0.00","2026-03-06 09:03:27.242432+00"
"114426",8558,"2026-03-06 02:54:39.175+00","40.36603000","71.77248670",NULL,"6.72",NULL,NULL,NULL,NULL,False,NULL,NULL,"0.00","2026-03-06 09:03:27.242433+00"
"114422",8558,"2026-03-06 02:54:35.17+00","40.36576330","71.77243000",NULL,"7.82",NULL,NULL,NULL,NULL,False,NULL,NULL,"31.52","2026-03-06 09:03:27.242425+00"
"114418",8558,"2026-03-06 02:54:31.173+00","40.36548330","71.77237170",NULL,"8.59",NULL,NULL,NULL,NULL,False,NULL,NULL,"44.06","2026-03-06 09:03:27.242422+00"
"114419",8558,"2026-03-06 02:54:31.173+00","40.36548330","71.77237170",NULL,"8.59",NULL,NULL,NULL,NULL,False,NULL,NULL,"0.00","2026-03-06 09:03:27.242423+00"
"114420",8558,"2026-03-06 02:54:31.173+00","40.36548330","71.77237170",NULL,"8.59",NULL,NULL,NULL,NULL,False,NULL,NULL,"0.00","2026-03-06 09:03:27.242423+00"
"114421",8558,"2026-03-06 02:54:31.173+00","40.36548330","71.77237170",NULL,"8.59",NULL,NULL,NULL,NULL,False,NULL,NULL,"0.00","2026-03-06 09:03:27.242424+00"
"114417",8558,"2026-03-06 02:54:27.174+00","40.36509000","71.77230830",NULL,"13.13",NULL,NULL,NULL,NULL,False,NULL,NULL,"43.03","2026-03-06 09:03:27.242421+00"
"114414",8558,"2026-03-06 02:54:24.174+00","40.36470500","71.77225670",NULL,"15.30",NULL,NULL,NULL,NULL,False,NULL,NULL,"46.33","2026-03-06 09:03:26.979424+00"
"114415",8558,"2026-03-06 02:54:24.174+00","40.36470500","71.77225670",NULL,"15.30",NULL,NULL,NULL,NULL,False,NULL,NULL,"0.00","2026-03-06 09:03:26.979424+00"
"114416",8558,"2026-03-06 02:54:24.174+00","40.36470500","71.77225670",NULL,"15.30",NULL,NULL,NULL,NULL,False,NULL,NULL,"0.00","2026-03-06 09:03:27.242418+00"
"114413",8558,"2026-03-06 02:54:21.172+00","40.36429000","71.77220830",NULL,"15.91",NULL,NULL,NULL,NULL,False,NULL,NULL,"47.77","2026-03-06 09:03:26.979424+00"
"114410",8558,"2026-03-06 02:54:18.175+00","40.36386330","71.77214330",NULL,"15.93",NULL,NULL,NULL,NULL,False,NULL,NULL,"47.36","2026-03-06 09:03:26.979423+00"
"114411",8558,"2026-03-06 02:54:18.175+00","40.36386330","71.77214330",NULL,"15.93",NULL,NULL,NULL,NULL,False,NULL,NULL,"0.00","2026-03-06 09:03:26.979423+00"
"114412",8558,"2026-03-06 02:54:18.175+00","40.36386330","71.77214330",NULL,"15.93",NULL,NULL,NULL,NULL,False,NULL,NULL,"0.00","2026-03-06 09:03:26.979424+00"
"114409",8558,"2026-03-06 02:54:15.174+00","40.36344000","71.77208170",NULL,"15.19",NULL,NULL,NULL,NULL,False,NULL,NULL,"45.17","2026-03-06 09:03:26.979423+00"
"114406",8558,"2026-03-06 02:54:12.174+00","40.36303500","71.77204000",NULL,"14.58",NULL,NULL,NULL,NULL,False,NULL,NULL,"43.30","2026-03-06 09:03:26.979422+00"
"114407",8558,"2026-03-06 02:54:12.174+00","40.36303500","71.77204000",NULL,"14.58",NULL,NULL,NULL,NULL,False,NULL,NULL,"0.00","2026-03-06 09:03:26.979422+00"
"114408",8558,"2026-03-06 02:54:12.174+00","40.36303500","71.77204000",NULL,"14.58",NULL,NULL,NULL,NULL,False,NULL,NULL,"0.00","2026-03-06 09:03:26.979422+00"
"114405",8558,"2026-03-06 02:54:09.174+00","40.36264670","71.77200170",NULL,"13.63",NULL,NULL,NULL,NULL,False,NULL,NULL,"54.10","2026-03-06 09:03:26.979422+00"
"114401",8558,"2026-03-06 02:54:05.173+00","40.36216170","71.77195170",NULL,"13.00",NULL,NULL,NULL,NULL,False,NULL,NULL,"37.73","2026-03-06 09:03:26.979421+00"
"114402",8558,"2026-03-06 02:54:05.173+00","40.36216170","71.77195170",NULL,"13.00",NULL,NULL,NULL,NULL,False,NULL,NULL,"0.00","2026-03-06 09:03:26.979421+00"
"114403",8558,"2026-03-06 02:54:05.173+00","40.36216170","71.77195170",NULL,"13.00",NULL,NULL,NULL,NULL,False,NULL,NULL,"0.00","2026-03-06 09:03:26.979421+00"
"114404",8558,"2026-03-06 02:54:05.173+00","40.36216170","71.77195170",NULL,"13.00",NULL,NULL,NULL,NULL,False,NULL,NULL,"0.00","2026-03-06 09:03:26.979421+00"
"114400",8558,"2026-03-06 02:54:02.175+00","40.36182330","71.77191830",NULL,"11.41",NULL,NULL,NULL,NULL,False,NULL,NULL,"41.10","2026-03-06 09:03:26.97942+00"
"114396",8558,"2026-03-06 02:53:58.174+00","40.36145500","71.77187670",NULL,"8.66",NULL,NULL,NULL,NULL,False,NULL,NULL,"26.91","2026-03-06 09:03:26.979418+00"
"114397",8558,"2026-03-06 02:53:58.174+00","40.36145500","71.77187670",NULL,"8.66",NULL,NULL,NULL,NULL,False,NULL,NULL,"0.00","2026-03-06 09:03:26.979418+00"
"114398",8558,"2026-03-06 02:53:58.174+00","40.36145500","71.77187670",NULL,"8.66",NULL,NULL,NULL,NULL,False,NULL,NULL,"0.00","2026-03-06 09:03:26.979418+00"
"114399",8558,"2026-03-06 02:53:58.174+00","40.36145500","71.77187670",NULL,"8.66",NULL,NULL,NULL,NULL,False,NULL,NULL,"0.00","2026-03-06 09:03:26.97942+00"
"114395",8558,"2026-03-06 02:53:54.174+00","40.36121330","71.77186000",NULL,"5.33",NULL,NULL,NULL,NULL,False,NULL,NULL,"21.91","2026-03-06 09:03:26.979418+00"
"114394",8558,"2026-03-06 02:53:50.173+00","40.36101670","71.77184330",NULL,"5.52",NULL,NULL,NULL,NULL,False,NULL,NULL,"24.94","2026-03-06 09:03:26.979417+00"
"114390",8558,"2026-03-06 02:53:45.173+00","40.36079330","71.77181670",NULL,"5.98",NULL,NULL,NULL,NULL,False,NULL,NULL,"45.95","2026-03-06 09:03:26.979416+00"
"114391",8558,"2026-03-06 02:53:45.173+00","40.36079330","71.77181670",NULL,"5.98",NULL,NULL,NULL,NULL,False,NULL,NULL,"0.00","2026-03-06 09:03:26.979416+00"
"114392",8558,"2026-03-06 02:53:45.173+00","40.36079330","71.77181670",NULL,"5.98",NULL,NULL,NULL,NULL,False,NULL,NULL,"0.00","2026-03-06 09:03:26.979417+00"
"114393",8558,"2026-03-06 02:53:45.173+00","40.36079330","71.77181670",NULL,"5.98",NULL,NULL,NULL,NULL,False,NULL,NULL,"0.00","2026-03-06 09:03:26.979417+00"
"114387",8558,"2026-03-06 02:53:40.169+00","40.36038170","71.77176830",NULL,"13.00",NULL,NULL,NULL,NULL,False,NULL,NULL,"40.90","2026-03-06 09:03:26.979416+00"
"114388",8558,"2026-03-06 02:53:40.169+00","40.36038170","71.77176830",NULL,"13.00",NULL,NULL,NULL,NULL,False,NULL,NULL,"0.00","2026-03-06 09:03:26.979416+00"
"114389",8558,"2026-03-06 02:53:40.169+00","40.36038170","71.77176830",NULL,"13.00",NULL,NULL,NULL,NULL,False,NULL,NULL,"0.00","2026-03-06 09:03:26.979416+00"
"114386",8558,"2026-03-06 02:53:37.172+00","40.36001500","71.77173000",NULL,"14.05",NULL,NULL,NULL,NULL,False,NULL,NULL,"53.42","2026-03-06 09:03:26.979415+00"
"114382",8558,"2026-03-06 02:53:33.174+00","40.35953500","71.77170500",NULL,"12.67",NULL,NULL,NULL,NULL,False,NULL,NULL,"34.26","2026-03-06 09:03:26.979414+00"
"114383",8558,"2026-03-06 02:53:33.174+00","40.35953500","71.77170500",NULL,"12.67",NULL,NULL,NULL,NULL,False,NULL,NULL,"0.00","2026-03-06 09:03:26.979414+00"
"114384",8558,"2026-03-06 02:53:33.174+00","40.35953500","71.77170500",NULL,"12.67",NULL,NULL,NULL,NULL,False,NULL,NULL,"0.00","2026-03-06 09:03:26.979415+00"
"114385",8558,"2026-03-06 02:53:33.174+00","40.35953500","71.77170500",NULL,"12.67",NULL,NULL,NULL,NULL,False,NULL,NULL,"0.00","2026-03-06 09:03:26.979415+00"
"114381",8558,"2026-03-06 02:53:30.174+00","40.35922830","71.77166670",NULL,"10.07",NULL,NULL,NULL,NULL,False,NULL,NULL,"38.48","2026-03-06 09:03:26.979414+00"
"114377",8558,"2026-03-06 02:53:26.17+00","40.35888330","71.77163170",NULL,"8.45",NULL,NULL,NULL,NULL,False,NULL,NULL,"26.76","2026-03-06 09:03:26.979411+00"
"114378",8558,"2026-03-06 02:53:26.17+00","40.35888330","71.77163170",NULL,"8.45",NULL,NULL,NULL,NULL,False,NULL,NULL,"0.00","2026-03-06 09:03:26.979411+00"
"114379",8558,"2026-03-06 02:53:26.17+00","40.35888330","71.77163170",NULL,"8.45",NULL,NULL,NULL,NULL,False,NULL,NULL,"0.00","2026-03-06 09:03:26.979411+00"
"114380",8558,"2026-03-06 02:53:26.17+00","40.35888330","71.77163170",NULL,"8.45",NULL,NULL,NULL,NULL,False,NULL,NULL,"0.00","2026-03-06 09:03:26.979412+00"
"114376",8558,"2026-03-06 02:53:22.171+00","40.35864330","71.77160830",NULL,"5.83",NULL,NULL,NULL,NULL,False,NULL,NULL,"24.00","2026-03-06 09:03:26.979411+00"
"114373",8558,"2026-03-06 02:53:08.174+00","40.35842830","71.77158330",NULL,"5.24",NULL,NULL,NULL,NULL,False,NULL,NULL,"45.61","2026-03-06 09:03:26.97941+00"
"114374",8558,"2026-03-06 02:53:08.174+00","40.35842830","71.77158330",NULL,"5.24",NULL,NULL,NULL,NULL,False,NULL,NULL,"0.00","2026-03-06 09:03:26.97941+00"
"114375",8558,"2026-03-06 02:53:08.174+00","40.35842830","71.77158330",NULL,"5.24",NULL,NULL,NULL,NULL,False,NULL,NULL,"0.00","2026-03-06 09:03:26.97941+00"
"114372",8558,"2026-03-06 02:53:03.173+00","40.35802000","71.77153170",NULL,"13.26",NULL,NULL,NULL,NULL,False,NULL,NULL,"43.90","2026-03-06 09:03:26.979409+00"
"114369",8558,"2026-03-06 02:53:00.173+00","40.35762670","71.77148670",NULL,"15.19",NULL,NULL,NULL,NULL,False,NULL,NULL,"45.74","2026-03-06 09:03:26.979408+00"
"114370",8558,"2026-03-06 02:53:00.173+00","40.35762670","71.77148670",NULL,"15.19",NULL,NULL,NULL,NULL,False,NULL,NULL,"0.00","2026-03-06 09:03:26.979408+00"
"114371",8558,"2026-03-06 02:53:00.173+00","40.35762670","71.77148670",NULL,"15.19",NULL,NULL,NULL,NULL,False,NULL,NULL,"0.00","2026-03-06 09:03:26.979409+00"
"114368",8558,"2026-03-06 02:52:57.174+00","40.35721670","71.77144330",NULL,"15.55",NULL,NULL,NULL,NULL,False,NULL,NULL,"46.73","2026-03-06 09:03:26.979408+00"
"114366",8558,"2026-03-06 02:52:54.173+00","40.35679830","71.77139170",NULL,"16.20",NULL,NULL,NULL,NULL,False,NULL,NULL,"0.00","2026-03-06 09:03:26.979406+00"
"114367",8558,"2026-03-06 02:52:54.173+00","40.35679830","71.77139170",NULL,"16.20",NULL,NULL,NULL,NULL,False,NULL,NULL,"0.00","2026-03-06 09:03:26.979407+00"
"114365",8558,"2026-03-06 02:52:54.173+00","40.35679830","71.77139170",NULL,"16.20",NULL,NULL,NULL,NULL,False,NULL,NULL,"48.77","2026-03-06 09:03:26.711356+00"
"114364",8558,"2026-03-06 02:52:51.174+00","40.35636170","71.77133670",NULL,"16.03",NULL,NULL,NULL,NULL,False,NULL,NULL,"49.27","2026-03-06 09:03:26.711355+00"
"114361",8558,"2026-03-06 02:52:48.171+00","40.35592000","71.77129000",NULL,"16.22",NULL,NULL,NULL,NULL,False,NULL,NULL,"50.07","2026-03-06 09:03:26.711354+00"
"114362",8558,"2026-03-06 02:52:48.171+00","40.35592000","71.77129000",NULL,"16.22",NULL,NULL,NULL,NULL,False,NULL,NULL,"0.00","2026-03-06 09:03:26.711354+00"
"114363",8558,"2026-03-06 02:52:48.171+00","40.35592000","71.77129000",NULL,"16.22",NULL,NULL,NULL,NULL,False,NULL,NULL,"0.00","2026-03-06 09:03:26.711354+00"
"114360",8558,"2026-03-06 02:52:45.171+00","40.35547170","71.77123500",NULL,"17.21",NULL,NULL,NULL,NULL,False,NULL,NULL,"51.70","2026-03-06 09:03:26.711354+00"
"114356",8558,"2026-03-06 02:52:42.174+00","40.35500830","71.77118500",NULL,"17.45",NULL,NULL,NULL,NULL,False,NULL,NULL,"52.82","2026-03-06 09:03:26.711353+00"
"114357",8558,"2026-03-06 02:52:42.174+00","40.35500830","71.77118500",NULL,"17.45",NULL,NULL,NULL,NULL,False,NULL,NULL,"0.00","2026-03-06 09:03:26.711353+00"
"114358",8558,"2026-03-06 02:52:42.174+00","40.35500830","71.77118500",NULL,"17.45",NULL,NULL,NULL,NULL,False,NULL,NULL,"0.00","2026-03-06 09:03:26.711353+00"
"114359",8558,"2026-03-06 02:52:42.174+00","40.35500830","71.77118500",NULL,"17.45",NULL,NULL,NULL,NULL,False,NULL,NULL,"0.00","2026-03-06 09:03:26.711353+00"
"114355",8558,"2026-03-06 02:52:39.173+00","40.35453500","71.77113170",NULL,"17.69",NULL,NULL,NULL,NULL,False,NULL,NULL,"54.46","2026-03-06 09:03:26.711353+00"
"114352",8558,"2026-03-06 02:52:36.175+00","40.35404670","71.77108170",NULL,"18.61",NULL,NULL,NULL,NULL,False,NULL,NULL,"55.42","2026-03-06 09:03:26.711352+00"
"114353",8558,"2026-03-06 02:52:36.175+00","40.35404670","71.77108170",NULL,"18.61",NULL,NULL,NULL,NULL,False,NULL,NULL,"0.00","2026-03-06 09:03:26.711352+00"
"114354",8558,"2026-03-06 02:52:36.175+00","40.35404670","71.77108170",NULL,"18.61",NULL,NULL,NULL,NULL,False,NULL,NULL,"0.00","2026-03-06 09:03:26.711352+00"
"114351",8558,"2026-03-06 02:52:33.174+00","40.35355000","71.77102830",NULL,"19.05",NULL,NULL,NULL,NULL,False,NULL,NULL,"57.67","2026-03-06 09:03:26.711352+00"
"114348",8558,"2026-03-06 02:52:30.171+00","40.35303330","71.77097000",NULL,"19.53",NULL,NULL,NULL,NULL,False,NULL,NULL,"58.53","2026-03-06 09:03:26.711351+00"
"114349",8558,"2026-03-06 02:52:30.171+00","40.35303330","71.77097000",NULL,"19.53",NULL,NULL,NULL,NULL,False,NULL,NULL,"0.00","2026-03-06 09:03:26.711351+00"
"114350",8558,"2026-03-06 02:52:30.171+00","40.35303330","71.77097000",NULL,"19.53",NULL,NULL,NULL,NULL,False,NULL,NULL,"0.00","2026-03-06 09:03:26.711352+00"
"114347",8558,"2026-03-06 02:52:27.172+00","40.35250830","71.77092000",NULL,"19.94",NULL,NULL,NULL,NULL,False,NULL,NULL,"60.24","2026-03-06 09:03:26.711351+00"
"114344",8558,"2026-03-06 02:52:24.174+00","40.35196830","71.77086330",NULL,"20.39",NULL,NULL,NULL,NULL,False,NULL,NULL,"61.91","2026-03-06 09:03:26.711349+00"
"114345",8558,"2026-03-06 02:52:24.174+00","40.35196830","71.77086330",NULL,"20.39",NULL,NULL,NULL,NULL,False,NULL,NULL,"0.00","2026-03-06 09:03:26.71135+00"
"114346",8558,"2026-03-06 02:52:24.174+00","40.35196830","71.77086330",NULL,"20.39",NULL,NULL,NULL,NULL,False,NULL,NULL,"0.00","2026-03-06 09:03:26.711351+00"
"114343",8558,"2026-03-06 02:52:21.173+00","40.35141330","71.77080500",NULL,"20.91",NULL,NULL,NULL,NULL,False,NULL,NULL,"63.69","2026-03-06 09:03:26.711349+00"
"114339",8558,"2026-03-06 02:52:18.175+00","40.35084170","71.77075670",NULL,"21.91",NULL,NULL,NULL,NULL,False,NULL,NULL,"67.99","2026-03-06 09:03:26.711349+00"
"114340",8558,"2026-03-06 02:52:18.175+00","40.35084170","71.77075670",NULL,"21.91",NULL,NULL,NULL,NULL,False,NULL,NULL,"0.00","2026-03-06 09:03:26.711349+00"
"114341",8558,"2026-03-06 02:52:18.175+00","40.35084170","71.77075670",NULL,"21.91",NULL,NULL,NULL,NULL,False,NULL,NULL,"0.00","2026-03-06 09:03:26.711349+00"
"114342",8558,"2026-03-06 02:52:18.175+00","40.35084170","71.77075670",NULL,"21.91",NULL,NULL,NULL,NULL,False,NULL,NULL,"0.00","2026-03-06 09:03:26.711349+00"
"114338",8558,"2026-03-06 02:52:15.171+00","40.35023170","71.77070170",NULL,"23.95",NULL,NULL,NULL,NULL,False,NULL,NULL,"71.69","2026-03-06 09:03:26.711348+00"
"114335",8558,"2026-03-06 02:52:12.175+00","40.34958830","71.77064830",NULL,"23.97",NULL,NULL,NULL,NULL,False,NULL,NULL,"72.28","2026-03-06 09:03:26.711348+00"
"114336",8558,"2026-03-06 02:52:12.175+00","40.34958830","71.77064830",NULL,"23.97",NULL,NULL,NULL,NULL,False,NULL,NULL,"0.00","2026-03-06 09:03:26.711348+00"
"114337",8558,"2026-03-06 02:52:12.175+00","40.34958830","71.77064830",NULL,"23.97",NULL,NULL,NULL,NULL,False,NULL,NULL,"0.00","2026-03-06 09:03:26.711348+00"
"114334",8558,"2026-03-06 02:52:09.173+00","40.34894000","71.77058670",NULL,"23.49",NULL,NULL,NULL,NULL,False,NULL,NULL,"71.79","2026-03-06 09:03:26.711347+00"
"114331",8558,"2026-03-06 02:52:06.173+00","40.34829670","71.77051500",NULL,"23.22",NULL,NULL,NULL,NULL,False,NULL,NULL,"70.46","2026-03-06 09:03:26.711347+00"
"114332",8558,"2026-03-06 02:52:06.173+00","40.34829670","71.77051500",NULL,"23.22",NULL,NULL,NULL,NULL,False,NULL,NULL,"0.00","2026-03-06 09:03:26.711347+00"
"114333",8558,"2026-03-06 02:52:06.173+00","40.34829670","71.77051500",NULL,"23.22",NULL,NULL,NULL,NULL,False,NULL,NULL,"0.00","2026-03-06 09:03:26.711347+00"
"114330",8558,"2026-03-06 02:52:03.172+00","40.34766500","71.77045000",NULL,"23.84",NULL,NULL,NULL,NULL,False,NULL,NULL,"71.92","2026-03-06 09:03:26.711346+00"
"114327",8558,"2026-03-06 02:52:00.175+00","40.34702000","71.77038670",NULL,"23.24",NULL,NULL,NULL,NULL,False,NULL,NULL,"68.71","2026-03-06 09:03:26.711344+00"
"114328",8558,"2026-03-06 02:52:00.175+00","40.34702000","71.77038670",NULL,"23.24",NULL,NULL,NULL,NULL,False,NULL,NULL,"0.00","2026-03-06 09:03:26.711346+00"
"114329",8558,"2026-03-06 02:52:00.175+00","40.34702000","71.77038670",NULL,"23.24",NULL,NULL,NULL,NULL,False,NULL,NULL,"0.00","2026-03-06 09:03:26.711346+00"
"114326",8558,"2026-03-06 02:51:57.173+00","40.34640330","71.77033500",NULL,"22.16",NULL,NULL,NULL,NULL,False,NULL,NULL,"65.80","2026-03-06 09:03:26.711344+00"
"114323",8558,"2026-03-06 02:51:54.173+00","40.34581330","71.77027500",NULL,"21.07",NULL,NULL,NULL,NULL,False,NULL,NULL,"61.35","2026-03-06 09:03:26.711343+00"
"114324",8558,"2026-03-06 02:51:54.173+00","40.34581330","71.77027500",NULL,"21.07",NULL,NULL,NULL,NULL,False,NULL,NULL,"0.00","2026-03-06 09:03:26.711344+00"
"114325",8558,"2026-03-06 02:51:54.173+00","40.34581330","71.77027500",NULL,"21.07",NULL,NULL,NULL,NULL,False,NULL,NULL,"0.00","2026-03-06 09:03:26.711344+00"
"114322",8558,"2026-03-06 02:51:51.173+00","40.34526330","71.77021830",NULL,"19.81",NULL,NULL,NULL,NULL,False,NULL,NULL,"57.45","2026-03-06 09:03:26.711343+00"
"114318",8558,"2026-03-06 02:51:48.174+00","40.34474830","71.77016330",NULL,"18.49",NULL,NULL,NULL,NULL,False,NULL,NULL,"52.08","2026-03-06 09:03:26.711342+00"
"114319",8558,"2026-03-06 02:51:48.174+00","40.34474830","71.77016330",NULL,"18.49",NULL,NULL,NULL,NULL,False,NULL,NULL,"0.00","2026-03-06 09:03:26.711342+00"
"114320",8558,"2026-03-06 02:51:48.174+00","40.34474830","71.77016330",NULL,"18.49",NULL,NULL,NULL,NULL,False,NULL,NULL,"0.00","2026-03-06 09:03:26.711342+00"
"114321",8558,"2026-03-06 02:51:48.174+00","40.34474830","71.77016330",NULL,"18.49",NULL,NULL,NULL,NULL,False,NULL,NULL,"0.00","2026-03-06 09:03:26.711343+00"
"114317",8558,"2026-03-06 02:51:45.17+00","40.34428170","71.77011000",NULL,"16.43",NULL,NULL,NULL,NULL,False,NULL,NULL,"49.32","2026-03-06 09:03:26.711342+00"
"114316",8558,"2026-03-06 02:51:42.175+00","40.34384000","71.77005670",NULL,"16.77",NULL,NULL,NULL,NULL,False,NULL,NULL,"0.00","2026-03-06 09:03:26.711341+00"
"114314",8558,"2026-03-06 02:51:42.175+00","40.34384000","71.77005670",NULL,"16.77",NULL,NULL,NULL,NULL,False,NULL,NULL,"50.31","2026-03-06 09:03:25.2423+00"
"114315",8558,"2026-03-06 02:51:42.175+00","40.34384000","71.77005670",NULL,"16.77",NULL,NULL,NULL,NULL,False,NULL,NULL,"0.00","2026-03-06 09:03:25.2423+00"
"114313",8558,"2026-03-06 02:51:39.175+00","40.34339000","71.76999500",NULL,"17.75",NULL,NULL,NULL,NULL,False,NULL,NULL,"55.82","2026-03-06 09:03:25.2423+00"
"114310",8558,"2026-03-06 02:51:36.174+00","40.34289000","71.76993670",NULL,"19.82",NULL,NULL,NULL,NULL,False,NULL,NULL,"60.78","2026-03-06 09:03:25.242299+00"
"114311",8558,"2026-03-06 02:51:36.174+00","40.34289000","71.76993670",NULL,"19.82",NULL,NULL,NULL,NULL,False,NULL,NULL,"0.00","2026-03-06 09:03:25.242299+00"
"114312",8558,"2026-03-06 02:51:36.174+00","40.34289000","71.76993670",NULL,"19.82",NULL,NULL,NULL,NULL,False,NULL,NULL,"0.00","2026-03-06 09:03:25.242299+00"
"114309",8558,"2026-03-06 02:51:33.174+00","40.34234670","71.76985830",NULL,"21.17",NULL,NULL,NULL,NULL,False,NULL,NULL,"64.65","2026-03-06 09:03:25.242298+00"
"114306",8558,"2026-03-06 02:51:30.175+00","40.34176670","71.76980500",NULL,"22.39",NULL,NULL,NULL,NULL,False,NULL,NULL,"67.40","2026-03-06 09:03:25.242298+00"
"114307",8558,"2026-03-06 02:51:30.175+00","40.34176670","71.76980500",NULL,"22.39",NULL,NULL,NULL,NULL,False,NULL,NULL,"0.00","2026-03-06 09:03:25.242298+00"
"114308",8558,"2026-03-06 02:51:30.175+00","40.34176670","71.76980500",NULL,"22.39",NULL,NULL,NULL,NULL,False,NULL,NULL,"0.00","2026-03-06 09:03:25.242298+00"
"114305",8558,"2026-03-06 02:51:27.169+00","40.34116330","71.76973000",NULL,"22.35",NULL,NULL,NULL,NULL,False,NULL,NULL,"66.99","2026-03-06 09:03:25.242298+00"
"114302",8558,"2026-03-06 02:51:24.174+00","40.34056330","71.76965830",NULL,"21.86",NULL,NULL,NULL,NULL,False,NULL,NULL,"65.32","2026-03-06 09:03:25.242297+00"
"114303",8558,"2026-03-06 02:51:24.174+00","40.34056330","71.76965830",NULL,"21.86",NULL,NULL,NULL,NULL,False,NULL,NULL,"0.00","2026-03-06 09:03:25.242297+00"
"114304",8558,"2026-03-06 02:51:24.174+00","40.34056330","71.76965830",NULL,"21.86",NULL,NULL,NULL,NULL,False,NULL,NULL,"0.00","2026-03-06 09:03:25.242297+00"
"114301",8558,"2026-03-06 02:51:21.172+00","40.33997830","71.76958830",NULL,"21.18",NULL,NULL,NULL,NULL,False,NULL,NULL,"61.93","2026-03-06 09:03:25.242297+00"
"114298",8558,"2026-03-06 02:51:18.173+00","40.33942170","71.76956330",NULL,"20.37",NULL,NULL,NULL,NULL,False,NULL,NULL,"60.23","2026-03-06 09:03:25.242296+00"
"114299",8558,"2026-03-06 02:51:18.173+00","40.33942170","71.76956330",NULL,"20.37",NULL,NULL,NULL,NULL,False,NULL,NULL,"0.00","2026-03-06 09:03:25.242296+00"
"114300",8558,"2026-03-06 02:51:18.173+00","40.33942170","71.76956330",NULL,"20.37",NULL,NULL,NULL,NULL,False,NULL,NULL,"0.00","2026-03-06 09:03:25.242296+00"
"114297",8558,"2026-03-06 02:51:15.172+00","40.33888000","71.76956170",NULL,"20.02",NULL,NULL,NULL,NULL,False,NULL,NULL,"57.46","2026-03-06 09:03:25.242296+00"
"114294",8558,"2026-03-06 02:51:12.171+00","40.33836330","71.76956670",NULL,"18.41",NULL,NULL,NULL,NULL,False,NULL,NULL,"55.34","2026-03-06 09:03:25.242294+00"
"114295",8558,"2026-03-06 02:51:12.171+00","40.33836330","71.76956670",NULL,"18.41",NULL,NULL,NULL,NULL,False,NULL,NULL,"0.00","2026-03-06 09:03:25.242295+00"
"114296",8558,"2026-03-06 02:51:12.171+00","40.33836330","71.76956670",NULL,"18.41",NULL,NULL,NULL,NULL,False,NULL,NULL,"0.00","2026-03-06 09:03:25.242295+00"
"114293",8558,"2026-03-06 02:51:09.171+00","40.33786670","71.76961000",NULL,"19.85",NULL,NULL,NULL,NULL,False,NULL,NULL,"57.97","2026-03-06 09:03:25.242294+00"
"114289",8558,"2026-03-06 02:51:06.173+00","40.33734670","71.76965830",NULL,"18.77",NULL,NULL,NULL,NULL,False,NULL,NULL,"52.50","2026-03-06 09:03:25.242293+00"
"114290",8558,"2026-03-06 02:51:06.173+00","40.33734670","71.76965830",NULL,"18.77",NULL,NULL,NULL,NULL,False,NULL,NULL,"0.00","2026-03-06 09:03:25.242293+00"
"114291",8558,"2026-03-06 02:51:06.173+00","40.33734670","71.76965830",NULL,"18.77",NULL,NULL,NULL,NULL,False,NULL,NULL,"0.00","2026-03-06 09:03:25.242294+00"
"114292",8558,"2026-03-06 02:51:06.173+00","40.33734670","71.76965830",NULL,"18.77",NULL,NULL,NULL,NULL,False,NULL,NULL,"0.00","2026-03-06 09:03:25.242294+00"
"114286",8558,"2026-03-06 02:51:03.171+00","40.33687500","71.76968500",NULL,"16.35",NULL,NULL,NULL,NULL,False,NULL,NULL,"47.48","2026-03-06 09:03:25.242293+00"
"114287",8558,"2026-03-06 02:51:03.171+00","40.33687500","71.76968500",NULL,"16.35",NULL,NULL,NULL,NULL,False,NULL,NULL,"0.00","2026-03-06 09:03:25.242293+00"
"114288",8558,"2026-03-06 02:51:03.171+00","40.33687500","71.76968500",NULL,"16.35",NULL,NULL,NULL,NULL,False,NULL,NULL,"0.00","2026-03-06 09:03:25.242293+00"
"114285",8558,"2026-03-06 02:51:00.174+00","40.33644830","71.76970500",NULL,"15.81",NULL,NULL,NULL,NULL,False,NULL,NULL,"47.19","2026-03-06 09:03:25.242292+00"
"114281",8558,"2026-03-06 02:50:57.17+00","40.33602500","71.76974500",NULL,"16.09",NULL,NULL,NULL,NULL,False,NULL,NULL,"55.25","2026-03-06 09:03:25.242292+00"
"114282",8558,"2026-03-06 02:50:57.17+00","40.33602500","71.76974500",NULL,"16.09",NULL,NULL,NULL,NULL,False,NULL,NULL,"0.00","2026-03-06 09:03:25.242292+00"
"114283",8558,"2026-03-06 02:50:57.17+00","40.33602500","71.76974500",NULL,"16.09",NULL,NULL,NULL,NULL,False,NULL,NULL,"0.00","2026-03-06 09:03:25.242292+00"
"114284",8558,"2026-03-06 02:50:57.17+00","40.33602500","71.76974500",NULL,"16.09",NULL,NULL,NULL,NULL,False,NULL,NULL,"0.00","2026-03-06 09:03:25.242292+00"
"114278",8558,"2026-03-06 02:50:54.174+00","40.33553000","71.76980170",NULL,"19.79",NULL,NULL,NULL,NULL,False,NULL,NULL,"61.05","2026-03-06 09:03:25.242291+00"
"114279",8558,"2026-03-06 02:50:54.174+00","40.33553000","71.76980170",NULL,"19.79",NULL,NULL,NULL,NULL,False,NULL,NULL,"0.00","2026-03-06 09:03:25.242291+00"
"114280",8558,"2026-03-06 02:50:54.174+00","40.33553000","71.76980170",NULL,"19.79",NULL,NULL,NULL,NULL,False,NULL,NULL,"0.00","2026-03-06 09:03:25.242291+00"
"114277",8558,"2026-03-06 02:50:51.17+00","40.33498170","71.76983830",NULL,"19.97",NULL,NULL,NULL,NULL,False,NULL,NULL,"60.01","2026-03-06 09:03:25.242291+00"
"114274",8558,"2026-03-06 02:50:48.173+00","40.33444330","71.76988670",NULL,"19.70",NULL,NULL,NULL,NULL,False,NULL,NULL,"58.75","2026-03-06 09:03:25.242287+00"
"114275",8558,"2026-03-06 02:50:48.173+00","40.33444330","71.76988670",NULL,"19.70",NULL,NULL,NULL,NULL,False,NULL,NULL,"0.00","2026-03-06 09:03:25.242287+00"
"114276",8558,"2026-03-06 02:50:48.173+00","40.33444330","71.76988670",NULL,"19.70",NULL,NULL,NULL,NULL,False,NULL,NULL,"0.00","2026-03-06 09:03:25.242288+00"
"114273",8558,"2026-03-06 02:50:45.171+00","40.33391500","71.76989830",NULL,"18.86",NULL,NULL,NULL,NULL,False,NULL,NULL,"56.63","2026-03-06 09:03:25.242287+00"
"114269",8558,"2026-03-06 02:50:42.173+00","40.33340670","71.76994000",NULL,"18.42",NULL,NULL,NULL,NULL,False,NULL,NULL,"53.88","2026-03-06 09:03:25.242286+00"
"114270",8558,"2026-03-06 02:50:42.173+00","40.33340670","71.76994000",NULL,"18.42",NULL,NULL,NULL,NULL,False,NULL,NULL,"0.00","2026-03-06 09:03:25.242286+00"
"114271",8558,"2026-03-06 02:50:42.173+00","40.33340670","71.76994000",NULL,"18.42",NULL,NULL,NULL,NULL,False,NULL,NULL,"0.00","2026-03-06 09:03:25.242286+00"
"114272",8558,"2026-03-06 02:50:42.173+00","40.33340670","71.76994000",NULL,"18.42",NULL,NULL,NULL,NULL,False,NULL,NULL,"0.00","2026-03-06 09:03:25.242287+00"
"114266",8558,"2026-03-06 02:50:39.172+00","40.33292330","71.76998330",NULL,"17.06",NULL,NULL,NULL,NULL,False,NULL,NULL,"50.61","2026-03-06 09:03:25.242284+00"
"114267",8558,"2026-03-06 02:50:39.172+00","40.33292330","71.76998330",NULL,"17.06",NULL,NULL,NULL,NULL,False,NULL,NULL,"0.00","2026-03-06 09:03:25.242285+00"
"114268",8558,"2026-03-06 02:50:39.172+00","40.33292330","71.76998330",NULL,"17.06",NULL,NULL,NULL,NULL,False,NULL,NULL,"0.00","2026-03-06 09:03:25.242285+00"
"114265",8558,"2026-03-06 02:50:36.173+00","40.33247000","71.77003670",NULL,"16.81",NULL,NULL,NULL,NULL,False,NULL,NULL,"49.66","2026-03-06 09:03:22.503012+00"
"114262",8558,"2026-03-06 02:50:33.172+00","40.33202500","71.77008670",NULL,"16.76",NULL,NULL,NULL,NULL,False,NULL,NULL,"51.12","2026-03-06 09:03:22.503011+00"
"114263",8558,"2026-03-06 02:50:33.172+00","40.33202500","71.77008670",NULL,"16.76",NULL,NULL,NULL,NULL,False,NULL,NULL,"0.00","2026-03-06 09:03:22.503011+00"
"114264",8558,"2026-03-06 02:50:33.172+00","40.33202500","71.77008670",NULL,"16.76",NULL,NULL,NULL,NULL,False,NULL,NULL,"0.00","2026-03-06 09:03:22.503012+00"
"114261",8558,"2026-03-06 02:50:30.174+00","40.33156670","71.77013500",NULL,"17.27",NULL,NULL,NULL,NULL,False,NULL,NULL,"51.80","2026-03-06 09:03:22.503011+00"
"114258",8558,"2026-03-06 02:50:27.171+00","40.33110170","71.77017170",NULL,"17.10",NULL,NULL,NULL,NULL,False,NULL,NULL,"51.71","2026-03-06 09:03:22.503011+00"
"114259",8558,"2026-03-06 02:50:27.171+00","40.33110170","71.77017170",NULL,"17.10",NULL,NULL,NULL,NULL,False,NULL,NULL,"0.00","2026-03-06 09:03:22.503011+00"
"114260",8558,"2026-03-06 02:50:27.171+00","40.33110170","71.77017170",NULL,"17.10",NULL,NULL,NULL,NULL,False,NULL,NULL,"0.00","2026-03-06 09:03:22.503011+00"
"114257",8558,"2026-03-06 02:50:24.174+00","40.33063830","71.77022330",NULL,"16.94",NULL,NULL,NULL,NULL,False,NULL,NULL,"49.41","2026-03-06 09:03:22.503009+00"
"114254",8558,"2026-03-06 02:50:21.172+00","40.33019500","71.77026330",NULL,"15.72",NULL,NULL,NULL,NULL,False,NULL,NULL,"46.47","2026-03-06 09:03:22.503009+00"
"114255",8558,"2026-03-06 02:50:21.172+00","40.33019500","71.77026330",NULL,"15.72",NULL,NULL,NULL,NULL,False,NULL,NULL,"0.00","2026-03-06 09:03:22.503009+00"
"114256",8558,"2026-03-06 02:50:21.172+00","40.33019500","71.77026330",NULL,"15.72",NULL,NULL,NULL,NULL,False,NULL,NULL,"0.00","2026-03-06 09:03:22.503009+00"
"114253",8558,"2026-03-06 02:50:18.173+00","40.32977830","71.77030500",NULL,"14.92",NULL,NULL,NULL,NULL,False,NULL,NULL,"44.75","2026-03-06 09:03:22.503008+00"
"114250",8558,"2026-03-06 02:50:15.172+00","40.32937670","71.77034000",NULL,"15.21",NULL,NULL,NULL,NULL,False,NULL,NULL,"45.95","2026-03-06 09:03:22.503008+00"
"114251",8558,"2026-03-06 02:50:15.172+00","40.32937670","71.77034000",NULL,"15.21",NULL,NULL,NULL,NULL,False,NULL,NULL,"0.00","2026-03-06 09:03:22.503008+00"
"114252",8558,"2026-03-06 02:50:15.172+00","40.32937670","71.77034000",NULL,"15.21",NULL,NULL,NULL,NULL,False,NULL,NULL,"0.00","2026-03-06 09:03:22.503008+00"
"114249",8558,"2026-03-06 02:50:12.175+00","40.32896500","71.77038670",NULL,"15.32",NULL,NULL,NULL,NULL,False,NULL,NULL,"46.00","2026-03-06 09:03:22.503008+00"
"114246",8558,"2026-03-06 02:50:09.173+00","40.32855330","71.77044000",NULL,"15.35",NULL,NULL,NULL,NULL,False,NULL,NULL,"45.87","2026-03-06 09:03:22.503007+00"
"114247",8558,"2026-03-06 02:50:09.173+00","40.32855330","71.77044000",NULL,"15.35",NULL,NULL,NULL,NULL,False,NULL,NULL,"0.00","2026-03-06 09:03:22.503007+00"
"114248",8558,"2026-03-06 02:50:09.173+00","40.32855330","71.77044000",NULL,"15.35",NULL,NULL,NULL,NULL,False,NULL,NULL,"0.00","2026-03-06 09:03:22.503007+00"
"114245",8558,"2026-03-06 02:50:06.174+00","40.32814170","71.77047670",NULL,"15.14",NULL,NULL,NULL,NULL,False,NULL,NULL,"47.23","2026-03-06 09:03:22.503007+00"
"114242",8558,"2026-03-06 02:50:03.173+00","40.32771830","71.77052170",NULL,"15.62",NULL,NULL,NULL,NULL,False,NULL,NULL,"45.74","2026-03-06 09:03:22.503006+00"
"114243",8558,"2026-03-06 02:50:03.173+00","40.32771830","71.77052170",NULL,"15.62",NULL,NULL,NULL,NULL,False,NULL,NULL,"0.00","2026-03-06 09:03:22.503006+00"
"114244",8558,"2026-03-06 02:50:03.173+00","40.32771830","71.77052170",NULL,"15.62",NULL,NULL,NULL,NULL,False,NULL,NULL,"0.00","2026-03-06 09:03:22.503007+00"
"114241",8558,"2026-03-06 02:50:00.171+00","40.32730830","71.77056500",NULL,"14.36",NULL,NULL,NULL,NULL,False,NULL,NULL,"43.53","2026-03-06 09:03:22.503006+00"
"114238",8558,"2026-03-06 02:49:57.174+00","40.32691830","71.77061000",NULL,"14.72",NULL,NULL,NULL,NULL,False,NULL,NULL,"44.47","2026-03-06 09:03:22.503005+00"
"114239",8558,"2026-03-06 02:49:57.174+00","40.32691830","71.77061000",NULL,"14.72",NULL,NULL,NULL,NULL,False,NULL,NULL,"0.00","2026-03-06 09:03:22.503005+00"
"114240",8558,"2026-03-06 02:49:57.174+00","40.32691830","71.77061000",NULL,"14.72",NULL,NULL,NULL,NULL,False,NULL,NULL,"0.00","2026-03-06 09:03:22.503006+00"
"114237",8558,"2026-03-06 02:49:54.175+00","40.32652000","71.77065670",NULL,"15.17",NULL,NULL,NULL,NULL,False,NULL,NULL,"45.73","2026-03-06 09:03:22.503004+00"
"114234",8558,"2026-03-06 02:49:51.172+00","40.32611000","71.77069830",NULL,"15.87",NULL,NULL,NULL,NULL,False,NULL,NULL,"47.92","2026-03-06 09:03:22.503004+00"
"114235",8558,"2026-03-06 02:49:51.172+00","40.32611000","71.77069830",NULL,"15.87",NULL,NULL,NULL,NULL,False,NULL,NULL,"0.00","2026-03-06 09:03:22.503004+00"
"114236",8558,"2026-03-06 02:49:51.172+00","40.32611000","71.77069830",NULL,"15.87",NULL,NULL,NULL,NULL,False,NULL,NULL,"0.00","2026-03-06 09:03:22.503004+00"
"114233",8558,"2026-03-06 02:49:48.173+00","40.32568000","71.77073670",NULL,"16.03",NULL,NULL,NULL,NULL,False,NULL,NULL,"48.80","2026-03-06 09:03:22.503004+00"
"114230",8558,"2026-03-06 02:49:45.174+00","40.32524170","71.77076670",NULL,"15.59",NULL,NULL,NULL,NULL,False,NULL,NULL,"46.23","2026-03-06 09:03:22.503003+00"
"114231",8558,"2026-03-06 02:49:45.174+00","40.32524170","71.77076670",NULL,"15.59",NULL,NULL,NULL,NULL,False,NULL,NULL,"0.00","2026-03-06 09:03:22.503003+00"
"114232",8558,"2026-03-06 02:49:45.174+00","40.32524170","71.77076670",NULL,"15.59",NULL,NULL,NULL,NULL,False,NULL,NULL,"0.00","2026-03-06 09:03:22.503003+00"
"114229",8558,"2026-03-06 02:49:42.174+00","40.32482830","71.77082500",NULL,"15.10",NULL,NULL,NULL,NULL,False,NULL,NULL,"44.98","2026-03-06 09:03:22.503003+00"
"114226",8558,"2026-03-06 02:49:39.174+00","40.32442500","71.77086670",NULL,"16.09",NULL,NULL,NULL,NULL,False,NULL,NULL,"46.68","2026-03-06 09:03:22.503002+00"
"114227",8558,"2026-03-06 02:49:39.174+00","40.32442500","71.77086670",NULL,"16.09",NULL,NULL,NULL,NULL,False,NULL,NULL,"0.00","2026-03-06 09:03:22.503002+00"
"114228",8558,"2026-03-06 02:49:39.174+00","40.32442500","71.77086670",NULL,"16.09",NULL,NULL,NULL,NULL,False,NULL,NULL,"0.00","2026-03-06 09:03:22.503002+00"
"114225",8558,"2026-03-06 02:49:36.172+00","40.32400670","71.77091330",NULL,"16.00",NULL,NULL,NULL,NULL,False,NULL,NULL,"47.89","2026-03-06 09:03:22.503002+00"
"114222",8558,"2026-03-06 02:49:33.173+00","40.32357830","71.77097170",NULL,"15.32",NULL,NULL,NULL,NULL,False,NULL,NULL,"46.51","2026-03-06 09:03:22.502998+00"
"114223",8558,"2026-03-06 02:49:33.173+00","40.32357830","71.77097170",NULL,"15.32",NULL,NULL,NULL,NULL,False,NULL,NULL,"0.00","2026-03-06 09:03:22.503001+00"
"114224",8558,"2026-03-06 02:49:33.173+00","40.32357830","71.77097170",NULL,"15.32",NULL,NULL,NULL,NULL,False,NULL,NULL,"0.00","2026-03-06 09:03:22.503001+00"
"114221",8558,"2026-03-06 02:49:30.176+00","40.32316330","71.77104000",NULL,"15.41",NULL,NULL,NULL,NULL,False,NULL,NULL,"46.67","2026-03-06 09:03:22.502998+00"
"114218",8558,"2026-03-06 02:49:27.175+00","40.32274500","71.77108500",NULL,"15.94",NULL,NULL,NULL,NULL,False,NULL,NULL,"47.55","2026-03-06 09:03:22.502997+00"
"114219",8558,"2026-03-06 02:49:27.175+00","40.32274500","71.77108500",NULL,"15.94",NULL,NULL,NULL,NULL,False,NULL,NULL,"0.00","2026-03-06 09:03:22.502997+00"
"114220",8558,"2026-03-06 02:49:27.175+00","40.32274500","71.77108500",NULL,"15.94",NULL,NULL,NULL,NULL,False,NULL,NULL,"0.00","2026-03-06 09:03:22.502997+00"
"114217",8558,"2026-03-06 02:49:24.175+00","40.32231830","71.77112170",NULL,"15.99",NULL,NULL,NULL,NULL,False,NULL,NULL,"48.70","2026-03-06 09:03:22.502996+00"
"114214",8558,"2026-03-06 02:49:21.172+00","40.32188170","71.77116670",NULL,"16.62",NULL,NULL,NULL,NULL,False,NULL,NULL,"49.66","2026-03-06 09:03:20.513314+00"
"114215",8558,"2026-03-06 02:49:21.172+00","40.32188170","71.77116670",NULL,"16.62",NULL,NULL,NULL,NULL,False,NULL,NULL,"0.00","2026-03-06 09:03:20.513314+00"
"114216",8558,"2026-03-06 02:49:21.172+00","40.32188170","71.77116670",NULL,"16.62",NULL,NULL,NULL,NULL,False,NULL,NULL,"0.00","2026-03-06 09:03:22.502995+00"
"114213",8558,"2026-03-06 02:49:18.173+00","40.32143670","71.77121670",NULL,"16.37",NULL,NULL,NULL,NULL,False,NULL,NULL,"49.12","2026-03-06 09:03:20.513314+00"
"114210",8558,"2026-03-06 02:49:15.174+00","40.32099500","71.77122000",NULL,"16.26",NULL,NULL,NULL,NULL,False,NULL,NULL,"49.53","2026-03-06 09:03:20.513312+00"
"114211",8558,"2026-03-06 02:49:15.174+00","40.32099500","71.77122000",NULL,"16.26",NULL,NULL,NULL,NULL,False,NULL,NULL,"0.00","2026-03-06 09:03:20.513313+00"
"114212",8558,"2026-03-06 02:49:15.174+00","40.32099500","71.77122000",NULL,"16.26",NULL,NULL,NULL,NULL,False,NULL,NULL,"0.00","2026-03-06 09:03:20.513314+00"
"114209",8558,"2026-03-06 02:49:12.173+00","40.32055000","71.77124670",NULL,"16.88",NULL,NULL,NULL,NULL,False,NULL,NULL,"50.50","2026-03-06 09:03:20.513312+00"
"114205",8558,"2026-03-06 02:49:09.172+00","40.32009830","71.77130830",NULL,"17.33",NULL,NULL,NULL,NULL,False,NULL,NULL,"52.71","2026-03-06 09:03:20.513311+00"
"114206",8558,"2026-03-06 02:49:09.172+00","40.32009830","71.77130830",NULL,"17.33",NULL,NULL,NULL,NULL,False,NULL,NULL,"0.00","2026-03-06 09:03:20.513311+00"
"114207",8558,"2026-03-06 02:49:09.172+00","40.32009830","71.77130830",NULL,"17.33",NULL,NULL,NULL,NULL,False,NULL,NULL,"0.00","2026-03-06 09:03:20.513311+00"
"114208",8558,"2026-03-06 02:49:09.172+00","40.32009830","71.77130830",NULL,"17.33",NULL,NULL,NULL,NULL,False,NULL,NULL,"0.00","2026-03-06 09:03:20.513312+00"
"114204",8558,"2026-03-06 02:49:06.173+00","40.31962500","71.77134330",NULL,"17.51",NULL,NULL,NULL,NULL,False,NULL,NULL,"52.92","2026-03-06 09:03:20.513311+00"
"114201",8558,"2026-03-06 02:49:03.173+00","40.31915170","71.77140830",NULL,"17.77",NULL,NULL,NULL,NULL,False,NULL,NULL,"53.15","2026-03-06 09:03:20.51331+00"
"114202",8558,"2026-03-06 02:49:03.173+00","40.31915170","71.77140830",NULL,"17.77",NULL,NULL,NULL,NULL,False,NULL,NULL,"0.00","2026-03-06 09:03:20.51331+00"
"114203",8558,"2026-03-06 02:49:03.173+00","40.31915170","71.77140830",NULL,"17.77",NULL,NULL,NULL,NULL,False,NULL,NULL,"0.00","2026-03-06 09:03:20.51331+00"
"114200",8558,"2026-03-06 02:49:00.172+00","40.31867500","71.77145500",NULL,"17.60",NULL,NULL,NULL,NULL,False,NULL,NULL,"54.79","2026-03-06 09:03:20.51331+00"
"114197",8558,"2026-03-06 02:48:57.171+00","40.31818330","71.77149670",NULL,"18.29",NULL,NULL,NULL,NULL,False,NULL,NULL,"54.50","2026-03-06 09:03:20.513309+00"
"114198",8558,"2026-03-06 02:48:57.171+00","40.31818330","71.77149670",NULL,"18.29",NULL,NULL,NULL,NULL,False,NULL,NULL,"0.00","2026-03-06 09:03:20.513309+00"
"114199",8558,"2026-03-06 02:48:57.171+00","40.31818330","71.77149670",NULL,"18.29",NULL,NULL,NULL,NULL,False,NULL,NULL,"0.00","2026-03-06 09:03:20.513309+00"
"114196",8558,"2026-03-06 02:48:54.173+00","40.31769500","71.77155170",NULL,"18.16",NULL,NULL,NULL,NULL,False,NULL,NULL,"54.31","2026-03-06 09:03:20.513308+00"
"114193",8558,"2026-03-06 02:48:51.175+00","40.31720830","71.77160500",NULL,"17.86",NULL,NULL,NULL,NULL,False,NULL,NULL,"53.36","2026-03-06 09:03:20.513308+00"
"114194",8558,"2026-03-06 02:48:51.175+00","40.31720830","71.77160500",NULL,"17.86",NULL,NULL,NULL,NULL,False,NULL,NULL,"0.00","2026-03-06 09:03:20.513308+00"
"114195",8558,"2026-03-06 02:48:51.175+00","40.31720830","71.77160500",NULL,"17.86",NULL,NULL,NULL,NULL,False,NULL,NULL,"0.00","2026-03-06 09:03:20.513308+00"
"114192",8558,"2026-03-06 02:48:48.174+00","40.31673000","71.77165670",NULL,"17.73",NULL,NULL,NULL,NULL,False,NULL,NULL,"52.59","2026-03-06 09:03:20.513306+00"
"114189",8558,"2026-03-06 02:48:45.172+00","40.31625830","71.77170170",NULL,"17.54",NULL,NULL,NULL,NULL,False,NULL,NULL,"52.22","2026-03-06 09:03:20.513306+00"
"114190",8558,"2026-03-06 02:48:45.172+00","40.31625830","71.77170170",NULL,"17.54",NULL,NULL,NULL,NULL,False,NULL,NULL,"0.00","2026-03-06 09:03:20.513306+00"
"114191",8558,"2026-03-06 02:48:45.172+00","40.31625830","71.77170170",NULL,"17.54",NULL,NULL,NULL,NULL,False,NULL,NULL,"0.00","2026-03-06 09:03:20.513306+00"
"114188",8558,"2026-03-06 02:48:42.173+00","40.31579000","71.77174830",NULL,"17.68",NULL,NULL,NULL,NULL,False,NULL,NULL,"52.85","2026-03-06 09:03:20.513305+00"
"114185",8558,"2026-03-06 02:48:39.173+00","40.31531670","71.77180500",NULL,"18.03",NULL,NULL,NULL,NULL,False,NULL,NULL,"54.65","2026-03-06 09:03:20.513305+00"
"114186",8558,"2026-03-06 02:48:39.173+00","40.31531670","71.77180500",NULL,"18.03",NULL,NULL,NULL,NULL,False,NULL,NULL,"0.00","2026-03-06 09:03:20.513305+00"
"114187",8558,"2026-03-06 02:48:39.173+00","40.31531670","71.77180500",NULL,"18.03",NULL,NULL,NULL,NULL,False,NULL,NULL,"0.00","2026-03-06 09:03:20.513305+00"
"114184",8558,"2026-03-06 02:48:36.174+00","40.31482670","71.77185500",NULL,"18.26",NULL,NULL,NULL,NULL,False,NULL,NULL,"55.13","2026-03-06 09:03:20.513304+00"
"114181",8558,"2026-03-06 02:48:33.171+00","40.31433330","71.77191830",NULL,"18.25",NULL,NULL,NULL,NULL,False,NULL,NULL,"54.55","2026-03-06 09:03:20.513303+00"
"114182",8558,"2026-03-06 02:48:33.171+00","40.31433330","71.77191830",NULL,"18.25",NULL,NULL,NULL,NULL,False,NULL,NULL,"0.00","2026-03-06 09:03:20.513304+00"
"114183",8558,"2026-03-06 02:48:33.171+00","40.31433330","71.77191830",NULL,"18.25",NULL,NULL,NULL,NULL,False,NULL,NULL,"0.00","2026-03-06 09:03:20.513304+00"
"114180",8558,"2026-03-06 02:48:30.173+00","40.31384500","71.77198000",NULL,"17.81",NULL,NULL,NULL,NULL,False,NULL,NULL,"53.14","2026-03-06 09:03:20.513303+00"
"114176",8558,"2026-03-06 02:48:27.173+00","40.31336830","71.77202500",NULL,"17.59",NULL,NULL,NULL,NULL,False,NULL,NULL,"52.61","2026-03-06 09:03:20.513302+00"
"114177",8558,"2026-03-06 02:48:27.173+00","40.31336830","71.77202500",NULL,"17.59",NULL,NULL,NULL,NULL,False,NULL,NULL,"0.00","2026-03-06 09:03:20.513302+00"
"114178",8558,"2026-03-06 02:48:27.173+00","40.31336830","71.77202500",NULL,"17.59",NULL,NULL,NULL,NULL,False,NULL,NULL,"0.00","2026-03-06 09:03:20.513303+00"
"114179",8558,"2026-03-06 02:48:27.173+00","40.31336830","71.77202500",NULL,"17.59",NULL,NULL,NULL,NULL,False,NULL,NULL,"0.00","2026-03-06 09:03:20.513303+00"
"114173",8558,"2026-03-06 02:48:24.175+00","40.31289670","71.77207500",NULL,"17.41",NULL,NULL,NULL,NULL,False,NULL,NULL,"50.57","2026-03-06 09:03:20.513298+00"
"114174",8558,"2026-03-06 02:48:24.175+00","40.31289670","71.77207500",NULL,"17.41",NULL,NULL,NULL,NULL,False,NULL,NULL,"0.00","2026-03-06 09:03:20.513298+00"
"114175",8558,"2026-03-06 02:48:24.175+00","40.31289670","71.77207500",NULL,"17.41",NULL,NULL,NULL,NULL,False,NULL,NULL,"0.00","2026-03-06 09:03:20.513302+00"
"114172",8558,"2026-03-06 02:48:21.173+00","40.31244330","71.77212170",NULL,"16.65",NULL,NULL,NULL,NULL,False,NULL,NULL,"48.87","2026-03-06 09:03:20.513297+00"
"114169",8558,"2026-03-06 02:48:18.173+00","40.31200500","71.77216500",NULL,"15.84",NULL,NULL,NULL,NULL,False,NULL,NULL,"46.48","2026-03-06 09:03:20.513295+00"
"114170",8558,"2026-03-06 02:48:18.173+00","40.31200500","71.77216500",NULL,"15.84",NULL,NULL,NULL,NULL,False,NULL,NULL,"0.00","2026-03-06 09:03:20.513296+00"
"114171",8558,"2026-03-06 02:48:18.173+00","40.31200500","71.77216500",NULL,"15.84",NULL,NULL,NULL,NULL,False,NULL,NULL,"0.00","2026-03-06 09:03:20.513297+00"
"114168",8558,"2026-03-06 02:48:15.173+00","40.31158830","71.77220830",NULL,"15.23",NULL,NULL,NULL,NULL,False,NULL,NULL,"45.94","2026-03-06 09:03:20.513295+00"
"114166",8558,"2026-03-06 02:48:12.173+00","40.31117670","71.77225500",NULL,"14.97",NULL,NULL,NULL,NULL,False,NULL,NULL,"0.00","2026-03-06 09:03:20.513293+00"
"114167",8558,"2026-03-06 02:48:12.173+00","40.31117670","71.77225500",NULL,"14.97",NULL,NULL,NULL,NULL,False,NULL,NULL,"0.00","2026-03-06 09:03:20.513294+00"
"114165",8558,"2026-03-06 02:48:12.173+00","40.31117670","71.77225500",NULL,"14.97",NULL,NULL,NULL,NULL,False,NULL,NULL,"45.75","2026-03-06 09:03:18.796579+00"
"114164",8558,"2026-03-06 02:48:09.172+00","40.31076670","71.77230000",NULL,"14.95",NULL,NULL,NULL,NULL,False,NULL,NULL,"45.11","2026-03-06 09:03:18.796579+00"
"114161",8558,"2026-03-06 02:48:06.172+00","40.31036170","71.77233000",NULL,"15.04",NULL,NULL,NULL,NULL,False,NULL,NULL,"43.92","2026-03-06 09:03:18.796577+00"
"114162",8558,"2026-03-06 02:48:06.172+00","40.31036170","71.77233000",NULL,"15.04",NULL,NULL,NULL,NULL,False,NULL,NULL,"0.00","2026-03-06 09:03:18.796579+00"
"114163",8558,"2026-03-06 02:48:06.172+00","40.31036170","71.77233000",NULL,"15.04",NULL,NULL,NULL,NULL,False,NULL,NULL,"0.00","2026-03-06 09:03:18.796579+00"
"114160",8558,"2026-03-06 02:48:03.174+00","40.30996830","71.77237670",NULL,"14.69",NULL,NULL,NULL,NULL,False,NULL,NULL,"43.28","2026-03-06 09:03:18.796577+00"
"114157",8558,"2026-03-06 02:48:00.172+00","40.30958000","71.77241170",NULL,"14.20",NULL,NULL,NULL,NULL,False,NULL,NULL,"43.12","2026-03-06 09:03:18.796577+00"
"114158",8558,"2026-03-06 02:48:00.172+00","40.30958000","71.77241170",NULL,"14.20",NULL,NULL,NULL,NULL,False,NULL,NULL,"0.00","2026-03-06 09:03:18.796577+00"
"114159",8558,"2026-03-06 02:48:00.172+00","40.30958000","71.77241170",NULL,"14.20",NULL,NULL,NULL,NULL,False,NULL,NULL,"0.00","2026-03-06 09:03:18.796577+00"
"114156",8558,"2026-03-06 02:47:57.173+00","40.30919330","71.77245000",NULL,"14.43",NULL,NULL,NULL,NULL,False,NULL,NULL,"45.86","2026-03-06 09:03:18.796576+00"
"114152",8558,"2026-03-06 02:47:54.172+00","40.30878170","71.77248500",NULL,"16.82",NULL,NULL,NULL,NULL,False,NULL,NULL,"55.45","2026-03-06 09:03:18.796575+00"
"114153",8558,"2026-03-06 02:47:54.172+00","40.30878170","71.77248500",NULL,"16.82",NULL,NULL,NULL,NULL,False,NULL,NULL,"0.00","2026-03-06 09:03:18.796576+00"
"114154",8558,"2026-03-06 02:47:54.172+00","40.30878170","71.77248500",NULL,"16.82",NULL,NULL,NULL,NULL,False,NULL,NULL,"0.00","2026-03-06 09:03:18.796576+00"
"114155",8558,"2026-03-06 02:47:54.172+00","40.30878170","71.77248500",NULL,"16.82",NULL,NULL,NULL,NULL,False,NULL,NULL,"0.00","2026-03-06 09:03:18.796576+00"
"114151",8558,"2026-03-06 02:47:51.173+00","40.30828500","71.77254330",NULL,"20.01",NULL,NULL,NULL,NULL,False,NULL,NULL,"62.10","2026-03-06 09:03:18.796575+00"
"114148",8558,"2026-03-06 02:47:48.173+00","40.30772830","71.77260170",NULL,"20.96",NULL,NULL,NULL,NULL,False,NULL,NULL,"62.82","2026-03-06 09:03:18.796574+00"
"114149",8558,"2026-03-06 02:47:48.173+00","40.30772830","71.77260170",NULL,"20.96",NULL,NULL,NULL,NULL,False,NULL,NULL,"0.00","2026-03-06 09:03:18.796575+00"
"114150",8558,"2026-03-06 02:47:48.173+00","40.30772830","71.77260170",NULL,"20.96",NULL,NULL,NULL,NULL,False,NULL,NULL,"0.00","2026-03-06 09:03:18.796575+00"
"114147",8558,"2026-03-06 02:47:45.174+00","40.30716500","71.77265830",NULL,"20.61",NULL,NULL,NULL,NULL,False,NULL,NULL,"61.86","2026-03-06 09:03:18.796574+00"
"114144",8558,"2026-03-06 02:47:42.175+00","40.30661000","71.77270830",NULL,"20.68",NULL,NULL,NULL,NULL,False,NULL,NULL,"62.31","2026-03-06 09:03:18.796573+00"
"114145",8558,"2026-03-06 02:47:42.175+00","40.30661000","71.77270830",NULL,"20.68",NULL,NULL,NULL,NULL,False,NULL,NULL,"0.00","2026-03-06 09:03:18.796574+00"
"114146",8558,"2026-03-06 02:47:42.175+00","40.30661000","71.77270830",NULL,"20.68",NULL,NULL,NULL,NULL,False,NULL,NULL,"0.00","2026-03-06 09:03:18.796574+00"
"114143",8558,"2026-03-06 02:47:39.173+00","40.30605170","71.77277170",NULL,"20.71",NULL,NULL,NULL,NULL,False,NULL,NULL,"62.51","2026-03-06 09:03:18.796572+00"
"114140",8558,"2026-03-06 02:47:36.174+00","40.30549170","71.77283670",NULL,"21.14",NULL,NULL,NULL,NULL,False,NULL,NULL,"64.00","2026-03-06 09:03:18.796572+00"
"114141",8558,"2026-03-06 02:47:36.174+00","40.30549170","71.77283670",NULL,"21.14",NULL,NULL,NULL,NULL,False,NULL,NULL,"0.00","2026-03-06 09:03:18.796572+00"
"114142",8558,"2026-03-06 02:47:36.174+00","40.30549170","71.77283670",NULL,"21.14",NULL,NULL,NULL,NULL,False,NULL,NULL,"0.00","2026-03-06 09:03:18.796572+00"
"114139",8558,"2026-03-06 02:47:33.171+00","40.30491830","71.77290170",NULL,"21.15",NULL,NULL,NULL,NULL,False,NULL,NULL,"64.66","2026-03-06 09:03:18.796572+00"
"114136",8558,"2026-03-06 02:47:30.174+00","40.30434000","71.77298170",NULL,"21.41",NULL,NULL,NULL,NULL,False,NULL,NULL,"65.36","2026-03-06 09:03:18.796571+00"
"114137",8558,"2026-03-06 02:47:30.174+00","40.30434000","71.77298170",NULL,"21.41",NULL,NULL,NULL,NULL,False,NULL,NULL,"0.00","2026-03-06 09:03:18.796571+00"
"114138",8558,"2026-03-06 02:47:30.174+00","40.30434000","71.77298170",NULL,"21.41",NULL,NULL,NULL,NULL,False,NULL,NULL,"0.00","2026-03-06 09:03:18.796571+00"
"114135",8558,"2026-03-06 02:47:27.173+00","40.30375330","71.77302830",NULL,"21.72",NULL,NULL,NULL,NULL,False,NULL,NULL,"67.01","2026-03-06 09:03:18.796571+00"
"114132",8558,"2026-03-06 02:47:24.174+00","40.30315170","71.77307500",NULL,"22.24",NULL,NULL,NULL,NULL,False,NULL,NULL,"66.72","2026-03-06 09:03:18.79657+00"
"114133",8558,"2026-03-06 02:47:24.174+00","40.30315170","71.77307500",NULL,"22.24",NULL,NULL,NULL,NULL,False,NULL,NULL,"0.00","2026-03-06 09:03:18.79657+00"
"114134",8558,"2026-03-06 02:47:24.174+00","40.30315170","71.77307500",NULL,"22.24",NULL,NULL,NULL,NULL,False,NULL,NULL,"0.00","2026-03-06 09:03:18.79657+00"
"114131",8558,"2026-03-06 02:47:21.172+00","40.30255330","71.77313330",NULL,"21.60",NULL,NULL,NULL,NULL,False,NULL,NULL,"65.24","2026-03-06 09:03:18.79657+00"
"114128",8558,"2026-03-06 02:47:18.174+00","40.30196830","71.77319170",NULL,"21.14",NULL,NULL,NULL,NULL,False,NULL,NULL,"62.44","2026-03-06 09:03:18.796569+00"
"114129",8558,"2026-03-06 02:47:18.174+00","40.30196830","71.77319170",NULL,"21.14",NULL,NULL,NULL,NULL,False,NULL,NULL,"0.00","2026-03-06 09:03:18.796569+00"
"114130",8558,"2026-03-06 02:47:18.174+00","40.30196830","71.77319170",NULL,"21.14",NULL,NULL,NULL,NULL,False,NULL,NULL,"0.00","2026-03-06 09:03:18.796569+00"
"114127",8558,"2026-03-06 02:47:15.174+00","40.30140830","71.77324670",NULL,"20.21",NULL,NULL,NULL,NULL,False,NULL,NULL,"61.26","2026-03-06 09:03:18.796568+00"
"114124",8558,"2026-03-06 02:47:12.176+00","40.30086000","71.77331670",NULL,"20.41",NULL,NULL,NULL,NULL,False,NULL,NULL,"61.62","2026-03-06 09:03:18.796565+00"
"114125",8558,"2026-03-06 02:47:12.176+00","40.30086000","71.77331670",NULL,"20.41",NULL,NULL,NULL,NULL,False,NULL,NULL,"0.00","2026-03-06 09:03:18.796565+00"
"114126",8558,"2026-03-06 02:47:12.176+00","40.30086000","71.77331670",NULL,"20.41",NULL,NULL,NULL,NULL,False,NULL,NULL,"0.00","2026-03-06 09:03:18.796568+00"
"114123",8558,"2026-03-06 02:47:09.173+00","40.30030830","71.77338500",NULL,"20.39",NULL,NULL,NULL,NULL,False,NULL,NULL,"60.11","2026-03-06 09:03:18.796564+00"
"114120",8558,"2026-03-06 02:47:06.174+00","40.29977000","71.77345000",NULL,"19.96",NULL,NULL,NULL,NULL,False,NULL,NULL,"59.92","2026-03-06 09:03:18.796564+00"
"114121",8558,"2026-03-06 02:47:06.174+00","40.29977000","71.77345000",NULL,"19.96",NULL,NULL,NULL,NULL,False,NULL,NULL,"0.00","2026-03-06 09:03:18.796564+00"
"114122",8558,"2026-03-06 02:47:06.174+00","40.29977000","71.77345000",NULL,"19.96",NULL,NULL,NULL,NULL,False,NULL,NULL,"0.00","2026-03-06 09:03:18.796564+00"
"114119",8558,"2026-03-06 02:47:03.174+00","40.29923330","71.77351330",NULL,"20.15",NULL,NULL,NULL,NULL,False,NULL,NULL,"60.57","2026-03-06 09:03:18.796563+00"
"114116",8558,"2026-03-06 02:47:00.175+00","40.29869000","71.77356500",NULL,"20.38",NULL,NULL,NULL,NULL,False,NULL,NULL,"61.37","2026-03-06 09:03:18.796562+00"
"114117",8558,"2026-03-06 02:47:00.175+00","40.29869000","71.77356500",NULL,"20.38",NULL,NULL,NULL,NULL,False,NULL,NULL,"0.00","2026-03-06 09:03:18.796562+00"
"114118",8558,"2026-03-06 02:47:00.175+00","40.29869000","71.77356500",NULL,"20.38",NULL,NULL,NULL,NULL,False,NULL,NULL,"0.00","2026-03-06 09:03:18.796563+00"
"114065",8558,"2026-03-06 02:46:57.174+00","40.29813830","71.77358330",NULL,"20.40",NULL,NULL,NULL,NULL,False,NULL,NULL,"60.60","2026-03-06 09:03:09.197992+00"
"114115",8558,"2026-03-06 02:46:57.174+00","40.29813830","71.77358330",NULL,"20.40",NULL,NULL,NULL,NULL,False,NULL,NULL,"60.60","2026-03-06 09:03:17.316523+00"
"114112",8558,"2026-03-06 02:46:54.175+00","40.29759330","71.77357670",NULL,"20.27",NULL,NULL,NULL,NULL,False,NULL,NULL,"61.05","2026-03-06 09:03:17.316522+00"
"114113",8558,"2026-03-06 02:46:54.175+00","40.29759330","71.77357670",NULL,"20.27",NULL,NULL,NULL,NULL,False,NULL,NULL,"0.00","2026-03-06 09:03:17.316522+00"
"114062",8558,"2026-03-06 02:46:54.175+00","40.29759330","71.77357670",NULL,"20.27",NULL,NULL,NULL,NULL,False,NULL,NULL,"61.05","2026-03-06 09:03:09.197991+00"
"114063",8558,"2026-03-06 02:46:54.175+00","40.29759330","71.77357670",NULL,"20.27",NULL,NULL,NULL,NULL,False,NULL,NULL,"0.00","2026-03-06 09:03:09.197991+00"
"114064",8558,"2026-03-06 02:46:54.175+00","40.29759330","71.77357670",NULL,"20.27",NULL,NULL,NULL,NULL,False,NULL,NULL,"0.00","2026-03-06 09:03:09.197992+00"
"114114",8558,"2026-03-06 02:46:54.175+00","40.29759330","71.77357670",NULL,"20.27",NULL,NULL,NULL,NULL,False,NULL,NULL,"0.00","2026-03-06 09:03:17.316523+00"
"114111",8558,"2026-03-06 02:46:51.172+00","40.29705830","71.77341500",NULL,"20.02",NULL,NULL,NULL,NULL,False,NULL,NULL,"59.92","2026-03-06 09:03:17.316522+00"
"114061",8558,"2026-03-06 02:46:51.172+00","40.29705830","71.77341500",NULL,"20.02",NULL,NULL,NULL,NULL,False,NULL,NULL,"59.92","2026-03-06 09:03:09.19799+00"
"114108",8558,"2026-03-06 02:46:48.175+00","40.29654830","71.77318670",NULL,"19.44",NULL,NULL,NULL,NULL,False,NULL,NULL,"56.77","2026-03-06 09:03:17.316521+00"
"114109",8558,"2026-03-06 02:46:48.175+00","40.29654830","71.77318670",NULL,"19.44",NULL,NULL,NULL,NULL,False,NULL,NULL,"0.00","2026-03-06 09:03:17.316521+00"
"114110",8558,"2026-03-06 02:46:48.175+00","40.29654830","71.77318670",NULL,"19.44",NULL,NULL,NULL,NULL,False,NULL,NULL,"0.00","2026-03-06 09:03:17.316521+00"
"114058",8558,"2026-03-06 02:46:48.175+00","40.29654830","71.77318670",NULL,"19.44",NULL,NULL,NULL,NULL,False,NULL,NULL,"56.77","2026-03-06 09:03:09.19799+00"
"114059",8558,"2026-03-06 02:46:48.175+00","40.29654830","71.77318670",NULL,"19.44",NULL,NULL,NULL,NULL,False,NULL,NULL,"0.00","2026-03-06 09:03:09.19799+00"
"114060",8558,"2026-03-06 02:46:48.175+00","40.29654830","71.77318670",NULL,"19.44",NULL,NULL,NULL,NULL,False,NULL,NULL,"0.00","2026-03-06 09:03:09.19799+00"
"114107",8558,"2026-03-06 02:46:45.174+00","40.29608170","71.77291500",NULL,"18.86",NULL,NULL,NULL,NULL,False,NULL,NULL,"56.04","2026-03-06 09:03:17.31652+00"
"114057",8558,"2026-03-06 02:46:45.174+00","40.29608170","71.77291500",NULL,"18.86",NULL,NULL,NULL,NULL,False,NULL,NULL,"56.04","2026-03-06 09:03:09.19799+00"
"114104",8558,"2026-03-06 02:46:42.174+00","40.29562170","71.77264500",NULL,"18.57",NULL,NULL,NULL,NULL,False,NULL,NULL,"54.85","2026-03-06 09:03:17.31652+00"
"114105",8558,"2026-03-06 02:46:42.174+00","40.29562170","71.77264500",NULL,"18.57",NULL,NULL,NULL,NULL,False,NULL,NULL,"0.00","2026-03-06 09:03:17.31652+00"
"114106",8558,"2026-03-06 02:46:42.174+00","40.29562170","71.77264500",NULL,"18.57",NULL,NULL,NULL,NULL,False,NULL,NULL,"0.00","2026-03-06 09:03:17.31652+00"
"114054",8558,"2026-03-06 02:46:42.174+00","40.29562170","71.77264500",NULL,"18.57",NULL,NULL,NULL,NULL,False,NULL,NULL,"54.85","2026-03-06 09:03:09.197989+00"
"114055",8558,"2026-03-06 02:46:42.174+00","40.29562170","71.77264500",NULL,"18.57",NULL,NULL,NULL,NULL,False,NULL,NULL,"0.00","2026-03-06 09:03:09.197989+00"
"114056",8558,"2026-03-06 02:46:42.174+00","40.29562170","71.77264500",NULL,"18.57",NULL,NULL,NULL,NULL,False,NULL,NULL,"0.00","2026-03-06 09:03:09.197989+00"
"114103",8558,"2026-03-06 02:46:39.173+00","40.29517000","71.77238500",NULL,"18.36",NULL,NULL,NULL,NULL,False,NULL,NULL,"55.78","2026-03-06 09:03:17.316519+00"
"114053",8558,"2026-03-06 02:46:39.173+00","40.29517000","71.77238500",NULL,"18.36",NULL,NULL,NULL,NULL,False,NULL,NULL,"55.78","2026-03-06 09:03:09.197989+00"
"114100",8558,"2026-03-06 02:46:36.175+00","40.29471670","71.77210330",NULL,"18.91",NULL,NULL,NULL,NULL,False,NULL,NULL,"57.46","2026-03-06 09:03:17.316518+00"
"114101",8558,"2026-03-06 02:46:36.175+00","40.29471670","71.77210330",NULL,"18.91",NULL,NULL,NULL,NULL,False,NULL,NULL,"0.00","2026-03-06 09:03:17.316519+00"
"114102",8558,"2026-03-06 02:46:36.175+00","40.29471670","71.77210330",NULL,"18.91",NULL,NULL,NULL,NULL,False,NULL,NULL,"0.00","2026-03-06 09:03:17.316519+00"
"114050",8558,"2026-03-06 02:46:36.175+00","40.29471670","71.77210330",NULL,"18.91",NULL,NULL,NULL,NULL,False,NULL,NULL,"57.46","2026-03-06 09:03:09.197988+00"
"114051",8558,"2026-03-06 02:46:36.175+00","40.29471670","71.77210330",NULL,"18.91",NULL,NULL,NULL,NULL,False,NULL,NULL,"0.00","2026-03-06 09:03:09.197988+00"
"114052",8558,"2026-03-06 02:46:36.175+00","40.29471670","71.77210330",NULL,"18.91",NULL,NULL,NULL,NULL,False,NULL,NULL,"0.00","2026-03-06 09:03:09.197989+00"
"114099",8558,"2026-03-06 02:46:33.172+00","40.29429500","71.77171170",NULL,"19.49",NULL,NULL,NULL,NULL,False,NULL,NULL,"59.83","2026-03-06 09:03:17.316518+00"
"114049",8558,"2026-03-06 02:46:33.172+00","40.29429500","71.77171170",NULL,"19.49",NULL,NULL,NULL,NULL,False,NULL,NULL,"59.83","2026-03-06 09:03:09.197988+00"
"114096",8558,"2026-03-06 02:46:30.174+00","40.29391670","71.77121000",NULL,"20.09",NULL,NULL,NULL,NULL,False,NULL,NULL,"60.56","2026-03-06 09:03:17.316516+00"
"114097",8558,"2026-03-06 02:46:30.174+00","40.29391670","71.77121000",NULL,"20.09",NULL,NULL,NULL,NULL,False,NULL,NULL,"0.00","2026-03-06 09:03:17.316516+00"
"114098",8558,"2026-03-06 02:46:30.174+00","40.29391670","71.77121000",NULL,"20.09",NULL,NULL,NULL,NULL,False,NULL,NULL,"0.00","2026-03-06 09:03:17.316516+00"
"114046",8558,"2026-03-06 02:46:30.174+00","40.29391670","71.77121000",NULL,"20.09",NULL,NULL,NULL,NULL,False,NULL,NULL,"60.56","2026-03-06 09:03:09.197987+00"
"114047",8558,"2026-03-06 02:46:30.174+00","40.29391670","71.77121000",NULL,"20.09",NULL,NULL,NULL,NULL,False,NULL,NULL,"0.00","2026-03-06 09:03:09.197988+00"
"114048",8558,"2026-03-06 02:46:30.174+00","40.29391670","71.77121000",NULL,"20.09",NULL,NULL,NULL,NULL,False,NULL,NULL,"0.00","2026-03-06 09:03:09.197988+00"
"114095",8558,"2026-03-06 02:46:27.174+00","40.29356330","71.77066670",NULL,"20.64",NULL,NULL,NULL,NULL,False,NULL,NULL,"62.57","2026-03-06 09:03:17.316515+00"
"114045",8558,"2026-03-06 02:46:27.174+00","40.29356330","71.77066670",NULL,"20.64",NULL,NULL,NULL,NULL,False,NULL,NULL,"62.57","2026-03-06 09:03:09.197986+00"
"114092",8558,"2026-03-06 02:46:24.175+00","40.29320000","71.77010330",NULL,"20.53",NULL,NULL,NULL,NULL,False,NULL,NULL,"62.48","2026-03-06 09:03:17.316514+00"
"114093",8558,"2026-03-06 02:46:24.175+00","40.29320000","71.77010330",NULL,"20.53",NULL,NULL,NULL,NULL,False,NULL,NULL,"0.00","2026-03-06 09:03:17.316515+00"
"114094",8558,"2026-03-06 02:46:24.175+00","40.29320000","71.77010330",NULL,"20.53",NULL,NULL,NULL,NULL,False,NULL,NULL,"0.00","2026-03-06 09:03:17.316515+00"
"114042",8558,"2026-03-06 02:46:24.175+00","40.29320000","71.77010330",NULL,"20.53",NULL,NULL,NULL,NULL,False,NULL,NULL,"62.48","2026-03-06 09:03:09.197986+00"
"114043",8558,"2026-03-06 02:46:24.175+00","40.29320000","71.77010330",NULL,"20.53",NULL,NULL,NULL,NULL,False,NULL,NULL,"0.00","2026-03-06 09:03:09.197986+00"
"114044",8558,"2026-03-06 02:46:24.175+00","40.29320000","71.77010330",NULL,"20.53",NULL,NULL,NULL,NULL,False,NULL,NULL,"0.00","2026-03-06 09:03:09.197986+00"
"114091",8558,"2026-03-06 02:46:21.172+00","40.29281500","71.76956670",NULL,"20.97",NULL,NULL,NULL,NULL,False,NULL,NULL,"62.71","2026-03-06 09:03:17.316514+00"
"114041",8558,"2026-03-06 02:46:21.172+00","40.29281500","71.76956670",NULL,"20.97",NULL,NULL,NULL,NULL,False,NULL,NULL,"62.71","2026-03-06 09:03:09.197985+00"
"114088",8558,"2026-03-06 02:46:18.175+00","40.29239500","71.76907330",NULL,"21.01",NULL,NULL,NULL,NULL,False,NULL,NULL,"63.10","2026-03-06 09:03:17.316513+00"
"114089",8558,"2026-03-06 02:46:18.175+00","40.29239500","71.76907330",NULL,"21.01",NULL,NULL,NULL,NULL,False,NULL,NULL,"0.00","2026-03-06 09:03:17.316513+00"
"114090",8558,"2026-03-06 02:46:18.175+00","40.29239500","71.76907330",NULL,"21.01",NULL,NULL,NULL,NULL,False,NULL,NULL,"0.00","2026-03-06 09:03:17.316514+00"
"114038",8558,"2026-03-06 02:46:18.175+00","40.29239500","71.76907330",NULL,"21.01",NULL,NULL,NULL,NULL,False,NULL,NULL,"63.10","2026-03-06 09:03:09.197985+00"
"114039",8558,"2026-03-06 02:46:18.175+00","40.29239500","71.76907330",NULL,"21.01",NULL,NULL,NULL,NULL,False,NULL,NULL,"0.00","2026-03-06 09:03:09.197985+00"
"114040",8558,"2026-03-06 02:46:18.175+00","40.29239500","71.76907330",NULL,"21.01",NULL,NULL,NULL,NULL,False,NULL,NULL,"0.00","2026-03-06 09:03:09.197985+00"
"114087",8558,"2026-03-06 02:46:15.172+00","40.29193830","71.76863170",NULL,"20.86",NULL,NULL,NULL,NULL,False,NULL,NULL,"63.06","2026-03-06 09:03:17.316513+00"
"114037",8558,"2026-03-06 02:46:15.172+00","40.29193830","71.76863170",NULL,"20.86",NULL,NULL,NULL,NULL,False,NULL,NULL,"63.06","2026-03-06 09:03:09.197984+00"
"114084",8558,"2026-03-06 02:46:12.175+00","40.29144500","71.76826500",NULL,"21.06",NULL,NULL,NULL,NULL,False,NULL,NULL,"63.88","2026-03-06 09:03:17.316512+00"
"114085",8558,"2026-03-06 02:46:12.175+00","40.29144500","71.76826500",NULL,"21.06",NULL,NULL,NULL,NULL,False,NULL,NULL,"0.00","2026-03-06 09:03:17.316512+00"
"114086",8558,"2026-03-06 02:46:12.175+00","40.29144500","71.76826500",NULL,"21.06",NULL,NULL,NULL,NULL,False,NULL,NULL,"0.00","2026-03-06 09:03:17.316512+00"
"114034",8558,"2026-03-06 02:46:12.175+00","40.29144500","71.76826500",NULL,"21.06",NULL,NULL,NULL,NULL,False,NULL,NULL,"63.88","2026-03-06 09:03:09.197984+00"
"114035",8558,"2026-03-06 02:46:12.175+00","40.29144500","71.76826500",NULL,"21.06",NULL,NULL,NULL,NULL,False,NULL,NULL,"0.00","2026-03-06 09:03:09.197984+00"
"114036",8558,"2026-03-06 02:46:12.175+00","40.29144500","71.76826500",NULL,"21.06",NULL,NULL,NULL,NULL,False,NULL,NULL,"0.00","2026-03-06 09:03:09.197984+00"
"114083",8558,"2026-03-06 02:46:09.171+00","40.29095670","71.76786830",NULL,"21.51",NULL,NULL,NULL,NULL,False,NULL,NULL,"65.28","2026-03-06 09:03:17.316512+00"
"114033",8558,"2026-03-06 02:46:09.171+00","40.29095670","71.76786830",NULL,"21.51",NULL,NULL,NULL,NULL,False,NULL,NULL,"65.28","2026-03-06 09:03:09.197984+00"
"114080",8558,"2026-03-06 02:46:06.172+00","40.29044830","71.76748330",NULL,"21.57",NULL,NULL,NULL,NULL,False,NULL,NULL,"65.03","2026-03-06 09:03:17.316509+00"
"114081",8558,"2026-03-06 02:46:06.172+00","40.29044830","71.76748330",NULL,"21.57",NULL,NULL,NULL,NULL,False,NULL,NULL,"0.00","2026-03-06 09:03:17.316509+00"
"114082",8558,"2026-03-06 02:46:06.172+00","40.29044830","71.76748330",NULL,"21.57",NULL,NULL,NULL,NULL,False,NULL,NULL,"0.00","2026-03-06 09:03:17.316511+00"
"114030",8558,"2026-03-06 02:46:06.172+00","40.29044830","71.76748330",NULL,"21.57",NULL,NULL,NULL,NULL,False,NULL,NULL,"65.03","2026-03-06 09:03:09.197983+00"
"114031",8558,"2026-03-06 02:46:06.172+00","40.29044830","71.76748330",NULL,"21.57",NULL,NULL,NULL,NULL,False,NULL,NULL,"0.00","2026-03-06 09:03:09.197983+00"
"114032",8558,"2026-03-06 02:46:06.172+00","40.29044830","71.76748330",NULL,"21.57",NULL,NULL,NULL,NULL,False,NULL,NULL,"0.00","2026-03-06 09:03:09.197983+00"
"114079",8558,"2026-03-06 02:46:03.173+00","40.28994330","71.76709670",NULL,"22.00",NULL,NULL,NULL,NULL,False,NULL,NULL,"65.72","2026-03-06 09:03:17.316509+00"
"114029",8558,"2026-03-06 02:46:03.173+00","40.28994330","71.76709670",NULL,"22.00",NULL,NULL,NULL,NULL,False,NULL,NULL,"65.72","2026-03-06 09:03:09.197983+00"
"114026",8558,"2026-03-06 02:46:00.174+00","40.28943330","71.76670500",NULL,"21.96",NULL,NULL,NULL,NULL,False,NULL,NULL,"65.85","2026-03-06 09:03:09.19798+00"
"114076",8558,"2026-03-06 02:46:00.174+00","40.28943330","71.76670500",NULL,"21.96",NULL,NULL,NULL,NULL,False,NULL,NULL,"65.85","2026-03-06 09:03:17.316508+00"
"114077",8558,"2026-03-06 02:46:00.174+00","40.28943330","71.76670500",NULL,"21.96",NULL,NULL,NULL,NULL,False,NULL,NULL,"0.00","2026-03-06 09:03:17.316508+00"
"114078",8558,"2026-03-06 02:46:00.174+00","40.28943330","71.76670500",NULL,"21.96",NULL,NULL,NULL,NULL,False,NULL,NULL,"0.00","2026-03-06 09:03:17.316508+00"
"114027",8558,"2026-03-06 02:46:00.174+00","40.28943330","71.76670500",NULL,"21.96",NULL,NULL,NULL,NULL,False,NULL,NULL,"0.00","2026-03-06 09:03:09.19798+00"
"114028",8558,"2026-03-06 02:46:00.174+00","40.28943330","71.76670500",NULL,"21.96",NULL,NULL,NULL,NULL,False,NULL,NULL,"0.00","2026-03-06 09:03:09.197982+00"
"114025",8558,"2026-03-06 02:45:57.171+00","40.28892500","71.76630670",NULL,"22.18",NULL,NULL,NULL,NULL,False,NULL,NULL,"66.66","2026-03-06 09:03:09.197979+00"
"114075",8558,"2026-03-06 02:45:57.171+00","40.28892500","71.76630670",NULL,"22.18",NULL,NULL,NULL,NULL,False,NULL,NULL,"66.66","2026-03-06 09:03:17.316507+00"
"114022",8558,"2026-03-06 02:45:54.174+00","40.28840830","71.76590830",NULL,"22.05",NULL,NULL,NULL,NULL,False,NULL,NULL,"65.45","2026-03-06 09:03:09.197979+00"
"114023",8558,"2026-03-06 02:45:54.174+00","40.28840830","71.76590830",NULL,"22.05",NULL,NULL,NULL,NULL,False,NULL,NULL,"0.00","2026-03-06 09:03:09.197979+00"
"114024",8558,"2026-03-06 02:45:54.174+00","40.28840830","71.76590830",NULL,"22.05",NULL,NULL,NULL,NULL,False,NULL,NULL,"0.00","2026-03-06 09:03:09.197979+00"
"114072",8558,"2026-03-06 02:45:54.174+00","40.28840830","71.76590830",NULL,"22.05",NULL,NULL,NULL,NULL,False,NULL,NULL,"65.45","2026-03-06 09:03:17.316506+00"
"114073",8558,"2026-03-06 02:45:54.174+00","40.28840830","71.76590830",NULL,"22.05",NULL,NULL,NULL,NULL,False,NULL,NULL,"0.00","2026-03-06 09:03:17.316507+00"
"114074",8558,"2026-03-06 02:45:54.174+00","40.28840830","71.76590830",NULL,"22.05",NULL,NULL,NULL,NULL,False,NULL,NULL,"0.00","2026-03-06 09:03:17.316507+00"
"114021",8558,"2026-03-06 02:45:51.173+00","40.28790500","71.76550830",NULL,"21.82",NULL,NULL,NULL,NULL,False,NULL,NULL,"65.12","2026-03-06 09:03:09.197978+00"
"114071",8558,"2026-03-06 02:45:51.173+00","40.28790500","71.76550830",NULL,"21.82",NULL,NULL,NULL,NULL,False,NULL,NULL,"65.12","2026-03-06 09:03:17.316506+00"
"114017",8558,"2026-03-06 02:45:48.176+00","40.28739830","71.76512330",NULL,"21.96",NULL,NULL,NULL,NULL,False,NULL,NULL,"66.23","2026-03-06 09:03:09.197977+00"
"114018",8558,"2026-03-06 02:45:48.176+00","40.28739830","71.76512330",NULL,"21.96",NULL,NULL,NULL,NULL,False,NULL,NULL,"0.00","2026-03-06 09:03:09.197978+00"
"114019",8558,"2026-03-06 02:45:48.176+00","40.28739830","71.76512330",NULL,"21.96",NULL,NULL,NULL,NULL,False,NULL,NULL,"0.00","2026-03-06 09:03:09.197978+00"
"114020",8558,"2026-03-06 02:45:48.176+00","40.28739830","71.76512330",NULL,"21.96",NULL,NULL,NULL,NULL,False,NULL,NULL,"0.00","2026-03-06 09:03:09.197978+00"
"114067",8558,"2026-03-06 02:45:48.176+00","40.28739830","71.76512330",NULL,"21.96",NULL,NULL,NULL,NULL,False,NULL,NULL,"66.23","2026-03-06 09:03:17.316504+00"
"114068",8558,"2026-03-06 02:45:48.176+00","40.28739830","71.76512330",NULL,"21.96",NULL,NULL,NULL,NULL,False,NULL,NULL,"0.00","2026-03-06 09:03:17.316505+00"
"114069",8558,"2026-03-06 02:45:48.176+00","40.28739830","71.76512330",NULL,"21.96",NULL,NULL,NULL,NULL,False,NULL,NULL,"0.00","2026-03-06 09:03:17.316505+00"
"114070",8558,"2026-03-06 02:45:48.176+00","40.28739830","71.76512330",NULL,"21.96",NULL,NULL,NULL,NULL,False,NULL,NULL,"0.00","2026-03-06 09:03:17.316505+00"
"114016",8558,"2026-03-06 02:45:45.173+00","40.28688830","71.76472000",NULL,"22.58",NULL,NULL,NULL,NULL,False,NULL,NULL,"0.00","2026-03-06 09:03:09.197976+00"
"114013",8558,"2026-03-06 02:45:45.173+00","40.28688830","71.76472000",NULL,"22.58",NULL,NULL,NULL,NULL,False,NULL,NULL,"66.08","2026-03-06 09:03:07.514816+00"
"114014",8558,"2026-03-06 02:45:45.173+00","40.28688830","71.76472000",NULL,"22.58",NULL,NULL,NULL,NULL,False,NULL,NULL,"0.00","2026-03-06 09:03:07.514816+00"
"114015",8558,"2026-03-06 02:45:45.173+00","40.28688830","71.76472000",NULL,"22.58",NULL,NULL,NULL,NULL,False,NULL,NULL,"0.00","2026-03-06 09:03:07.514816+00"
"114066",8558,"2026-03-06 02:45:45.173+00","40.28688830","71.76472000",NULL,"22.58",NULL,NULL,NULL,NULL,False,NULL,NULL,"1459.44","2026-03-06 09:03:17.316503+00"
"114012",8558,"2026-03-06 02:45:42.174+00","40.28637170","71.76433500",NULL,"21.85",NULL,NULL,NULL,NULL,False,NULL,NULL,"67.33","2026-03-06 09:03:07.514815+00"
"114008",8558,"2026-03-06 02:45:39.173+00","40.28583330","71.76397170",NULL,"22.23",NULL,NULL,NULL,NULL,False,NULL,NULL,"67.85","2026-03-06 09:03:07.514814+00"
"114009",8558,"2026-03-06 02:45:39.173+00","40.28583330","71.76397170",NULL,"22.23",NULL,NULL,NULL,NULL,False,NULL,NULL,"0.00","2026-03-06 09:03:07.514814+00"
"114010",8558,"2026-03-06 02:45:39.173+00","40.28583330","71.76397170",NULL,"22.23",NULL,NULL,NULL,NULL,False,NULL,NULL,"0.00","2026-03-06 09:03:07.514815+00"
"114011",8558,"2026-03-06 02:45:39.173+00","40.28583330","71.76397170",NULL,"22.23",NULL,NULL,NULL,NULL,False,NULL,NULL,"0.00","2026-03-06 09:03:07.514815+00"
"114004",8558,"2026-03-06 02:45:36.172+00","40.28529170","71.76360330",NULL,"22.55",NULL,NULL,NULL,NULL,False,NULL,NULL,"67.42","2026-03-06 09:03:07.514812+00"
"114005",8558,"2026-03-06 02:45:36.172+00","40.28529170","71.76360330",NULL,"22.55",NULL,NULL,NULL,NULL,False,NULL,NULL,"0.00","2026-03-06 09:03:07.514812+00"
"114006",8558,"2026-03-06 02:45:36.172+00","40.28529170","71.76360330",NULL,"22.55",NULL,NULL,NULL,NULL,False,NULL,NULL,"0.00","2026-03-06 09:03:07.514812+00"
"114007",8558,"2026-03-06 02:45:36.172+00","40.28529170","71.76360330",NULL,"22.55",NULL,NULL,NULL,NULL,False,NULL,NULL,"0.00","2026-03-06 09:03:07.514813+00"
"114003",8558,"2026-03-06 02:45:33.173+00","40.28474670","71.76325500",NULL,"22.38",NULL,NULL,NULL,NULL,False,NULL,NULL,"67.65","2026-03-06 09:03:07.514812+00"
"114000",8558,"2026-03-06 02:45:30.176+00","40.28419170","71.76292830",NULL,"22.42",NULL,NULL,NULL,NULL,False,NULL,NULL,"67.10","2026-03-06 09:03:07.514811+00"
"114001",8558,"2026-03-06 02:45:30.176+00","40.28419170","71.76292830",NULL,"22.42",NULL,NULL,NULL,NULL,False,NULL,NULL,"0.00","2026-03-06 09:03:07.514811+00"
"114002",8558,"2026-03-06 02:45:30.176+00","40.28419170","71.76292830",NULL,"22.42",NULL,NULL,NULL,NULL,False,NULL,NULL,"0.00","2026-03-06 09:03:07.514811+00"
"113999",8558,"2026-03-06 02:45:27.173+00","40.28364500","71.76259330",NULL,"21.89",NULL,NULL,NULL,NULL,False,NULL,NULL,"66.14","2026-03-06 09:03:07.51481+00"
"113996",8558,"2026-03-06 02:45:24.174+00","40.28310670","71.76226170",NULL,"21.58",NULL,NULL,NULL,NULL,False,NULL,NULL,"65.43","2026-03-06 09:03:07.514809+00"
"113997",8558,"2026-03-06 02:45:24.174+00","40.28310670","71.76226170",NULL,"21.58",NULL,NULL,NULL,NULL,False,NULL,NULL,"0.00","2026-03-06 09:03:07.514809+00"
"113998",8558,"2026-03-06 02:45:24.174+00","40.28310670","71.76226170",NULL,"21.58",NULL,NULL,NULL,NULL,False,NULL,NULL,"0.00","2026-03-06 09:03:07.51481+00"
"113995",8558,"2026-03-06 02:45:21.173+00","40.28257670","71.76192670",NULL,"21.47",NULL,NULL,NULL,NULL,False,NULL,NULL,"64.60","2026-03-06 09:03:07.514809+00"
"113992",8558,"2026-03-06 02:45:18.175+00","40.28205500","71.76159170",NULL,"21.64",NULL,NULL,NULL,NULL,False,NULL,NULL,"64.27","2026-03-06 09:03:07.514808+00"
"113993",8558,"2026-03-06 02:45:18.175+00","40.28205500","71.76159170",NULL,"21.64",NULL,NULL,NULL,NULL,False,NULL,NULL,"0.00","2026-03-06 09:03:07.514808+00"
"113994",8558,"2026-03-06 02:45:18.175+00","40.28205500","71.76159170",NULL,"21.64",NULL,NULL,NULL,NULL,False,NULL,NULL,"0.00","2026-03-06 09:03:07.514809+00"
"113991",8558,"2026-03-06 02:45:15.173+00","40.28153170","71.76127000",NULL,"21.32",NULL,NULL,NULL,NULL,False,NULL,NULL,"63.61","2026-03-06 09:03:07.514808+00"
"113988",8558,"2026-03-06 02:45:12.173+00","40.28101500","71.76094830",NULL,"21.09",NULL,NULL,NULL,NULL,False,NULL,NULL,"62.80","2026-03-06 09:03:07.514806+00"
"113989",8558,"2026-03-06 02:45:12.173+00","40.28101500","71.76094830",NULL,"21.09",NULL,NULL,NULL,NULL,False,NULL,NULL,"0.00","2026-03-06 09:03:07.514806+00"
"113990",8558,"2026-03-06 02:45:12.173+00","40.28101500","71.76094830",NULL,"21.09",NULL,NULL,NULL,NULL,False,NULL,NULL,"0.00","2026-03-06 09:03:07.514807+00"
"113987",8558,"2026-03-06 02:45:09.173+00","40.28051000","71.76061670",NULL,"20.95",NULL,NULL,NULL,NULL,False,NULL,NULL,"62.54","2026-03-06 09:03:07.514805+00"
"113984",8558,"2026-03-06 02:45:06.173+00","40.28000330","71.76029670",NULL,"20.94",NULL,NULL,NULL,NULL,False,NULL,NULL,"63.09","2026-03-06 09:03:07.514804+00"
"113985",8558,"2026-03-06 02:45:06.173+00","40.28000330","71.76029670",NULL,"20.94",NULL,NULL,NULL,NULL,False,NULL,NULL,"0.00","2026-03-06 09:03:07.514805+00"
"113986",8558,"2026-03-06 02:45:06.173+00","40.28000330","71.76029670",NULL,"20.94",NULL,NULL,NULL,NULL,False,NULL,NULL,"0.00","2026-03-06 09:03:07.514805+00"
"113983",8558,"2026-03-06 02:45:03.174+00","40.27949170","71.75997500",NULL,"20.37",NULL,NULL,NULL,NULL,False,NULL,NULL,"61.83","2026-03-06 09:03:07.514804+00"
"113980",8558,"2026-03-06 02:45:00.177+00","40.27899330","71.75965170",NULL,"21.14",NULL,NULL,NULL,NULL,False,NULL,NULL,"63.44","2026-03-06 09:03:07.514803+00"
"113981",8558,"2026-03-06 02:45:00.177+00","40.27899330","71.75965170",NULL,"21.14",NULL,NULL,NULL,NULL,False,NULL,NULL,"0.00","2026-03-06 09:03:07.514803+00"
"113982",8558,"2026-03-06 02:45:00.177+00","40.27899330","71.75965170",NULL,"21.14",NULL,NULL,NULL,NULL,False,NULL,NULL,"0.00","2026-03-06 09:03:07.514803+00"
"113979",8558,"2026-03-06 02:44:57.175+00","40.27847830","71.75933000",NULL,"20.98",NULL,NULL,NULL,NULL,False,NULL,NULL,"64.34","2026-03-06 09:03:07.514802+00"
"113976",8558,"2026-03-06 02:44:54.176+00","40.27796500","71.75898000",NULL,"20.75",NULL,NULL,NULL,NULL,False,NULL,NULL,"64.89","2026-03-06 09:03:07.514801+00"
"113977",8558,"2026-03-06 02:44:54.176+00","40.27796500","71.75898000",NULL,"20.75",NULL,NULL,NULL,NULL,False,NULL,NULL,"0.00","2026-03-06 09:03:07.514802+00"
"113978",8558,"2026-03-06 02:44:54.176+00","40.27796500","71.75898000",NULL,"20.75",NULL,NULL,NULL,NULL,False,NULL,NULL,"0.00","2026-03-06 09:03:07.514802+00"
"113975",8558,"2026-03-06 02:44:51.174+00","40.27743500","71.75866000",NULL,"20.84",NULL,NULL,NULL,NULL,False,NULL,NULL,"62.89","2026-03-06 09:03:07.514801+00"
"113972",8558,"2026-03-06 02:44:48.175+00","40.27690830","71.75839000",NULL,"21.29",NULL,NULL,NULL,NULL,False,NULL,NULL,"64.10","2026-03-06 09:03:07.5148+00"
"113973",8558,"2026-03-06 02:44:48.175+00","40.27690830","71.75839000",NULL,"21.29",NULL,NULL,NULL,NULL,False,NULL,NULL,"0.00","2026-03-06 09:03:07.5148+00"
"113974",8558,"2026-03-06 02:44:48.175+00","40.27690830","71.75839000",NULL,"21.29",NULL,NULL,NULL,NULL,False,NULL,NULL,"0.00","2026-03-06 09:03:07.514801+00"
"113971",8558,"2026-03-06 02:44:45.174+00","40.27635170","71.75819330",NULL,"21.26",NULL,NULL,NULL,NULL,False,NULL,NULL,"64.80","2026-03-06 09:03:07.514796+00"
"113968",8558,"2026-03-06 02:44:42.175+00","40.27578330","71.75802500",NULL,"20.92",NULL,NULL,NULL,NULL,False,NULL,NULL,"62.91","2026-03-06 09:03:07.514795+00"
"113969",8558,"2026-03-06 02:44:42.175+00","40.27578330","71.75802500",NULL,"20.92",NULL,NULL,NULL,NULL,False,NULL,NULL,"0.00","2026-03-06 09:03:07.514795+00"
"113970",8558,"2026-03-06 02:44:42.175+00","40.27578330","71.75802500",NULL,"20.92",NULL,NULL,NULL,NULL,False,NULL,NULL,"0.00","2026-03-06 09:03:07.514796+00"
"113967",8558,"2026-03-06 02:44:39.174+00","40.27523170","71.75786000",NULL,"20.88",NULL,NULL,NULL,NULL,False,NULL,NULL,"62.36","2026-03-06 09:03:07.514794+00"
"113966",8558,"2026-03-06 02:44:36.175+00","40.27468670","71.75768670",NULL,"20.70",NULL,NULL,NULL,NULL,False,NULL,NULL,"0.00","2026-03-06 09:03:07.514793+00"
"113964",8558,"2026-03-06 02:44:36.175+00","40.27468670","71.75768670",NULL,"20.70",NULL,NULL,NULL,NULL,False,NULL,NULL,"62.10","2026-03-06 09:03:06.301421+00"
"113965",8558,"2026-03-06 02:44:36.175+00","40.27468670","71.75768670",NULL,"20.70",NULL,NULL,NULL,NULL,False,NULL,NULL,"0.00","2026-03-06 09:03:06.301421+00"
"113963",8558,"2026-03-06 02:44:33.172+00","40.27414170","71.75752670",NULL,"21.05",NULL,NULL,NULL,NULL,False,NULL,NULL,"62.99","2026-03-06 09:03:06.30142+00"
"113960",8558,"2026-03-06 02:44:30.174+00","40.27358830","71.75736830",NULL,"20.88",NULL,NULL,NULL,NULL,False,NULL,NULL,"63.27","2026-03-06 09:03:06.30142+00"
"113961",8558,"2026-03-06 02:44:30.174+00","40.27358830","71.75736830",NULL,"20.88",NULL,NULL,NULL,NULL,False,NULL,NULL,"0.00","2026-03-06 09:03:06.30142+00"
"113962",8558,"2026-03-06 02:44:30.174+00","40.27358830","71.75736830",NULL,"20.88",NULL,NULL,NULL,NULL,False,NULL,NULL,"0.00","2026-03-06 09:03:06.30142+00"
"113959",8558,"2026-03-06 02:44:27.172+00","40.27303170","71.75721330",NULL,"20.77",NULL,NULL,NULL,NULL,False,NULL,NULL,"61.75","2026-03-06 09:03:06.30142+00"
"113956",8558,"2026-03-06 02:44:24.173+00","40.27249170","71.75704330",NULL,"19.94",NULL,NULL,NULL,NULL,False,NULL,NULL,"59.45","2026-03-06 09:03:06.301419+00"
"113957",8558,"2026-03-06 02:44:24.173+00","40.27249170","71.75704330",NULL,"19.94",NULL,NULL,NULL,NULL,False,NULL,NULL,"0.00","2026-03-06 09:03:06.301419+00"
"113958",8558,"2026-03-06 02:44:24.173+00","40.27249170","71.75704330",NULL,"19.94",NULL,NULL,NULL,NULL,False,NULL,NULL,"0.00","2026-03-06 09:03:06.301419+00"
"113955",8558,"2026-03-06 02:44:21.173+00","40.27197000","71.75689000",NULL,"19.89",NULL,NULL,NULL,NULL,False,NULL,NULL,"59.15","2026-03-06 09:03:06.301419+00"
"113951",8558,"2026-03-06 02:44:18.173+00","40.27145170","71.75673330",NULL,"19.28",NULL,NULL,NULL,NULL,False,NULL,NULL,"54.90","2026-03-06 09:03:06.301418+00"
"113952",8558,"2026-03-06 02:44:18.173+00","40.27145170","71.75673330",NULL,"19.28",NULL,NULL,NULL,NULL,False,NULL,NULL,"0.00","2026-03-06 09:03:06.301418+00"
"113953",8558,"2026-03-06 02:44:18.173+00","40.27145170","71.75673330",NULL,"19.28",NULL,NULL,NULL,NULL,False,NULL,NULL,"0.00","2026-03-06 09:03:06.301418+00"
"113954",8558,"2026-03-06 02:44:18.173+00","40.27145170","71.75673330",NULL,"19.28",NULL,NULL,NULL,NULL,False,NULL,NULL,"0.00","2026-03-06 09:03:06.301418+00"
"113948",8558,"2026-03-06 02:44:15.169+00","40.27097170","71.75658170",NULL,"17.35",NULL,NULL,NULL,NULL,False,NULL,NULL,"49.77","2026-03-06 09:03:06.301416+00"
"113949",8558,"2026-03-06 02:44:15.169+00","40.27097170","71.75658170",NULL,"17.35",NULL,NULL,NULL,NULL,False,NULL,NULL,"0.00","2026-03-06 09:03:06.301417+00"
"113950",8558,"2026-03-06 02:44:15.169+00","40.27097170","71.75658170",NULL,"17.35",NULL,NULL,NULL,NULL,False,NULL,NULL,"0.00","2026-03-06 09:03:06.301417+00"
"113947",8558,"2026-03-06 02:44:12.173+00","40.27053670","71.75644330",NULL,"14.24",NULL,NULL,NULL,NULL,False,NULL,NULL,"43.73","2026-03-06 09:03:06.301416+00"
"113944",8558,"2026-03-06 02:44:09.174+00","40.27015330","71.75632830",NULL,"14.20",NULL,NULL,NULL,NULL,False,NULL,NULL,"42.76","2026-03-06 09:03:06.301415+00"
"113945",8558,"2026-03-06 02:44:09.174+00","40.27015330","71.75632830",NULL,"14.20",NULL,NULL,NULL,NULL,False,NULL,NULL,"0.00","2026-03-06 09:03:06.301415+00"
"113946",8558,"2026-03-06 02:44:09.174+00","40.27015330","71.75632830",NULL,"14.20",NULL,NULL,NULL,NULL,False,NULL,NULL,"0.00","2026-03-06 09:03:06.301416+00"
"113943",8558,"2026-03-06 02:44:06.178+00","40.26977830","71.75621670",NULL,"14.47",NULL,NULL,NULL,NULL,False,NULL,NULL,"43.31","2026-03-06 09:03:06.301415+00"
"113940",8558,"2026-03-06 02:44:03.174+00","40.26940000","71.75609500",NULL,"14.69",NULL,NULL,NULL,NULL,False,NULL,NULL,"44.68","2026-03-06 09:03:06.301414+00"
"113941",8558,"2026-03-06 02:44:03.174+00","40.26940000","71.75609500",NULL,"14.69",NULL,NULL,NULL,NULL,False,NULL,NULL,"0.00","2026-03-06 09:03:06.301414+00"
"113942",8558,"2026-03-06 02:44:03.174+00","40.26940000","71.75609500",NULL,"14.69",NULL,NULL,NULL,NULL,False,NULL,NULL,"0.00","2026-03-06 09:03:06.301415+00"
"113939",8558,"2026-03-06 02:44:00.174+00","40.26901000","71.75596830",NULL,"14.93",NULL,NULL,NULL,NULL,False,NULL,NULL,"46.01","2026-03-06 09:03:06.301414+00"
"113935",8558,"2026-03-06 02:43:57.175+00","40.26860830","71.75583830",NULL,"15.74",NULL,NULL,NULL,NULL,False,NULL,NULL,"50.15","2026-03-06 09:03:06.301413+00"
"113936",8558,"2026-03-06 02:43:57.175+00","40.26860830","71.75583830",NULL,"15.74",NULL,NULL,NULL,NULL,False,NULL,NULL,"0.00","2026-03-06 09:03:06.301413+00"
"113937",8558,"2026-03-06 02:43:57.175+00","40.26860830","71.75583830",NULL,"15.74",NULL,NULL,NULL,NULL,False,NULL,NULL,"0.00","2026-03-06 09:03:06.301413+00"
"113938",8558,"2026-03-06 02:43:57.175+00","40.26860830","71.75583830",NULL,"15.74",NULL,NULL,NULL,NULL,False,NULL,NULL,"0.00","2026-03-06 09:03:06.301414+00"
"113934",8558,"2026-03-06 02:43:54.173+00","40.26816830","71.75570830",NULL,"18.17",NULL,NULL,NULL,NULL,False,NULL,NULL,"59.66","2026-03-06 09:03:06.301413+00"
"113931",8558,"2026-03-06 02:43:51.173+00","40.26764330","71.75556330",NULL,"21.04",NULL,NULL,NULL,NULL,False,NULL,NULL,"63.45","2026-03-06 09:03:06.301412+00"
"113932",8558,"2026-03-06 02:43:51.173+00","40.26764330","71.75556330",NULL,"21.04",NULL,NULL,NULL,NULL,False,NULL,NULL,"0.00","2026-03-06 09:03:06.301412+00"
"113933",8558,"2026-03-06 02:43:51.173+00","40.26764330","71.75556330",NULL,"21.04",NULL,NULL,NULL,NULL,False,NULL,NULL,"0.00","2026-03-06 09:03:06.301412+00"
"113930",8558,"2026-03-06 02:43:48.173+00","40.26708670","71.75539830",NULL,"20.64",NULL,NULL,NULL,NULL,False,NULL,NULL,"61.78","2026-03-06 09:03:06.301411+00"
"113926",8558,"2026-03-06 02:43:45.173+00","40.26654170","71.75525670",NULL,"18.75",NULL,NULL,NULL,NULL,False,NULL,NULL,"53.98","2026-03-06 09:03:06.30141+00"
"113927",8558,"2026-03-06 02:43:45.173+00","40.26654170","71.75525670",NULL,"18.75",NULL,NULL,NULL,NULL,False,NULL,NULL,"0.00","2026-03-06 09:03:06.30141+00"
"113928",8558,"2026-03-06 02:43:45.173+00","40.26654170","71.75525670",NULL,"18.75",NULL,NULL,NULL,NULL,False,NULL,NULL,"0.00","2026-03-06 09:03:06.30141+00"
"113929",8558,"2026-03-06 02:43:45.173+00","40.26654170","71.75525670",NULL,"18.75",NULL,NULL,NULL,NULL,False,NULL,NULL,"0.00","2026-03-06 09:03:06.30141+00"
"113925",8558,"2026-03-06 02:43:42.175+00","40.26606500","71.75513670",NULL,"16.79",NULL,NULL,NULL,NULL,False,NULL,NULL,"48.47","2026-03-06 09:03:06.301409+00"
"113921",8558,"2026-03-06 02:43:39.173+00","40.26564000","71.75501000",NULL,"15.11",NULL,NULL,NULL,NULL,False,NULL,NULL,"41.65","2026-03-06 09:03:06.301408+00"
"113922",8558,"2026-03-06 02:43:39.173+00","40.26564000","71.75501000",NULL,"15.11",NULL,NULL,NULL,NULL,False,NULL,NULL,"0.00","2026-03-06 09:03:06.301409+00"
"113923",8558,"2026-03-06 02:43:39.173+00","40.26564000","71.75501000",NULL,"15.11",NULL,NULL,NULL,NULL,False,NULL,NULL,"0.00","2026-03-06 09:03:06.301409+00"
"113924",8558,"2026-03-06 02:43:39.173+00","40.26564000","71.75501000",NULL,"15.11",NULL,NULL,NULL,NULL,False,NULL,NULL,"0.00","2026-03-06 09:03:06.301409+00"
"113920",8558,"2026-03-06 02:43:36.176+00","40.26527500","71.75490000",NULL,"11.94",NULL,NULL,NULL,NULL,False,NULL,NULL,"32.41","2026-03-06 09:03:06.301408+00"
"113918",8558,"2026-03-06 02:43:33.173+00","40.26499000","71.75482000",NULL,"9.73",NULL,NULL,NULL,NULL,False,NULL,NULL,"24.75","2026-03-06 09:03:06.301407+00"
"113919",8558,"2026-03-06 02:43:33.173+00","40.26499000","71.75482000",NULL,"9.73",NULL,NULL,NULL,NULL,False,NULL,NULL,"0.00","2026-03-06 09:03:06.301407+00"
"113915",8558,"2026-03-06 02:43:30.175+00","40.26477330","71.75475330",NULL,"6.41",NULL,NULL,NULL,NULL,False,NULL,NULL,"44.82","2026-03-06 09:03:05.244796+00"
"113916",8558,"2026-03-06 02:43:30.175+00","40.26477330","71.75475330",NULL,"6.41",NULL,NULL,NULL,NULL,False,NULL,NULL,"0.00","2026-03-06 09:03:06.301406+00"
"113917",8558,"2026-03-06 02:43:30.175+00","40.26477330","71.75475330",NULL,"6.41",NULL,NULL,NULL,NULL,False,NULL,NULL,"0.00","2026-03-06 09:03:06.301406+00"
"113914",8558,"2026-03-06 02:42:59.175+00","40.26438170","71.75462830",NULL,"13.36",NULL,NULL,NULL,NULL,False,NULL,NULL,"43.84","2026-03-06 09:03:05.244795+00"
"113911",8558,"2026-03-06 02:42:56.173+00","40.26399670","71.75451670",NULL,"14.78",NULL,NULL,NULL,NULL,False,NULL,NULL,"44.91","2026-03-06 09:03:05.244793+00"
"113912",8558,"2026-03-06 02:42:56.173+00","40.26399670","71.75451670",NULL,"14.78",NULL,NULL,NULL,NULL,False,NULL,NULL,"0.00","2026-03-06 09:03:05.244795+00"
"113913",8558,"2026-03-06 02:42:56.173+00","40.26399670","71.75451670",NULL,"14.78",NULL,NULL,NULL,NULL,False,NULL,NULL,"0.00","2026-03-06 09:03:05.244795+00"
"113910",8558,"2026-03-06 02:42:53.174+00","40.26360330","71.75439670",NULL,"14.60",NULL,NULL,NULL,NULL,False,NULL,NULL,"40.77","2026-03-06 09:03:05.244793+00"
"113906",8558,"2026-03-06 02:42:50.175+00","40.26324830","71.75427670",NULL,"12.58",NULL,NULL,NULL,NULL,False,NULL,NULL,"33.38","2026-03-06 09:03:05.244792+00"
"113907",8558,"2026-03-06 02:42:50.175+00","40.26324830","71.75427670",NULL,"12.58",NULL,NULL,NULL,NULL,False,NULL,NULL,"0.00","2026-03-06 09:03:05.244792+00"
"113908",8558,"2026-03-06 02:42:50.175+00","40.26324830","71.75427670",NULL,"12.58",NULL,NULL,NULL,NULL,False,NULL,NULL,"0.00","2026-03-06 09:03:05.244792+00"
"113909",8558,"2026-03-06 02:42:50.175+00","40.26324830","71.75427670",NULL,"12.58",NULL,NULL,NULL,NULL,False,NULL,NULL,"0.00","2026-03-06 09:03:05.244792+00"
"113905",8558,"2026-03-06 02:42:47.174+00","40.26295670","71.75418330",NULL,"10.02",NULL,NULL,NULL,NULL,False,NULL,NULL,"39.69","2026-03-06 09:03:05.244791+00"
"113901",8558,"2026-03-06 02:42:42.175+00","40.26260670","71.75409170",NULL,"7.97",NULL,NULL,NULL,NULL,False,NULL,NULL,"45.21","2026-03-06 09:03:05.24479+00"
"113902",8558,"2026-03-06 02:42:42.175+00","40.26260670","71.75409170",NULL,"7.97",NULL,NULL,NULL,NULL,False,NULL,NULL,"0.00","2026-03-06 09:03:05.24479+00"
"113903",8558,"2026-03-06 02:42:42.175+00","40.26260670","71.75409170",NULL,"7.97",NULL,NULL,NULL,NULL,False,NULL,NULL,"0.00","2026-03-06 09:03:05.244791+00"
"113904",8558,"2026-03-06 02:42:42.175+00","40.26260670","71.75409170",NULL,"7.97",NULL,NULL,NULL,NULL,False,NULL,NULL,"0.00","2026-03-06 09:03:05.244791+00"
"113897",8558,"2026-03-06 02:42:38.175+00","40.26221000","71.75397500",NULL,"15.23",NULL,NULL,NULL,NULL,False,NULL,NULL,"64.40","2026-03-06 09:03:05.244788+00"
"113898",8558,"2026-03-06 02:42:38.175+00","40.26221000","71.75397500",NULL,"15.23",NULL,NULL,NULL,NULL,False,NULL,NULL,"0.00","2026-03-06 09:03:05.244789+00"
"113899",8558,"2026-03-06 02:42:38.175+00","40.26221000","71.75397500",NULL,"15.23",NULL,NULL,NULL,NULL,False,NULL,NULL,"0.00","2026-03-06 09:03:05.244789+00"
"113900",8558,"2026-03-06 02:42:38.175+00","40.26221000","71.75397500",NULL,"15.23",NULL,NULL,NULL,NULL,False,NULL,NULL,"0.00","2026-03-06 09:03:05.24479+00"
"113896",8558,"2026-03-06 02:42:34.171+00","40.26164500","71.75380830",NULL,"17.59",NULL,NULL,NULL,NULL,False,NULL,NULL,"52.76","2026-03-06 09:03:05.244788+00"
"113893",8558,"2026-03-06 02:42:31.173+00","40.26118330","71.75366500",NULL,"18.20",NULL,NULL,NULL,NULL,False,NULL,NULL,"54.28","2026-03-06 09:03:05.244786+00"
"113894",8558,"2026-03-06 02:42:31.173+00","40.26118330","71.75366500",NULL,"18.20",NULL,NULL,NULL,NULL,False,NULL,NULL,"0.00","2026-03-06 09:03:05.244787+00"
"113895",8558,"2026-03-06 02:42:31.173+00","40.26118330","71.75366500",NULL,"18.20",NULL,NULL,NULL,NULL,False,NULL,NULL,"0.00","2026-03-06 09:03:05.244788+00"
"113892",8558,"2026-03-06 02:42:28.172+00","40.26070670","71.75352670",NULL,"19.35",NULL,NULL,NULL,NULL,False,NULL,NULL,"57.76","2026-03-06 09:03:05.244786+00"
"113889",8558,"2026-03-06 02:42:25.175+00","40.26020000","71.75337670",NULL,"19.77",NULL,NULL,NULL,NULL,False,NULL,NULL,"60.12","2026-03-06 09:03:05.244785+00"
"113890",8558,"2026-03-06 02:42:25.175+00","40.26020000","71.75337670",NULL,"19.77",NULL,NULL,NULL,NULL,False,NULL,NULL,"0.00","2026-03-06 09:03:05.244785+00"
"113891",8558,"2026-03-06 02:42:25.175+00","40.26020000","71.75337670",NULL,"19.77",NULL,NULL,NULL,NULL,False,NULL,NULL,"0.00","2026-03-06 09:03:05.244785+00"
"113888",8558,"2026-03-06 02:42:22.173+00","40.25967330","71.75321670",NULL,"20.29",NULL,NULL,NULL,NULL,False,NULL,NULL,"61.35","2026-03-06 09:03:05.244784+00"
"113885",8558,"2026-03-06 02:42:19.174+00","40.25913670","71.75304830",NULL,"20.63",NULL,NULL,NULL,NULL,False,NULL,NULL,"62.32","2026-03-06 09:03:05.244783+00"
"113886",8558,"2026-03-06 02:42:19.174+00","40.25913670","71.75304830",NULL,"20.63",NULL,NULL,NULL,NULL,False,NULL,NULL,"0.00","2026-03-06 09:03:05.244784+00"
"113887",8558,"2026-03-06 02:42:19.174+00","40.25913670","71.75304830",NULL,"20.63",NULL,NULL,NULL,NULL,False,NULL,NULL,"0.00","2026-03-06 09:03:05.244784+00"
"113884",8558,"2026-03-06 02:42:16.168+00","40.25858830","71.75289670",NULL,"20.77",NULL,NULL,NULL,NULL,False,NULL,NULL,"62.49","2026-03-06 09:03:05.244783+00"
"113881",8558,"2026-03-06 02:42:13.173+00","40.25804000","71.75273500",NULL,"20.94",NULL,NULL,NULL,NULL,False,NULL,NULL,"62.86","2026-03-06 09:03:05.244782+00"
"113882",8558,"2026-03-06 02:42:13.173+00","40.25804000","71.75273500",NULL,"20.94",NULL,NULL,NULL,NULL,False,NULL,NULL,"0.00","2026-03-06 09:03:05.244782+00"
"113883",8558,"2026-03-06 02:42:13.173+00","40.25804000","71.75273500",NULL,"20.94",NULL,NULL,NULL,NULL,False,NULL,NULL,"0.00","2026-03-06 09:03:05.244782+00"
"113880",8558,"2026-03-06 02:42:10.173+00","40.25748830","71.75257330",NULL,"21.04",NULL,NULL,NULL,NULL,False,NULL,NULL,"63.01","2026-03-06 09:03:05.244781+00"
"113877",8558,"2026-03-06 02:42:07.173+00","40.25693670","71.75240330",NULL,"20.86",NULL,NULL,NULL,NULL,False,NULL,NULL,"63.65","2026-03-06 09:03:05.24478+00"
"113878",8558,"2026-03-06 02:42:07.173+00","40.25693670","71.75240330",NULL,"20.86",NULL,NULL,NULL,NULL,False,NULL,NULL,"0.00","2026-03-06 09:03:05.24478+00"
"113879",8558,"2026-03-06 02:42:07.173+00","40.25693670","71.75240330",NULL,"20.86",NULL,NULL,NULL,NULL,False,NULL,NULL,"0.00","2026-03-06 09:03:05.244781+00"
"113876",8558,"2026-03-06 02:42:04.172+00","40.25637830","71.75223830",NULL,"21.54",NULL,NULL,NULL,NULL,False,NULL,NULL,"64.62","2026-03-06 09:03:05.24478+00"
"113873",8558,"2026-03-06 02:42:01.173+00","40.25580830","71.75209000",NULL,"21.51",NULL,NULL,NULL,NULL,False,NULL,NULL,"64.72","2026-03-06 09:03:05.244774+00"
"113874",8558,"2026-03-06 02:42:01.173+00","40.25580830","71.75209000",NULL,"21.51",NULL,NULL,NULL,NULL,False,NULL,NULL,"0.00","2026-03-06 09:03:05.244775+00"
"113875",8558,"2026-03-06 02:42:01.173+00","40.25580830","71.75209000",NULL,"21.51",NULL,NULL,NULL,NULL,False,NULL,NULL,"0.00","2026-03-06 09:03:05.244775+00"
"113872",8558,"2026-03-06 02:41:58.173+00","40.25524000","71.75192500",NULL,"21.62",NULL,NULL,NULL,NULL,False,NULL,NULL,"64.41","2026-03-06 09:03:05.244774+00"
"113869",8558,"2026-03-06 02:41:55.174+00","40.25467000","71.75179000",NULL,"21.39",NULL,NULL,NULL,NULL,False,NULL,NULL,"64.55","2026-03-06 09:03:05.244773+00"
"113870",8558,"2026-03-06 02:41:55.174+00","40.25467000","71.75179000",NULL,"21.39",NULL,NULL,NULL,NULL,False,NULL,NULL,"0.00","2026-03-06 09:03:05.244773+00"
"113871",8558,"2026-03-06 02:41:55.174+00","40.25467000","71.75179000",NULL,"21.39",NULL,NULL,NULL,NULL,False,NULL,NULL,"0.00","2026-03-06 09:03:05.244773+00"
"113868",8558,"2026-03-06 02:41:52.171+00","40.25409330","71.75170330",NULL,"21.31",NULL,NULL,NULL,NULL,False,NULL,NULL,"63.79","2026-03-06 09:03:05.244772+00"
"113866",8558,"2026-03-06 02:41:49.174+00","40.25352170","71.75164000",NULL,"21.45",NULL,NULL,NULL,NULL,False,NULL,NULL,"0.00","2026-03-06 09:03:05.24477+00"
"113867",8558,"2026-03-06 02:41:49.174+00","40.25352170","71.75164000",NULL,"21.45",NULL,NULL,NULL,NULL,False,NULL,NULL,"0.00","2026-03-06 09:03:05.244771+00"
"113865",8558,"2026-03-06 02:41:49.174+00","40.25352170","71.75164000",NULL,"21.45",NULL,NULL,NULL,NULL,False,NULL,NULL,"64.65","2026-03-06 09:03:03.840261+00"
"113864",8558,"2026-03-06 02:41:46.173+00","40.25294170","71.75158670",NULL,"21.04",NULL,NULL,NULL,NULL,False,NULL,NULL,"63.50","2026-03-06 09:03:03.840261+00"
"113861",8558,"2026-03-06 02:41:43.17+00","40.25237670","71.75147830",NULL,"21.10",NULL,NULL,NULL,NULL,False,NULL,NULL,"63.38","2026-03-06 09:03:03.84026+00"
"113862",8558,"2026-03-06 02:41:43.17+00","40.25237670","71.75147830",NULL,"21.10",NULL,NULL,NULL,NULL,False,NULL,NULL,"0.00","2026-03-06 09:03:03.84026+00"
"113863",8558,"2026-03-06 02:41:43.17+00","40.25237670","71.75147830",NULL,"21.10",NULL,NULL,NULL,NULL,False,NULL,NULL,"0.00","2026-03-06 09:03:03.84026+00"
"113860",8558,"2026-03-06 02:41:40.172+00","40.25182170","71.75130830",NULL,"21.41",NULL,NULL,NULL,NULL,False,NULL,NULL,"63.18","2026-03-06 09:03:03.840259+00"
"113857",8558,"2026-03-06 02:41:37.174+00","40.25127000","71.75113000",NULL,"21.58",NULL,NULL,NULL,NULL,False,NULL,NULL,"64.98","2026-03-06 09:03:03.840259+00"
"113858",8558,"2026-03-06 02:41:37.174+00","40.25127000","71.75113000",NULL,"21.58",NULL,NULL,NULL,NULL,False,NULL,NULL,"0.00","2026-03-06 09:03:03.840259+00"
"113859",8558,"2026-03-06 02:41:37.174+00","40.25127000","71.75113000",NULL,"21.58",NULL,NULL,NULL,NULL,False,NULL,NULL,"0.00","2026-03-06 09:03:03.840259+00"
"113856",8558,"2026-03-06 02:41:34.169+00","40.25070170","71.75095170",NULL,"21.59",NULL,NULL,NULL,NULL,False,NULL,NULL,"65.52","2026-03-06 09:03:03.840258+00"
"113853",8558,"2026-03-06 02:41:31.174+00","40.25013000","71.75076500",NULL,"21.57",NULL,NULL,NULL,NULL,False,NULL,NULL,"65.84","2026-03-06 09:03:03.840257+00"
"113854",8558,"2026-03-06 02:41:31.174+00","40.25013000","71.75076500",NULL,"21.57",NULL,NULL,NULL,NULL,False,NULL,NULL,"0.00","2026-03-06 09:03:03.840258+00"
"113855",8558,"2026-03-06 02:41:31.174+00","40.25013000","71.75076500",NULL,"21.57",NULL,NULL,NULL,NULL,False,NULL,NULL,"0.00","2026-03-06 09:03:03.840258+00"
"113852",8558,"2026-03-06 02:41:28.173+00","40.24955500","71.75058000",NULL,"22.01",NULL,NULL,NULL,NULL,False,NULL,NULL,"67.00","2026-03-06 09:03:03.840257+00"
"113849",8558,"2026-03-06 02:41:25.173+00","40.24896830","71.75040000",NULL,"22.25",NULL,NULL,NULL,NULL,False,NULL,NULL,"67.52","2026-03-06 09:03:03.840256+00"
"113850",8558,"2026-03-06 02:41:25.173+00","40.24896830","71.75040000",NULL,"22.25",NULL,NULL,NULL,NULL,False,NULL,NULL,"0.00","2026-03-06 09:03:03.840256+00"
"113851",8558,"2026-03-06 02:41:25.173+00","40.24896830","71.75040000",NULL,"22.25",NULL,NULL,NULL,NULL,False,NULL,NULL,"0.00","2026-03-06 09:03:03.840257+00"
"113848",8558,"2026-03-06 02:41:22.173+00","40.24837830","71.75021170",NULL,"22.34",NULL,NULL,NULL,NULL,False,NULL,NULL,"67.70","2026-03-06 09:03:03.840254+00"
"113845",8558,"2026-03-06 02:41:19.173+00","40.24778670","71.75002330",NULL,"22.22",NULL,NULL,NULL,NULL,False,NULL,NULL,"66.48","2026-03-06 09:03:03.840253+00"
"113846",8558,"2026-03-06 02:41:19.173+00","40.24778670","71.75002330",NULL,"22.22",NULL,NULL,NULL,NULL,False,NULL,NULL,"0.00","2026-03-06 09:03:03.840254+00"
"113847",8558,"2026-03-06 02:41:19.173+00","40.24778670","71.75002330",NULL,"22.22",NULL,NULL,NULL,NULL,False,NULL,NULL,"0.00","2026-03-06 09:03:03.840254+00"
"113844",8558,"2026-03-06 02:41:16.175+00","40.24720670","71.74983330",NULL,"22.00",NULL,NULL,NULL,NULL,False,NULL,NULL,"65.25","2026-03-06 09:03:03.840253+00"
"113841",8558,"2026-03-06 02:41:13.175+00","40.24663500","71.74966000",NULL,"22.01",NULL,NULL,NULL,NULL,False,NULL,NULL,"64.77","2026-03-06 09:03:03.840252+00"
"113842",8558,"2026-03-06 02:41:13.175+00","40.24663500","71.74966000",NULL,"22.01",NULL,NULL,NULL,NULL,False,NULL,NULL,"0.00","2026-03-06 09:03:03.840252+00"
"113843",8558,"2026-03-06 02:41:13.175+00","40.24663500","71.74966000",NULL,"22.01",NULL,NULL,NULL,NULL,False,NULL,NULL,"0.00","2026-03-06 09:03:03.840253+00"
"113840",8558,"2026-03-06 02:41:10.174+00","40.24606830","71.74948330",NULL,"21.89",NULL,NULL,NULL,NULL,False,NULL,NULL,"65.36","2026-03-06 09:03:03.840252+00"
"113837",8558,"2026-03-06 02:41:07.174+00","40.24549500","71.74931330",NULL,"22.19",NULL,NULL,NULL,NULL,False,NULL,NULL,"66.33","2026-03-06 09:03:03.840251+00"
"113838",8558,"2026-03-06 02:41:07.174+00","40.24549500","71.74931330",NULL,"22.19",NULL,NULL,NULL,NULL,False,NULL,NULL,"0.00","2026-03-06 09:03:03.840251+00"
"113839",8558,"2026-03-06 02:41:07.174+00","40.24549500","71.74931330",NULL,"22.19",NULL,NULL,NULL,NULL,False,NULL,NULL,"0.00","2026-03-06 09:03:03.840251+00"
"113836",8558,"2026-03-06 02:41:04.17+00","40.24491670","71.74912170",NULL,"22.02",NULL,NULL,NULL,NULL,False,NULL,NULL,"65.73","2026-03-06 09:03:03.84025+00"
"113833",8558,"2026-03-06 02:41:01.175+00","40.24434330","71.74893330",NULL,"21.83",NULL,NULL,NULL,NULL,False,NULL,NULL,"65.91","2026-03-06 09:03:03.840249+00"
"113834",8558,"2026-03-06 02:41:01.175+00","40.24434330","71.74893330",NULL,"21.83",NULL,NULL,NULL,NULL,False,NULL,NULL,"0.00","2026-03-06 09:03:03.84025+00"
"113835",8558,"2026-03-06 02:41:01.175+00","40.24434330","71.74893330",NULL,"21.83",NULL,NULL,NULL,NULL,False,NULL,NULL,"0.00","2026-03-06 09:03:03.84025+00"
"113832",8558,"2026-03-06 02:40:58.17+00","40.24376670","71.74875330",NULL,"21.56",NULL,NULL,NULL,NULL,False,NULL,NULL,"65.60","2026-03-06 09:03:03.840249+00"
"113829",8558,"2026-03-06 02:40:55.173+00","40.24319330","71.74857170",NULL,"21.60",NULL,NULL,NULL,NULL,False,NULL,NULL,"64.79","2026-03-06 09:03:03.840246+00"
"113830",8558,"2026-03-06 02:40:55.173+00","40.24319330","71.74857170",NULL,"21.60",NULL,NULL,NULL,NULL,False,NULL,NULL,"0.00","2026-03-06 09:03:03.840247+00"
"113831",8558,"2026-03-06 02:40:55.173+00","40.24319330","71.74857170",NULL,"21.60",NULL,NULL,NULL,NULL,False,NULL,NULL,"0.00","2026-03-06 09:03:03.840248+00"
"113828",8558,"2026-03-06 02:40:52.17+00","40.24262830","71.74838500",NULL,"21.80",NULL,NULL,NULL,NULL,False,NULL,NULL,"65.30","2026-03-06 09:03:03.840246+00"
"113825",8558,"2026-03-06 02:40:49.173+00","40.24205830","71.74820000",NULL,"22.13",NULL,NULL,NULL,NULL,False,NULL,NULL,"66.41","2026-03-06 09:03:03.840245+00"
"113826",8558,"2026-03-06 02:40:49.173+00","40.24205830","71.74820000",NULL,"22.13",NULL,NULL,NULL,NULL,False,NULL,NULL,"0.00","2026-03-06 09:03:03.840245+00"
"113827",8558,"2026-03-06 02:40:49.173+00","40.24205830","71.74820000",NULL,"22.13",NULL,NULL,NULL,NULL,False,NULL,NULL,"0.00","2026-03-06 09:03:03.840246+00"
"113824",8558,"2026-03-06 02:40:46.174+00","40.24147830","71.74801330",NULL,"22.16",NULL,NULL,NULL,NULL,False,NULL,NULL,"66.92","2026-03-06 09:03:03.840244+00"
"113821",8558,"2026-03-06 02:40:43.174+00","40.24089330","71.74782830",NULL,"22.22",NULL,NULL,NULL,NULL,False,NULL,NULL,"66.00","2026-03-06 09:03:03.840244+00"
"113822",8558,"2026-03-06 02:40:43.174+00","40.24089330","71.74782830",NULL,"22.22",NULL,NULL,NULL,NULL,False,NULL,NULL,"0.00","2026-03-06 09:03:03.840244+00"
"113823",8558,"2026-03-06 02:40:43.174+00","40.24089330","71.74782830",NULL,"22.22",NULL,NULL,NULL,NULL,False,NULL,NULL,"0.00","2026-03-06 09:03:03.840244+00"
"113820",8558,"2026-03-06 02:40:40.172+00","40.24031500","71.74765330",NULL,"22.21",NULL,NULL,NULL,NULL,False,NULL,NULL,"65.79","2026-03-06 09:03:03.840243+00"
"113817",8558,"2026-03-06 02:40:37.173+00","40.23974170","71.74746170",NULL,"22.21",NULL,NULL,NULL,NULL,False,NULL,NULL,"66.85","2026-03-06 09:03:03.840242+00"
"113818",8558,"2026-03-06 02:40:37.173+00","40.23974170","71.74746170",NULL,"22.21",NULL,NULL,NULL,NULL,False,NULL,NULL,"0.00","2026-03-06 09:03:03.840242+00"
"113819",8558,"2026-03-06 02:40:37.173+00","40.23974170","71.74746170",NULL,"22.21",NULL,NULL,NULL,NULL,False,NULL,NULL,"0.00","2026-03-06 09:03:03.840242+00"
"113816",8558,"2026-03-06 02:40:34.172+00","40.23915830","71.74727170",NULL,"22.04",NULL,NULL,NULL,NULL,False,NULL,NULL,"66.23","2026-03-06 09:03:03.840241+00"
"113813",8558,"2026-03-06 02:40:31.174+00","40.23858000","71.74708500",NULL,"21.99",NULL,NULL,NULL,NULL,False,NULL,NULL,"65.90","2026-03-06 09:03:02.822399+00"
"113814",8558,"2026-03-06 02:40:31.174+00","40.23858000","71.74708500",NULL,"21.99",NULL,NULL,NULL,NULL,False,NULL,NULL,"0.00","2026-03-06 09:03:02.822399+00"
"113815",8558,"2026-03-06 02:40:31.174+00","40.23858000","71.74708500",NULL,"21.99",NULL,NULL,NULL,NULL,False,NULL,NULL,"0.00","2026-03-06 09:03:02.822399+00"
"113812",8558,"2026-03-06 02:40:28.174+00","40.23800170","71.74691500",NULL,"21.75",NULL,NULL,NULL,NULL,False,NULL,NULL,"65.32","2026-03-06 09:03:02.822399+00"
"113809",8558,"2026-03-06 02:40:25.174+00","40.23743000","71.74673830",NULL,"21.49",NULL,NULL,NULL,NULL,False,NULL,NULL,"64.82","2026-03-06 09:03:02.822398+00"
"113810",8558,"2026-03-06 02:40:25.174+00","40.23743000","71.74673830",NULL,"21.49",NULL,NULL,NULL,NULL,False,NULL,NULL,"0.00","2026-03-06 09:03:02.822398+00"
"113811",8558,"2026-03-06 02:40:25.174+00","40.23743000","71.74673830",NULL,"21.49",NULL,NULL,NULL,NULL,False,NULL,NULL,"0.00","2026-03-06 09:03:02.822399+00"
"113808",8558,"2026-03-06 02:40:22.174+00","40.23686170","71.74656830",NULL,"21.17",NULL,NULL,NULL,NULL,False,NULL,NULL,"63.69","2026-03-06 09:03:02.822398+00"
"113805",8558,"2026-03-06 02:40:19.174+00","40.23630500","71.74639170",NULL,"20.70",NULL,NULL,NULL,NULL,False,NULL,NULL,"61.37","2026-03-06 09:03:02.822397+00"
"113806",8558,"2026-03-06 02:40:19.174+00","40.23630500","71.74639170",NULL,"20.70",NULL,NULL,NULL,NULL,False,NULL,NULL,"0.00","2026-03-06 09:03:02.822398+00"
"113807",8558,"2026-03-06 02:40:19.174+00","40.23630500","71.74639170",NULL,"20.70",NULL,NULL,NULL,NULL,False,NULL,NULL,"0.00","2026-03-06 09:03:02.822398+00"
"113804",8558,"2026-03-06 02:40:16.17+00","40.23576830","71.74622330",NULL,"19.73",NULL,NULL,NULL,NULL,False,NULL,NULL,"59.41","2026-03-06 09:03:02.822397+00"
"113801",8558,"2026-03-06 02:40:13.175+00","40.23525000","71.74605330",NULL,"19.49",NULL,NULL,NULL,NULL,False,NULL,NULL,"57.59","2026-03-06 09:03:02.822395+00"
"113802",8558,"2026-03-06 02:40:13.175+00","40.23525000","71.74605330",NULL,"19.49",NULL,NULL,NULL,NULL,False,NULL,NULL,"0.00","2026-03-06 09:03:02.822395+00"
"113803",8558,"2026-03-06 02:40:13.175+00","40.23525000","71.74605330",NULL,"19.49",NULL,NULL,NULL,NULL,False,NULL,NULL,"0.00","2026-03-06 09:03:02.822395+00"
"113800",8558,"2026-03-06 02:40:10.175+00","40.23474830","71.74588500",NULL,"19.41",NULL,NULL,NULL,NULL,False,NULL,NULL,"57.06","2026-03-06 09:03:02.822395+00"
"113796",8558,"2026-03-06 02:40:07.171+00","40.23426170","71.74567170",NULL,"18.28",NULL,NULL,NULL,NULL,False,NULL,NULL,"56.24","2026-03-06 09:03:02.822394+00"
"113797",8558,"2026-03-06 02:40:07.171+00","40.23426170","71.74567170",NULL,"18.28",NULL,NULL,NULL,NULL,False,NULL,NULL,"0.00","2026-03-06 09:03:02.822394+00"
"113798",8558,"2026-03-06 02:40:07.171+00","40.23426170","71.74567170",NULL,"18.28",NULL,NULL,NULL,NULL,False,NULL,NULL,"0.00","2026-03-06 09:03:02.822394+00"
"113799",8558,"2026-03-06 02:40:07.171+00","40.23426170","71.74567170",NULL,"18.28",NULL,NULL,NULL,NULL,False,NULL,NULL,"0.00","2026-03-06 09:03:02.822394+00"
"113793",8558,"2026-03-06 02:40:04.176+00","40.23378830","71.74543830",NULL,"16.96",NULL,NULL,NULL,NULL,False,NULL,NULL,"51.57","2026-03-06 09:03:02.822393+00"
"113794",8558,"2026-03-06 02:40:04.176+00","40.23378830","71.74543830",NULL,"16.96",NULL,NULL,NULL,NULL,False,NULL,NULL,"0.00","2026-03-06 09:03:02.822393+00"
"113795",8558,"2026-03-06 02:40:04.176+00","40.23378830","71.74543830",NULL,"16.96",NULL,NULL,NULL,NULL,False,NULL,NULL,"0.00","2026-03-06 09:03:02.822394+00"
"113792",8558,"2026-03-06 02:40:01.171+00","40.23336500","71.74519000",NULL,"16.42",NULL,NULL,NULL,NULL,False,NULL,NULL,"49.81","2026-03-06 09:03:02.822393+00"
"113789",8558,"2026-03-06 02:39:58.17+00","40.23294670","71.74498000",NULL,"16.12",NULL,NULL,NULL,NULL,False,NULL,NULL,"47.79","2026-03-06 09:03:02.822392+00"
"113790",8558,"2026-03-06 02:39:58.17+00","40.23294670","71.74498000",NULL,"16.12",NULL,NULL,NULL,NULL,False,NULL,NULL,"0.00","2026-03-06 09:03:02.822392+00"
"113791",8558,"2026-03-06 02:39:58.17+00","40.23294670","71.74498000",NULL,"16.12",NULL,NULL,NULL,NULL,False,NULL,NULL,"0.00","2026-03-06 09:03:02.822393+00"
"113788",8558,"2026-03-06 02:39:55.174+00","40.23255000","71.74476330",NULL,"15.13",NULL,NULL,NULL,NULL,False,NULL,NULL,"43.37","2026-03-06 09:03:02.822392+00"
"113785",8558,"2026-03-06 02:39:52.172+00","40.23219500","71.74455170",NULL,"13.25",NULL,NULL,NULL,NULL,False,NULL,NULL,"38.11","2026-03-06 09:03:02.822391+00"
"113786",8558,"2026-03-06 02:39:52.172+00","40.23219500","71.74455170",NULL,"13.25",NULL,NULL,NULL,NULL,False,NULL,NULL,"0.00","2026-03-06 09:03:02.822392+00"
"113787",8558,"2026-03-06 02:39:52.172+00","40.23219500","71.74455170",NULL,"13.25",NULL,NULL,NULL,NULL,False,NULL,NULL,"0.00","2026-03-06 09:03:02.822392+00"
"113784",8558,"2026-03-06 02:39:49.175+00","40.23188330","71.74436500",NULL,"11.07",NULL,NULL,NULL,NULL,False,NULL,NULL,"39.63","2026-03-06 09:03:02.82239+00"
"113780",8558,"2026-03-06 02:39:45.174+00","40.23155500","71.74418330",NULL,"8.08",NULL,NULL,NULL,NULL,False,NULL,NULL,"25.59","2026-03-06 09:03:02.822389+00"
"113781",8558,"2026-03-06 02:39:45.174+00","40.23155500","71.74418330",NULL,"8.08",NULL,NULL,NULL,NULL,False,NULL,NULL,"0.00","2026-03-06 09:03:02.822389+00"
"113782",8558,"2026-03-06 02:39:45.174+00","40.23155500","71.74418330",NULL,"8.08",NULL,NULL,NULL,NULL,False,NULL,NULL,"0.00","2026-03-06 09:03:02.82239+00"
"113783",8558,"2026-03-06 02:39:45.174+00","40.23155500","71.74418330",NULL,"8.08",NULL,NULL,NULL,NULL,False,NULL,NULL,"0.00","2026-03-06 09:03:02.82239+00"
"113779",8558,"2026-03-06 02:39:41.175+00","40.23134330","71.74406500",NULL,"3.96",NULL,NULL,NULL,NULL,False,NULL,NULL,"20.52","2026-03-06 09:03:02.822389+00"
"113775",8558,"2026-03-06 02:39:36.175+00","40.23117830","71.74395670",NULL,"5.79",NULL,NULL,NULL,NULL,False,NULL,NULL,"42.95","2026-03-06 09:03:02.822388+00"
"113776",8558,"2026-03-06 02:39:36.175+00","40.23117830","71.74395670",NULL,"5.79",NULL,NULL,NULL,NULL,False,NULL,NULL,"0.00","2026-03-06 09:03:02.822388+00"
"113777",8558,"2026-03-06 02:39:36.175+00","40.23117830","71.74395670",NULL,"5.79",NULL,NULL,NULL,NULL,False,NULL,NULL,"0.00","2026-03-06 09:03:02.822388+00"
"113778",8558,"2026-03-06 02:39:36.175+00","40.23117830","71.74395670",NULL,"5.79",NULL,NULL,NULL,NULL,False,NULL,NULL,"0.00","2026-03-06 09:03:02.822389+00"
"113772",8558,"2026-03-06 02:39:31.172+00","40.23083170","71.74373330",NULL,"12.63",NULL,NULL,NULL,NULL,False,NULL,NULL,"43.23","2026-03-06 09:03:02.822387+00"
"113773",8558,"2026-03-06 02:39:31.172+00","40.23083170","71.74373330",NULL,"12.63",NULL,NULL,NULL,NULL,False,NULL,NULL,"0.00","2026-03-06 09:03:02.822387+00"
"113774",8558,"2026-03-06 02:39:31.172+00","40.23083170","71.74373330",NULL,"12.63",NULL,NULL,NULL,NULL,False,NULL,NULL,"0.00","2026-03-06 09:03:02.822388+00"
"113771",8558,"2026-03-06 02:39:28.171+00","40.23048170","71.74351170",NULL,"16.00",NULL,NULL,NULL,NULL,False,NULL,NULL,"48.33","2026-03-06 09:03:02.822387+00"
"113768",8558,"2026-03-06 02:39:25.174+00","40.23009000","71.74326500",NULL,"15.81",NULL,NULL,NULL,NULL,False,NULL,NULL,"47.62","2026-03-06 09:03:02.822383+00"
"113769",8558,"2026-03-06 02:39:25.174+00","40.23009000","71.74326500",NULL,"15.81",NULL,NULL,NULL,NULL,False,NULL,NULL,"0.00","2026-03-06 09:03:02.822386+00"
"113770",8558,"2026-03-06 02:39:25.174+00","40.23009000","71.74326500",NULL,"15.81",NULL,NULL,NULL,NULL,False,NULL,NULL,"0.00","2026-03-06 09:03:02.822386+00"
"113767",8558,"2026-03-06 02:39:22.173+00","40.22970170","71.74302830",NULL,"15.61",NULL,NULL,NULL,NULL,False,NULL,NULL,"47.11","2026-03-06 09:03:02.822382+00"
"113766",8558,"2026-03-06 02:39:19.174+00","40.22931330","71.74280670",NULL,"15.60",NULL,NULL,NULL,NULL,False,NULL,NULL,"0.00","2026-03-06 09:03:02.822381+00"
"113764",8558,"2026-03-06 02:39:19.174+00","40.22931330","71.74280670",NULL,"15.60",NULL,NULL,NULL,NULL,False,NULL,NULL,"46.59","2026-03-06 09:03:01.844948+00"
"113765",8558,"2026-03-06 02:39:19.174+00","40.22931330","71.74280670",NULL,"15.60",NULL,NULL,NULL,NULL,False,NULL,NULL,"0.00","2026-03-06 09:03:01.844948+00"
"113763",8558,"2026-03-06 02:39:16.172+00","40.22893170","71.74258000",NULL,"15.41",NULL,NULL,NULL,NULL,False,NULL,NULL,"45.65","2026-03-06 09:03:01.844948+00"
"113760",8558,"2026-03-06 02:39:13.175+00","40.22856000","71.74235170",NULL,"14.91",NULL,NULL,NULL,NULL,False,NULL,NULL,"45.07","2026-03-06 09:03:01.844946+00"
"113761",8558,"2026-03-06 02:39:13.175+00","40.22856000","71.74235170",NULL,"14.91",NULL,NULL,NULL,NULL,False,NULL,NULL,"0.00","2026-03-06 09:03:01.844947+00"
"113762",8558,"2026-03-06 02:39:13.175+00","40.22856000","71.74235170",NULL,"14.91",NULL,NULL,NULL,NULL,False,NULL,NULL,"0.00","2026-03-06 09:03:01.844947+00"
"113759",8558,"2026-03-06 02:39:10.174+00","40.22819170","71.74213000",NULL,"14.31",NULL,NULL,NULL,NULL,False,NULL,NULL,"44.29","2026-03-06 09:03:01.844946+00"
"113756",8558,"2026-03-06 02:39:07.176+00","40.22783170","71.74190670",NULL,"14.28",NULL,NULL,NULL,NULL,False,NULL,NULL,"44.01","2026-03-06 09:03:01.844945+00"
"113757",8558,"2026-03-06 02:39:07.176+00","40.22783170","71.74190670",NULL,"14.28",NULL,NULL,NULL,NULL,False,NULL,NULL,"0.00","2026-03-06 09:03:01.844945+00"
"113758",8558,"2026-03-06 02:39:07.176+00","40.22783170","71.74190670",NULL,"14.28",NULL,NULL,NULL,NULL,False,NULL,NULL,"0.00","2026-03-06 09:03:01.844945+00"
"113755",8558,"2026-03-06 02:39:04.17+00","40.22747330","71.74168670",NULL,"14.62",NULL,NULL,NULL,NULL,False,NULL,NULL,"45.30","2026-03-06 09:03:01.844945+00"
"113751",8558,"2026-03-06 02:39:01.174+00","40.22710330","71.74146330",NULL,"14.02",NULL,NULL,NULL,NULL,False,NULL,NULL,"38.16","2026-03-06 09:03:01.844944+00"
"113752",8558,"2026-03-06 02:39:01.174+00","40.22710330","71.74146330",NULL,"14.02",NULL,NULL,NULL,NULL,False,NULL,NULL,"0.00","2026-03-06 09:03:01.844944+00"
"113753",8558,"2026-03-06 02:39:01.174+00","40.22710330","71.74146330",NULL,"14.02",NULL,NULL,NULL,NULL,False,NULL,NULL,"0.00","2026-03-06 09:03:01.844944+00"
"113754",8558,"2026-03-06 02:39:01.174+00","40.22710330","71.74146330",NULL,"14.02",NULL,NULL,NULL,NULL,False,NULL,NULL,"0.00","2026-03-06 09:03:01.844944+00"
"113750",8558,"2026-03-06 02:38:58.173+00","40.22679170","71.74127500",NULL,"10.84",NULL,NULL,NULL,NULL,False,NULL,NULL,"30.87","2026-03-06 09:03:01.844943+00"
"113746",8558,"2026-03-06 02:38:55.174+00","40.22654000","71.74112170",NULL,"9.39",NULL,NULL,NULL,NULL,False,NULL,NULL,"28.53","2026-03-06 09:03:01.844943+00"
"113747",8558,"2026-03-06 02:38:55.174+00","40.22654000","71.74112170",NULL,"9.39",NULL,NULL,NULL,NULL,False,NULL,NULL,"0.00","2026-03-06 09:03:01.844943+00"
"113748",8558,"2026-03-06 02:38:55.174+00","40.22654000","71.74112170",NULL,"9.39",NULL,NULL,NULL,NULL,False,NULL,NULL,"0.00","2026-03-06 09:03:01.844943+00"
"113749",8558,"2026-03-06 02:38:55.174+00","40.22654000","71.74112170",NULL,"9.39",NULL,NULL,NULL,NULL,False,NULL,NULL,"0.00","2026-03-06 09:03:01.844943+00"
"113744",8558,"2026-03-06 02:38:51.174+00","40.22631170","71.74096830",NULL,"4.40",NULL,NULL,NULL,NULL,False,NULL,NULL,"12.07","2026-03-06 09:03:01.844942+00"
"113745",8558,"2026-03-06 02:38:51.174+00","40.22631170","71.74096830",NULL,"4.40",NULL,NULL,NULL,NULL,False,NULL,NULL,"0.00","2026-03-06 09:03:01.844942+00"
"113741",8558,"2026-03-06 02:38:35.173+00","40.22626500","71.74084000",NULL,"1.85",NULL,NULL,NULL,NULL,False,NULL,NULL,"31.31","2026-03-06 09:03:01.844941+00"
"113742",8558,"2026-03-06 02:38:35.173+00","40.22626500","71.74084000",NULL,"1.85",NULL,NULL,NULL,NULL,False,NULL,NULL,"0.00","2026-03-06 09:03:01.844941+00"
"113743",8558,"2026-03-06 02:38:35.173+00","40.22626500","71.74084000",NULL,"1.85",NULL,NULL,NULL,NULL,False,NULL,NULL,"0.00","2026-03-06 09:03:01.844942+00"
"113737",8558,"2026-03-06 02:38:27.174+00","40.22644670","71.74055830",NULL,"11.63",NULL,NULL,NULL,NULL,False,NULL,NULL,"40.07","2026-03-06 09:03:01.84494+00"
"113738",8558,"2026-03-06 02:38:27.174+00","40.22644670","71.74055830",NULL,"11.63",NULL,NULL,NULL,NULL,False,NULL,NULL,"0.00","2026-03-06 09:03:01.84494+00"
"113739",8558,"2026-03-06 02:38:27.174+00","40.22644670","71.74055830",NULL,"11.63",NULL,NULL,NULL,NULL,False,NULL,NULL,"0.00","2026-03-06 09:03:01.84494+00"
"113740",8558,"2026-03-06 02:38:27.174+00","40.22644670","71.74055830",NULL,"11.63",NULL,NULL,NULL,NULL,False,NULL,NULL,"0.00","2026-03-06 09:03:01.84494+00"
"113735",8558,"2026-03-06 02:38:24.174+00","40.22667670","71.74019500",NULL,"14.56",NULL,NULL,NULL,NULL,False,NULL,NULL,"30.61","2026-03-06 09:03:01.844939+00"
"113736",8558,"2026-03-06 02:38:24.174+00","40.22667670","71.74019500",NULL,"14.56",NULL,NULL,NULL,NULL,False,NULL,NULL,"0.00","2026-03-06 09:03:01.844939+00"
"113734",8558,"2026-03-06 02:38:22.172+00","40.22683500","71.73990000",NULL,"15.15",NULL,NULL,NULL,NULL,False,NULL,NULL,"48.32","2026-03-06 09:03:01.844939+00"
"113731",8558,"2026-03-06 02:38:19.174+00","40.22698330","71.73936500",NULL,"16.09",NULL,NULL,NULL,NULL,False,NULL,NULL,"48.07","2026-03-06 09:03:01.844938+00"
"113732",8558,"2026-03-06 02:38:19.174+00","40.22698330","71.73936500",NULL,"16.09",NULL,NULL,NULL,NULL,False,NULL,NULL,"0.00","2026-03-06 09:03:01.844938+00"
"113733",8558,"2026-03-06 02:38:19.174+00","40.22698330","71.73936500",NULL,"16.09",NULL,NULL,NULL,NULL,False,NULL,NULL,"0.00","2026-03-06 09:03:01.844939+00"
"113730",8558,"2026-03-06 02:38:16.172+00","40.22702670","71.73880170",NULL,"15.19",NULL,NULL,NULL,NULL,False,NULL,NULL,"43.87","2026-03-06 09:03:01.844938+00"
"113726",8558,"2026-03-06 02:38:13.174+00","40.22703000","71.73828500",NULL,"13.02",NULL,NULL,NULL,NULL,False,NULL,NULL,"36.65","2026-03-06 09:03:01.844937+00"
"113727",8558,"2026-03-06 02:38:13.174+00","40.22703000","71.73828500",NULL,"13.02",NULL,NULL,NULL,NULL,False,NULL,NULL,"0.00","2026-03-06 09:03:01.844937+00"
"113728",8558,"2026-03-06 02:38:13.174+00","40.22703000","71.73828500",NULL,"13.02",NULL,NULL,NULL,NULL,False,NULL,NULL,"0.00","2026-03-06 09:03:01.844937+00"
"113729",8558,"2026-03-06 02:38:13.174+00","40.22703000","71.73828500",NULL,"13.02",NULL,NULL,NULL,NULL,False,NULL,NULL,"0.00","2026-03-06 09:03:01.844937+00"
"113725",8558,"2026-03-06 02:38:10.171+00","40.22703330","71.73785330",NULL,"11.11",NULL,NULL,NULL,NULL,False,NULL,NULL,"30.28","2026-03-06 09:03:01.844936+00"
"113723",8558,"2026-03-06 02:38:07.174+00","40.22702830","71.73749670",NULL,"8.00",NULL,NULL,NULL,NULL,False,NULL,NULL,"21.23","2026-03-06 09:03:01.844934+00"
"113724",8558,"2026-03-06 02:38:07.174+00","40.22702830","71.73749670",NULL,"8.00",NULL,NULL,NULL,NULL,False,NULL,NULL,"0.00","2026-03-06 09:03:01.844934+00"
"113718",8558,"2026-03-06 02:38:04.171+00","40.22703330","71.73724670",NULL,"6.43",NULL,NULL,NULL,NULL,False,NULL,NULL,"550.05","2026-03-06 09:03:01.844932+00"
"113719",8558,"2026-03-06 02:38:04.171+00","40.22703330","71.73724670",NULL,"6.43",NULL,NULL,NULL,NULL,False,NULL,NULL,"0.00","2026-03-06 09:03:01.844933+00"
"113720",8558,"2026-03-06 02:38:04.171+00","40.22703330","71.73724670",NULL,"6.43",NULL,NULL,NULL,NULL,False,NULL,NULL,"0.00","2026-03-06 09:03:01.844933+00"
"113721",8558,"2026-03-06 02:38:04.171+00","40.22703330","71.73724670",NULL,"6.43",NULL,NULL,NULL,NULL,False,NULL,NULL,"0.00","2026-03-06 09:03:01.844933+00"
"113722",8558,"2026-03-06 02:38:04.171+00","40.22703330","71.73724670",NULL,"6.43",NULL,NULL,NULL,NULL,False,NULL,NULL,"0.00","2026-03-06 09:03:01.844934+00"
